quantity,codex_value,claimed_value,agreement_decimals
I_0,1.000000000000000,1.000000000000000,15
I_1,0.693147180559945,0.693147180559945,15
I_2,0.147220676960922,0.147220676900000,9
I_3,0.014886346728220,0.014886346700000,10
I_4,0.000874477749730,0.000874480000000,8
V,0.440029038059253,0.440030000000000,5
rho=V/2,0.220014519029626,0.220015000000000,6
integral_C,0.294441353918483,0.294441353918482,15
C,0.227036748199648,0.227036748199648,15
