move,player,x,killed_now,top_live
1,P,8648640,1,4999999
2,S,3,3333331,3333333
3,P,6806800,1,3333332
4,S,5,1333332,2666666
5,P,5173168,1,2666665
6,S,7,761903,2285713
7,P,5912192,1,2285712
8,S,11,415582,2077921
9,P,6180928,1,2077920
10,S,13,319678,1918081
11,P,6894112,1,1918080
12,S,19,201902,1817127
13,P,5624144,1,1817126
14,S,23,158009,1738123
15,P,9047536,1,1738122
16,S,29,119870,1678190
17,P,6019456,1,1678189
18,S,31,108270,1624056
19,P,8349568,1,1624055
20,S,37,87794,1580160
21,P,7672576,1,1580159
22,S,41,77093,1541612
23,P,6855232,1,1541611
24,S,47,65612,1508789
25,P,8605504,1,1508788
26,S,53,56937,1480292
27,P,7831424,1,1480291
28,S,59,50160,1455169
29,P,8893312,1,1455168
30,S,61,47667,1431289
31,P,5175616,1,1431288
32,S,67,42645,1409917
33,P,5639104,1,1409916
34,S,71,39599,1390064
35,P,7935392,1,1390063
36,S,73,37938,1371052
37,P,9022432,1,1371051
38,S,79,34522,1353759
39,P,8037056,1,1353758
40,S,89,30228,1338627
41,P,8759488,1,1338626
42,S,97,27399,1324918
43,P,9175648,1,1324917
44,S,103,25524,1312165
45,P,8090912,1,1312164
46,S,109,23863,1300261
47,P,7806944,1,1300260
48,S,127,20295,1290168
49,P,9763168,1,1290167
50,S,137,18678,1280894
51,P,7637216,1,1280893
52,S,139,18281,1271836
53,P,8672992,1,1271835
54,S,149,16951,1263459
55,P,9282272,1,1263458
56,S,151,16633,1255256
57,P,7088864,1,1255255
58,S,157,15918,1247420
59,P,8955872,1,1247419
60,S,163,15254,1239926
61,P,6621568,1,1239925
62,S,167,14827,1232656
63,P,6399616,1,1232655
64,S,173,14270,1225666
65,P,8374336,1,1225665
66,S,179,13738,1218958
67,P,8172512,1,1218957
68,S,181,13537,1212356
69,P,8935744,1,1212355
70,S,191,12801,1206121
71,P,7139456,1,1206120
72,S,193,12632,1199974
73,P,6858752,1,1199973
74,S,197,12339,1193972
75,P,7625248,1,1193971
76,S,199,12183,1188041
77,P,8052832,1,1188040
78,S,211,11487,1182453
79,P,6128704,1,1182452
80,S,223,10874,1177156
81,P,7197664,1,1177155
82,S,227,10672,1171955
83,P,7972864,1,1171954
84,S,229,10563,1166804
85,P,5450336,1,1166803
86,S,233,10366,1161739
87,P,5914912,1,1161738
88,S,239,10092,1156810
89,P,8915072,1,1156809
90,S,241,9989,1151931
91,P,9656272,1,1151930
92,S,251,9592,1147245
93,P,9157424,1,1147244
94,S,257,9352,1142672
95,P,9371216,1,1142671
96,S,263,9132,1138205
97,P,8698288,1,1138204
98,S,269,8924,1133839
99,P,8061808,1,1133838
100,S,271,8838,1129514
101,P,8178224,1,1129513
102,S,277,8631,1125289
103,P,8636816,1,1125288
104,S,281,8496,1121128
105,P,7774576,1,1121127
106,S,283,8417,1117006
107,P,6853856,1,1117005
108,S,293,8123,1113025
109,P,8433904,1,1113024
110,S,307,7748,1109227
111,P,9051344,1,1109226
112,S,311,7634,1105487
113,P,9620368,1,1105486
114,S,313,7571,1101777
115,P,7415264,1,1101776
116,S,317,7472,1098112
117,P,7742752,1,1098111
118,S,331,7152,1094595
119,P,7883104,1,1094594
120,S,337,7016,1091137
121,P,6788032,1,1091136
122,S,347,6803,1087776
123,P,7879024,1,1087775
124,S,349,6755,1084440
125,P,8257376,1,1084439
126,S,353,6670,1081146
127,P,6249472,1,1081145
128,S,359,6555,1077901
129,P,6388736,1,1077900
130,S,367,6393,1074730
131,P,8420848,1,1074729
132,S,373,6289,1071608
133,P,7009984,1,1071607
134,S,379,6179,1068538
135,P,8646608,1,1068537
136,S,383,6106,1065502
137,P,7194944,1,1065501
138,S,389,6003,1062512
139,P,9286624,1,1062511
140,S,401,5813,1059610
141,P,9004544,1,1059609
142,S,409,5697,1056761
143,P,7293952,1,1056760
144,S,419,5556,1053984
145,P,9848032,1,1053983
146,S,431,5397,1051279
147,P,7537664,1,1051278
148,S,439,5295,1048622
149,P,8193728,1,1048621
150,S,443,5239,1045990
151,P,9540352,1,1045989
152,S,449,5160,1043397
153,P,9710336,1,1043396
154,S,457,5062,1040852
155,P,8025088,1,1040851
156,S,463,4982,1038344
157,P,8129536,1,1038343
158,S,479,4805,1035924
159,P,8477696,1,1035923
160,S,491,4685,1033557
161,P,8686592,1,1033556
162,S,503,4567,1031250
163,P,8860672,1,1031249
164,S,521,4395,1029021
165,P,9104384,1,1029020
166,S,541,4233,1026862
167,P,9522176,1,1026861
168,S,557,4097,1024770
169,P,9800704,1,1024769
170,S,569,4005,1022720
171,P,9939968,1,1022719
172,S,577,3936,1020703
173,P,8962672,1,1020702
174,S,587,3865,1018720
175,P,6910976,1,1018719
176,S,593,3818,1016761
177,P,7328768,1,1016760
178,S,599,3776,1014819
179,P,8008768,1,1014818
180,S,601,3760,1012886
181,P,9121792,1,1012885
182,S,607,3713,1010973
183,P,8526656,1,1010972
184,S,613,3671,1009079
185,P,8637632,1,1009078
186,S,617,3644,1007196
187,P,9007552,1,1007195
188,S,619,3626,1005320
189,P,9229504,1,1005319
190,S,631,3550,1003481
191,P,8556032,1,1003480
192,S,641,3485,1001675
193,P,8503808,1,1001674
194,S,643,3470,999875
195,P,8451584,1,999874
196,S,647,3445,998087
197,P,8416768,1,998086
198,S,653,3405,996318
199,P,8294912,1,996317
200,S,659,3366,994568
201,P,8242688,1,994567
202,S,661,3349,992826
203,P,8190464,1,992825
204,S,673,3275,991116
205,P,8155648,1,991115
206,S,677,3251,989418
207,P,8086016,1,989417
208,S,683,3214,987739
209,P,7998976,1,987738
210,S,691,3168,986084
211,P,7929344,1,986083
212,S,701,3118,984452
213,P,7894528,1,984451
214,S,709,3078,982836
215,P,7720448,1,982835
216,S,719,3025,981245
217,P,7685632,1,981244
218,S,727,2981,979675
219,P,7668224,1,979674
220,S,733,2943,978122
221,P,7633408,1,978121
222,S,739,2915,976582
223,P,7511552,1,976581
224,S,743,2894,975051
225,P,7476736,1,975050
226,S,751,2854,973537
227,P,7459328,1,973536
228,S,757,2824,972037
229,P,7424512,1,972036
230,S,761,2802,970548
231,P,7302656,1,970547
232,S,769,2767,969075
233,P,7215616,1,969074
234,S,773,2745,967612
235,P,7198208,1,967611
236,S,787,2690,966174
237,P,7163392,1,966173
238,S,797,2648,964755
239,P,7145984,1,964754
240,S,809,2600,963362
241,P,7058944,1,963361
242,S,991,2107,962214
243,P,8677888,1,962213
244,S,1009,2071,961082
245,P,9414464,1,961081
246,S,1013,2057,959955
247,P,8869376,1,959954
248,S,1021,2033,958839
249,P,9673408,1,958838
250,S,1031,2006,957736
251,P,8991232,1,957735
252,S,1039,1987,956643
253,P,9130496,1,956642
254,S,1051,1958,955562
255,P,9234944,1,955561
256,S,1063,1929,954497
320,S,1307,1431,925062
384,S,1559,1043,901736
448,S,2137,656,884121
512,S,2417,510,872435
576,S,2693,392,863530
640,S,2927,297,856973
704,S,3229,219,852690
768,S,4337,214,849106
832,S,4723,198,845678
896,S,4951,179,842490
960,S,5119,169,839598
1024,S,5381,152,836932
1088,S,5659,139,834519
1152,S,5857,128,832280
1216,S,6151,112,830270
1280,S,6427,108,828414
1344,S,6719,108,826558
1408,S,7157,102,824708
1472,S,9209,97,822935
1536,S,9613,92,821245
1600,S,9829,88,819612
1664,S,10223,85,818032
1728,S,10357,81,816557
1792,S,7286,75,815222
1856,S,7754,74,814202
1920,S,8266,74,813242
1984,S,8986,73,812232
2048,S,11213,70,811073
2112,S,11503,66,809927
2176,S,11863,60,808909
2240,S,11939,58,807995
2304,S,12197,54,807190
2368,S,12703,51,806454
2432,S,12743,51,805718
2496,S,13151,51,804982
2560,S,13469,51,804246
2624,S,14254,46,803579
2688,S,14108,45,803020
2752,S,15046,45,802451
2816,S,15518,44,801875
2880,S,16574,44,801299
2944,S,17734,43,800707
3008,S,18913,43,800103
3072,S,15832,41,799494
3136,S,19687,39,798939
3200,S,20261,38,798407
3264,S,20441,38,797895
3328,S,20599,37,797408
3392,S,21157,37,796928
3456,S,21587,36,796450
3520,S,18037,35,796015
3584,S,22063,35,795601
3648,S,22567,34,795185
3712,S,22741,34,794769
3776,S,23003,34,794353
3840,S,23339,33,793947
3904,S,23581,32,793563
3968,S,23761,31,793189
4032,S,24109,31,792837
4096,S,24733,31,792485
4160,S,24841,30,792133
4224,S,24943,30,791781
4288,S,25409,29,791457
4352,S,25981,29,791137
4416,S,26317,29,790817
4480,S,26713,29,790497
4544,S,26393,29,790177
4608,S,26903,29,789857
4672,S,27701,29,789537
4736,S,27329,29,789217
4800,S,27758,28,788927
4864,S,28442,28,788639
4928,S,29098,27,788351
4992,S,29642,27,788063
5056,S,30298,26,787771
5120,S,31466,26,787483
5184,S,32726,26,787195
5248,S,34042,26,786907
5312,S,34508,25,786649
5376,S,31852,25,786393
5440,S,34051,25,786151
5504,S,37003,25,785865
5568,S,37799,25,785577
5632,S,37483,25,785289
5696,S,34756,24,785028
5760,S,34288,23,784819
5824,S,39509,23,784534
5888,S,39181,23,784246
5952,S,41257,23,783958
6016,S,40949,23,783670
6080,S,40597,23,783382
6144,S,40213,23,783094
6208,S,39869,23,782806
6272,S,41543,23,782518
6336,S,42667,23,782230
6400,S,42349,23,781942
6464,S,42019,23,781654
6528,S,43591,23,781366
6592,S,43177,23,781078
6656,S,43973,23,780790
6720,S,44171,23,780502
6784,S,44647,22,780214
6848,S,44273,22,779926
6912,S,46471,22,779638
6976,S,46103,22,779350
7040,S,45751,22,779062
7104,S,45361,22,778774
7168,S,44987,22,778486
7232,S,47237,21,778203
7296,S,46829,21,777915
7360,S,49277,21,777627
7424,S,48953,21,777339
7488,S,48611,21,777051
7552,S,48271,21,776763
7616,S,47903,21,776475
7680,S,47569,21,776187
7744,S,50093,20,775903
7808,S,49783,20,775615
7872,S,50647,20,775327
7936,S,50287,20,775039
8000,S,51511,20,774751
8064,S,51203,20,774463
8128,S,50849,20,774175
8192,S,52067,20,773887
8256,S,55171,20,773599
8320,S,54787,20,773311
8384,S,54469,20,773023
8448,S,54121,20,772735
8512,S,53773,20,772447
8576,S,53407,20,772159
8640,S,53077,20,771871
8704,S,52721,20,771583
8768,S,52361,20,771295
8832,S,55589,20,771007
8896,S,57751,20,770719
8960,S,57383,20,770431
9024,S,57073,20,770143
9088,S,56767,20,769855
9152,S,56453,20,769567
9216,S,56093,20,769279
9280,S,58027,20,768991
9344,S,59771,19,768724
9408,S,59443,19,768436
9472,S,59119,19,768148
9536,S,58771,19,767860
9600,S,58411,19,767572
9664,S,60167,19,767284
9728,S,61283,18,766996
9792,S,60887,18,766708
9856,S,60521,18,766420
9920,S,63611,18,766132
9984,S,63331,18,765844
10048,S,62929,18,765556
10112,S,62563,18,765268
10176,S,62171,18,764980
10240,S,61819,18,764692
10304,S,61487,18,764404
10368,S,76253,17,764128
10432,S,75869,17,763840
10496,S,75539,17,763552
10560,S,75193,17,763264
10624,S,74821,17,762976
10688,S,74201,17,762688
10752,S,74378,16,762407
10816,S,72532,16,762166
10880,S,69884,16,761942
10944,S,68132,16,761718
11008,S,65644,16,761494
11072,S,62996,16,761270
11136,S,60748,16,761046
11200,S,71564,16,760822
11264,S,76378,15,760610
11328,S,77134,15,760386
11392,S,77734,15,760162
11456,S,78643,15,759933
11520,S,78241,15,759677
11584,S,88223,15,759421
11648,S,87793,15,759165
11712,S,87509,15,758909
11776,S,87121,15,758653
11840,S,86729,15,758397
11904,S,86353,15,758141
11968,S,86027,15,757885
12032,S,85621,15,757629
12096,S,85243,15,757373
12160,S,84871,15,757117
12224,S,84499,15,756861
12288,S,84179,15,756605
12352,S,83773,15,756349
12416,S,83401,15,756093
12480,S,83023,15,755837
12544,S,82613,15,755581
12608,S,82261,15,755325
12672,S,81943,15,755069
12736,S,81611,15,754813
12800,S,81203,15,754557
12864,S,80909,15,754301
12928,S,80599,15,754045
12992,S,80207,15,753789
13056,S,79843,15,753533
13120,S,79493,15,753277
13184,S,79151,15,753021
13248,S,78779,15,752765
13312,S,77092,14,752577
13376,S,91571,14,752376
13440,S,91193,14,752152
13504,S,90833,14,751928
13568,S,90437,14,751704
13632,S,90071,14,751480
13696,S,89779,14,751256
13760,S,89431,14,751032
13824,S,89071,14,750808
13888,S,88771,14,750584
13952,S,93283,14,750360
14016,S,92941,14,750136
14080,S,92641,14,749912
14144,S,92317,14,749688
14208,S,91957,14,749464
14272,S,96973,13,749262
14336,S,96587,13,749070
14400,S,96221,13,748878
14464,S,95819,13,748686
14528,S,95479,13,748494
14592,S,95153,13,748302
14656,S,94811,13,748110
14720,S,94441,13,747918
14784,S,94079,13,747726
14848,S,93703,13,747534
14912,S,98909,13,747342
14976,S,98543,13,747150
15040,S,98207,13,746958
15104,S,97789,13,746766
15168,S,97387,13,746574
15232,S,75121,12,746395
15296,S,102881,12,746220
15360,S,102499,12,746060
15424,S,102139,12,745900
15488,S,101833,12,745740
15552,S,101483,12,745580
15616,S,101141,12,745420
15680,S,100747,12,745260
15744,S,100379,12,745100
15808,S,99971,12,744940
15872,S,99611,12,744780
15936,S,99233,12,744620
16000,S,112253,12,744460
16064,S,111893,12,744300
16128,S,111539,12,744140
16192,S,111143,12,743980
16256,S,110807,12,743820
16320,S,110459,12,743660
16384,S,109961,12,743500
16448,S,109597,12,743340
16512,S,109267,12,743180
16576,S,108923,12,743020
16640,S,108541,12,742860
16704,S,108191,12,742700
16768,S,107839,12,742540
16832,S,107357,12,742380
16896,S,106963,12,742220
16960,S,106661,12,742060
17024,S,106303,12,741900
17088,S,105943,12,741740
17152,S,105527,12,741580
17216,S,105199,12,741420
17280,S,104773,12,741260
17344,S,104459,12,741100
17408,S,104059,12,740940
17472,S,103687,12,740780
17536,S,103319,12,740620
17600,S,116089,12,740460
17664,S,115769,12,740300
17728,S,115361,12,740140
17792,S,115013,12,739980
17856,S,114643,12,739820
17920,S,114217,12,739660
17984,S,113843,12,739500
18048,S,113417,12,739340
18112,S,113089,12,739180
18176,S,112757,12,739020
18240,S,67313,11,738861
18304,S,16711,11,738675
18368,S,18751,11,738509
18432,S,115436,10,738409
18496,S,113644,10,738313
18560,S,60503,10,738198
18624,S,83527,9,738043
18688,S,119452,9,737939
18752,S,117892,9,737843
18816,S,116668,9,737747
18880,S,153014,8,737651
18944,S,148354,8,737555
19008,S,153214,8,737459
19072,S,154006,8,737363
19136,S,154702,8,737267
19200,S,155318,8,737171
19264,S,156034,8,737075
19328,S,145876,8,737004
19392,S,144388,8,736940
19456,S,143188,8,736876
19520,S,141604,8,736812
19584,S,138364,8,736748
19648,S,137132,8,736684
19712,S,135644,8,736620
19776,S,134404,8,736556
19840,S,133268,8,736492
19904,S,131932,8,736428
19968,S,130532,8,736364
20032,S,129436,8,736300
20096,S,128236,8,736236
20160,S,126668,8,736172
20224,S,125276,8,736108
20288,S,124132,8,736044
20352,S,122788,8,735980
20416,S,121292,8,735916
20480,S,139676,8,735852
20544,S,33779,8,735788
20608,S,163733,8,735688
20672,S,163337,8,735560
20736,S,162937,8,735432
20800,S,162611,8,735304
20864,S,162221,8,735176
20928,S,161771,8,735048
20992,S,161387,8,734920
21056,S,160997,8,734792
21120,S,160639,8,734664
21184,S,160217,8,734536
21248,S,159833,8,734408
21312,S,159503,8,734280
21376,S,159157,8,734152
21440,S,158663,8,734024
21504,S,158303,8,733896
21568,S,157877,8,733768
21632,S,157477,8,733640
21696,S,157163,8,733512
21760,S,156733,8,733384
21824,S,156347,8,733256
21888,S,169199,8,733128
21952,S,168769,8,733000
22016,S,168347,8,732872
22080,S,167899,8,732744
22144,S,167471,8,732616
22208,S,167107,8,732488
22272,S,166799,8,732360
22336,S,166399,8,732232
22400,S,165961,8,732104
22464,S,165559,8,731976
22528,S,165203,8,731848
22592,S,164707,8,731720
22656,S,164321,8,731592
22720,S,163981,8,731464
22784,S,188303,8,731336
22848,S,187871,8,731208
22912,S,187423,8,731080
22976,S,187111,8,730952
23040,S,186701,8,730824
23104,S,186259,8,730696
23168,S,185947,8,730568
23232,S,185599,8,730440
23296,S,185221,8,730312
23360,S,184859,8,730184
23424,S,184487,8,730056
23488,S,184073,8,729928
23552,S,183661,8,729800
23616,S,183319,8,729672
23680,S,182899,8,729544
23744,S,182549,8,729416
23808,S,182159,8,729288
23872,S,181837,8,729160
23936,S,181421,8,729032
24000,S,181001,8,728904
24064,S,180491,8,728776
24128,S,180077,8,728648
24192,S,179749,8,728520
24256,S,179437,8,728392
24320,S,179057,8,728264
24384,S,178697,8,728136
24448,S,178361,8,728008
24512,S,177967,8,727880
24576,S,177533,8,727752
24640,S,177109,8,727624
24704,S,176713,8,727496
24768,S,176389,8,727368
24832,S,176053,8,727240
24896,S,175723,8,727112
24960,S,175303,8,726984
25024,S,174821,8,726856
25088,S,174431,8,726728
25152,S,174049,8,726600
25216,S,173687,8,726472
25280,S,173263,8,726344
25344,S,172853,8,726216
25408,S,172507,8,726088
25472,S,172153,8,725960
25536,S,171757,8,725832
25600,S,171401,8,725704
25664,S,170953,8,725576
25728,S,170603,8,725448
25792,S,170239,8,725320
25856,S,169889,8,725192
25920,S,169501,8,725064
25984,S,212281,8,724936
26048,S,211867,8,724808
26112,S,211469,8,724680
26176,S,211093,8,724552
26240,S,210713,8,724424
26304,S,210283,8,724296
26368,S,209971,8,724168
26432,S,209597,8,724040
26496,S,209263,8,723912
26560,S,208877,8,723784
26624,S,208463,8,723656
26688,S,208111,8,723528
26752,S,207709,8,723400
26816,S,207377,8,723272
26880,S,207013,8,723144
26944,S,206543,8,723016
27008,S,206209,8,722888
27072,S,205847,8,722760
27136,S,205441,8,722632
27200,S,205081,8,722504
27264,S,204641,8,722376
27328,S,204301,8,722248
27392,S,203869,8,722120
27456,S,203417,8,721992
27520,S,203017,8,721864
27584,S,202639,8,721736
27648,S,202201,8,721608
27712,S,201829,8,721480
27776,S,201499,8,721352
27840,S,201101,8,721224
27904,S,200671,8,721096
27968,S,200231,8,720968
28032,S,199819,8,720840
28096,S,199457,8,720712
28160,S,199021,8,720584
28224,S,198641,8,720456
28288,S,198277,8,720328
28352,S,197909,8,720200
28416,S,197521,8,720072
28480,S,197147,8,719944
28544,S,196739,8,719816
28608,S,196307,8,719688
28672,S,195931,8,719560
28736,S,195527,8,719432
28800,S,195157,8,719304
28864,S,194809,8,719176
28928,S,194353,8,719048
28992,S,193891,8,718920
29056,S,193559,8,718792
29120,S,193153,8,718664
29184,S,192799,8,718536
29248,S,192407,8,718408
29312,S,192047,8,718280
29376,S,191671,8,718152
29440,S,191281,8,718024
29504,S,190843,8,717896
29568,S,190529,8,717768
29632,S,190031,8,717640
29696,S,189661,8,717512
29760,S,189349,8,717384
29824,S,188933,8,717256
29888,S,232451,8,717128
29952,S,232007,8,717000
30016,S,231589,8,716872
30080,S,231269,8,716744
30144,S,230807,8,716616
30208,S,230383,8,716488
30272,S,230059,8,716360
30336,S,229703,8,716232
30400,S,229343,8,716104
30464,S,228953,8,715976
30528,S,228601,8,715848
30592,S,228281,8,715720
30656,S,227789,8,715592
30720,S,227459,8,715464
30784,S,227089,8,715336
30848,S,226637,8,715208
30912,S,226201,8,715080
30976,S,225809,8,714952
31040,S,225431,8,714824
31104,S,225077,8,714696
31168,S,224669,8,714568
31232,S,224261,8,714440
31296,S,223843,8,714312
31360,S,223429,8,714184
31424,S,223063,8,714056
31488,S,222713,8,713928
31552,S,222293,8,713800
31616,S,221909,8,713672
31680,S,221509,8,713544
31744,S,221093,8,713416
31808,S,220747,8,713288
31872,S,220351,8,713160
31936,S,219931,8,713032
32000,S,219613,8,712904
32064,S,219217,8,712776
32128,S,218839,8,712648
32192,S,218479,8,712520
32256,S,218081,8,712392
32320,S,217643,8,712264
32384,S,217271,8,712136
32448,S,216859,8,712008
32512,S,216481,8,711880
32576,S,216037,8,711752
32640,S,215587,8,711624
32704,S,215191,8,711496
32768,S,214759,8,711368
32832,S,214399,8,711240
32896,S,214007,8,711112
32960,S,213611,8,710984
33024,S,213217,8,710856
33088,S,212851,8,710728
33152,S,72301,7,710598
33216,S,68017,7,710406
33280,S,63053,7,710214
33344,S,243709,7,710106
33408,S,243391,7,710010
33472,S,242911,7,709914
33536,S,242509,7,709818
33600,S,242101,7,709722
33664,S,241771,7,709626
33728,S,241391,7,709530
33792,S,241027,7,709434
33856,S,240623,7,709338
33920,S,240173,7,709242
33984,S,239831,7,709146
34048,S,239429,7,709050
34112,S,239017,7,708954
34176,S,238639,7,708858
34240,S,238229,7,708762
34304,S,237901,7,708666
34368,S,237379,7,708570
34432,S,237011,7,708474
34496,S,236627,7,708378
34560,S,236167,7,708282
34624,S,235747,7,708186
34688,S,235273,7,708090
34752,S,234893,7,707994
34816,S,234529,7,707898
34880,S,234167,7,707802
34944,S,233693,7,707706
35008,S,233293,7,707610
35072,S,232847,7,707514
35136,S,270163,7,707418
35200,S,269719,7,707322
35264,S,269333,7,707226
35328,S,268973,7,707130
35392,S,268613,7,707034
35456,S,268091,7,706938
35520,S,267721,7,706842
35584,S,267451,7,706746
35648,S,267131,7,706650
35712,S,266689,7,706554
35776,S,266291,7,706458
35840,S,265891,7,706362
35904,S,265513,7,706266
35968,S,265129,7,706170
36032,S,264763,7,706074
36096,S,264323,7,705978
36160,S,263927,7,705882
36224,S,263533,7,705786
36288,S,263171,7,705690
36352,S,262723,7,705594
36416,S,262337,7,705498
36480,S,261971,7,705402
36544,S,261523,7,705306
36608,S,261059,7,705210
36672,S,260671,7,705114
36736,S,260231,7,705018
36800,S,259813,7,704922
36864,S,259429,7,704826
36928,S,258983,7,704730
36992,S,258613,7,704634
37056,S,258253,7,704538
37120,S,257867,7,704442
37184,S,257437,7,704346
37248,S,257053,7,704250
37312,S,256567,7,704154
37376,S,256129,7,704058
37440,S,255757,7,703962
37504,S,255371,7,703866
37568,S,255019,7,703770
37632,S,254699,7,703674
37696,S,254179,7,703578
37760,S,253801,7,703482
37824,S,253469,7,703386
37888,S,252979,7,703290
37952,S,252583,7,703194
38016,S,252169,7,703098
38080,S,251789,7,703002
38144,S,251393,7,702906
38208,S,251059,7,702810
38272,S,250709,7,702714
38336,S,250109,7,702618
38400,S,249749,7,702522
38464,S,249377,7,702426
38528,S,248903,7,702330
38592,S,248593,7,702234
38656,S,248201,7,702138
38720,S,247853,7,702042
38784,S,247501,7,701946
38848,S,247031,7,701850
38912,S,246689,7,701754
38976,S,246277,7,701658
39040,S,245897,7,701562
39104,S,245519,7,701466
39168,S,245087,7,701370
39232,S,244687,7,701274
39296,S,244357,7,701178
39360,S,243973,7,701082
39424,S,293717,7,700986
39488,S,293221,7,700890
39552,S,292801,7,700794
39616,S,292441,7,700698
39680,S,291997,7,700602
39744,S,291547,7,700506
39808,S,291167,7,700410
39872,S,290737,7,700314
39936,S,290399,7,700218
40000,S,290011,7,700122
40064,S,289589,7,700026
40128,S,289189,7,699930
40192,S,288877,7,699834
40256,S,288467,7,699738
40320,S,288049,7,699642
40384,S,287537,7,699546
40448,S,287137,7,699450
40512,S,286673,7,699354
40576,S,286301,7,699258
40640,S,285763,7,699162
40704,S,285433,7,699066
40768,S,284957,7,698970
40832,S,284633,7,698874
40896,S,284243,7,698778
40960,S,283859,7,698682
41024,S,283487,7,698586
41088,S,282991,7,698490
41152,S,282589,7,698394
41216,S,282143,7,698298
41280,S,281797,7,698202
41344,S,281429,7,698106
41408,S,281033,7,698010
41472,S,280697,7,697914
41536,S,280297,7,697818
41600,S,279883,7,697722
41664,S,279481,7,697626
41728,S,279007,7,697530
41792,S,278623,7,697434
41856,S,278227,7,697338
41920,S,277793,7,697242
41984,S,277373,7,697146
42048,S,276949,7,697050
42112,S,276557,7,696954
42176,S,276181,7,696858
42240,S,275813,7,696762
42304,S,275447,7,696666
42368,S,275039,7,696570
42432,S,274693,7,696474
42496,S,274201,7,696378
42560,S,273827,7,696282
42624,S,273311,7,696186
42688,S,272933,7,696090
42752,S,272477,7,695994
42816,S,272183,7,695898
42880,S,271769,7,695802
42944,S,271333,7,695706
43008,S,270931,7,695610
43072,S,270551,7,695514
43136,S,107813,6,695434
43200,S,299909,6,695334
43264,S,299063,6,695238
43328,S,298201,6,695142
43392,S,297391,6,695046
43456,S,296561,6,694950
43520,S,295787,6,694854
43584,S,294893,6,694758
43648,S,294131,6,694662
43712,S,223544,5,694564
43776,S,228824,5,694532
43840,S,48031,5,694474
43904,S,80261,5,694362
43968,S,143009,5,694310
44032,S,295226,5,694262
44096,S,296042,5,694198
44160,S,296858,5,694134
44224,S,297634,5,694070
44288,S,298238,5,694006
44352,S,298978,5,693942
44416,S,299722,5,693878
44480,S,300422,5,693814
44544,S,301174,5,693750
44608,S,301978,5,693686
44672,S,302714,5,693622
44736,S,303346,5,693558
44800,S,304078,5,693494
44864,S,304846,5,693430
44928,S,305638,5,693366
44992,S,306382,5,693302
45056,S,307066,5,693238
45120,S,307994,5,693174
45184,S,308678,5,693110
45248,S,309494,5,693046
45312,S,310306,5,692982
45376,S,311042,5,692918
45440,S,311642,5,692854
45504,S,293932,5,692794
45568,S,292244,5,692762
45632,S,287948,5,692730
45696,S,286652,5,692698
45760,S,285332,5,692666
45824,S,283924,5,692634
45888,S,282508,5,692602
45952,S,281156,5,692570
46016,S,279964,5,692538
46080,S,278612,5,692506
46144,S,276932,5,692474
46208,S,275516,5,692442
46272,S,273964,5,692410
46336,S,272284,5,692378
46400,S,271004,5,692346
46464,S,269684,5,692314
46528,S,268292,5,692282
46592,S,266932,5,692250
46656,S,265492,5,692218
46720,S,263828,5,692186
46784,S,262516,5,692154
46848,S,261172,5,692122
46912,S,259804,5,692090
46976,S,258364,5,692058
47040,S,256628,5,692026
47104,S,255092,5,691994
47168,S,289924,5,691962
47232,S,288404,5,691930
47296,S,322523,5,691886
47360,S,322093,5,691790
47424,S,321721,5,691694
47488,S,321323,5,691598
47552,S,320911,5,691502
47616,S,320477,5,691406
47680,S,320083,5,691310
47744,S,319727,5,691214
47808,S,319357,5,691118
47872,S,318979,5,691022
47936,S,318601,5,690926
48000,S,318229,5,690830
48064,S,317797,5,690734
48128,S,317453,5,690638
48192,S,317047,5,690542
48256,S,316691,5,690446
48320,S,316291,5,690350
48384,S,315893,5,690254
48448,S,315517,5,690158
48512,S,315067,5,690062
48576,S,314623,5,689966
48640,S,314233,5,689870
48704,S,313889,5,689774
48768,S,313543,5,689678
48832,S,313127,5,689582
48896,S,312701,5,689486
48960,S,344653,5,689390
49024,S,344231,5,689294
49088,S,343817,5,689198
49152,S,343411,5,689102
49216,S,343051,5,689006
49280,S,342569,5,688910
49344,S,342197,5,688814
49408,S,341777,5,688718
49472,S,341347,5,688622
49536,S,340939,5,688526
49600,S,340601,5,688430
49664,S,340169,5,688334
49728,S,339751,5,688238
49792,S,339263,5,688142
49856,S,338791,5,688046
49920,S,338383,5,687950
49984,S,338027,5,687854
50048,S,337639,5,687758
50112,S,337261,5,687662
50176,S,336827,5,687566
50240,S,336503,5,687470
50304,S,336101,5,687374
50368,S,335641,5,687278
50432,S,335173,5,687182
50496,S,334787,5,687086
50560,S,334423,5,686990
50624,S,333997,5,686894
50688,S,333563,5,686798
50752,S,333209,5,686702
50816,S,332779,5,686606
50880,S,332303,5,686510
50944,S,331921,5,686414
51008,S,331537,5,686318
51072,S,331153,5,686222
51136,S,330719,5,686126
51200,S,330311,5,686030
51264,S,329951,5,685934
51328,S,329557,5,685838
51392,S,329167,5,685742
51456,S,328709,5,685646
51520,S,328283,5,685550
51584,S,327853,5,685454
51648,S,327499,5,685358
51712,S,327163,5,685262
51776,S,326693,5,685166
51840,S,326251,5,685070
51904,S,325877,5,684974
51968,S,325487,5,684878
52032,S,325079,5,684782
52096,S,324757,5,684686
52160,S,324403,5,684590
52224,S,323987,5,684494
52288,S,323537,5,684398
52352,S,323087,5,684302
52416,S,322633,5,684206
52480,S,434411,5,684110
52544,S,434039,5,684014
52608,S,433633,5,683918
52672,S,433241,5,683822
52736,S,432833,5,683726
52800,S,432433,5,683630
52864,S,432059,5,683534
52928,S,431707,5,683438
52992,S,431269,5,683342
53056,S,430897,5,683246
53120,S,430553,5,683150
53184,S,430013,5,683054
53248,S,429683,5,682958
53312,S,429367,5,682862
53376,S,428873,5,682766
53440,S,428489,5,682670
53504,S,428027,5,682574
53568,S,427597,5,682478
53632,S,427241,5,682382
53696,S,426787,5,682286
53760,S,426383,5,682190
53824,S,425879,5,682094
53888,S,425423,5,681998
53952,S,425027,5,681902
54016,S,424639,5,681806
54080,S,424187,5,681710
54144,S,423803,5,681614
54208,S,423427,5,681518
54272,S,423061,5,681422
54336,S,422657,5,681326
54400,S,422209,5,681230
54464,S,421739,5,681134
54528,S,421361,5,681038
54592,S,420929,5,680942
54656,S,420481,5,680846
54720,S,420097,5,680750
54784,S,419609,5,680654
54848,S,419281,5,680558
54912,S,418861,5,680462
54976,S,418447,5,680366
55040,S,418069,5,680270
55104,S,417719,5,680174
55168,S,417293,5,680078
55232,S,416851,5,679982
55296,S,416407,5,679886
55360,S,415963,5,679790
55424,S,415603,5,679694
55488,S,415141,5,679598
55552,S,414767,5,679502
55616,S,414431,5,679406
55680,S,414053,5,679310
55744,S,413587,5,679214
55808,S,413111,5,679118
55872,S,412627,5,679022
55936,S,412189,5,678926
56000,S,411821,5,678830
56064,S,411473,5,678734
56128,S,411041,5,678638
56192,S,410621,5,678542
56256,S,410233,5,678446
56320,S,409831,5,678350
56384,S,409433,5,678254
56448,S,409007,5,678158
56512,S,408623,5,678062
56576,S,408211,5,677966
56640,S,407807,5,677870
56704,S,407401,5,677774
56768,S,407023,5,677678
56832,S,406531,5,677582
56896,S,406067,5,677486
56960,S,405683,5,677390
57024,S,405277,5,677294
57088,S,404843,5,677198
57152,S,404357,5,677102
57216,S,403969,5,677006
57280,S,403549,5,676910
57344,S,403063,5,676814
57408,S,402631,5,676718
57472,S,402263,5,676622
57536,S,401861,5,676526
57600,S,401347,5,676430
57664,S,400927,5,676334
57728,S,400417,5,676238
57792,S,400009,5,676142
57856,S,399601,5,676046
57920,S,399197,5,675950
57984,S,398813,5,675854
58048,S,398393,5,675758
58112,S,398033,5,675662
58176,S,397591,5,675566
58240,S,397211,5,675470
58304,S,396709,5,675374
58368,S,396311,5,675278
58432,S,395891,5,675182
58496,S,395429,5,675086
58560,S,395027,5,674990
58624,S,394633,5,674894
58688,S,394187,5,674798
58752,S,393739,5,674702
58816,S,393401,5,674606
58880,S,393031,5,674510
58944,S,392663,5,674414
59008,S,392267,5,674318
59072,S,391907,5,674222
59136,S,391487,5,674126
59200,S,391073,5,674030
59264,S,390721,5,673934
59328,S,390343,5,673838
59392,S,389947,5,673742
59456,S,389563,5,673646
59520,S,389149,5,673550
59584,S,388777,5,673454
59648,S,388301,5,673358
59712,S,387911,5,673262
59776,S,387403,5,673166
59840,S,386987,5,673070
59904,S,386501,5,672974
59968,S,386143,5,672878
60032,S,385739,5,672782
60096,S,385327,5,672686
60160,S,384913,5,672590
60224,S,384487,5,672494
60288,S,384113,5,672398
60352,S,383753,5,672302
60416,S,383321,5,672206
60480,S,382919,5,672110
60544,S,382553,5,672014
60608,S,382061,5,671918
60672,S,381607,5,671822
60736,S,381233,5,671726
60800,S,380819,5,671630
60864,S,380327,5,671534
60928,S,379913,5,671438
60992,S,379541,5,671342
61056,S,379133,5,671246
61120,S,378739,5,671150
61184,S,378289,5,671054
61248,S,377843,5,670958
61312,S,377471,5,670862
61376,S,376969,5,670766
61440,S,376633,5,670670
61504,S,376183,5,670574
61568,S,375761,5,670478
61632,S,375373,5,670382
61696,S,375049,5,670286
61760,S,374713,5,670190
61824,S,374287,5,670094
61888,S,373903,5,669998
61952,S,373363,5,669902
62016,S,372979,5,669806
62080,S,372653,5,669710
62144,S,372241,5,669614
62208,S,371837,5,669518
62272,S,371333,5,669422
62336,S,370891,5,669326
62400,S,370471,5,669230
62464,S,370021,5,669134
62528,S,369581,5,669038
62592,S,369077,5,668942
62656,S,368597,5,668846
62720,S,368153,5,668750
62784,S,367751,5,668654
62848,S,367321,5,668558
62912,S,366973,5,668462
62976,S,366547,5,668366
63040,S,366199,5,668270
63104,S,365773,5,668174
63168,S,365413,5,668078
63232,S,364997,5,667982
63296,S,364583,5,667886
63360,S,364193,5,667790
63424,S,363767,5,667694
63488,S,363397,5,667598
63552,S,363017,5,667502
63616,S,362521,5,667406
63680,S,362147,5,667310
63744,S,361787,5,667214
63808,S,361373,5,667118
63872,S,360959,5,667022
63936,S,360439,5,666926
64000,S,359987,5,666830
64064,S,359479,5,666734
64128,S,359101,5,666638
64192,S,358727,5,666542
64256,S,358327,5,666446
64320,S,357883,5,666350
64384,S,357571,5,666254
64448,S,357139,5,666158
64512,S,356693,5,666062
64576,S,356173,5,665966
64640,S,355753,5,665870
64704,S,355361,5,665774
64768,S,354971,5,665678
64832,S,354551,5,665582
64896,S,354181,5,665486
64960,S,353813,5,665390
65024,S,353429,5,665294
65088,S,352973,5,665198
65152,S,352543,5,665102
65216,S,352217,5,665006
65280,S,351797,5,664910
65344,S,351383,5,664814
65408,S,351023,5,664718
65472,S,350657,5,664622
65536,S,350179,5,664526
65600,S,349801,5,664430
65664,S,349381,5,664334
65728,S,348949,5,664238
65792,S,348547,5,664142
65856,S,348163,5,664046
65920,S,347771,5,663950
65984,S,347297,5,663854
66048,S,346939,5,663758
66112,S,346501,5,663662
66176,S,346147,5,663566
66240,S,345749,5,663470
66304,S,345413,5,663374
66368,S,344917,5,663278
66432,S,487111,5,663182
66496,S,486697,5,663086
66560,S,486349,5,662990
66624,S,485941,5,662894
66688,S,485417,5,662798
66752,S,484867,5,662702
66816,S,484373,5,662606
66880,S,483937,5,662510
66944,S,483551,5,662414
67008,S,483163,5,662318
67072,S,482707,5,662222
67136,S,482351,5,662126
67200,S,481867,5,662030
67264,S,481469,5,661934
67328,S,481073,5,661838
67392,S,480587,5,661742
67456,S,480209,5,661646
67520,S,479839,5,661550
67584,S,479387,5,661454
67648,S,478943,5,661358
67712,S,478603,5,661262
67776,S,478213,5,661166
67840,S,477809,5,661070
67904,S,477341,5,660974
67968,S,476851,5,660878
68032,S,476419,5,660782
68096,S,476009,5,660686
68160,S,475681,5,660590
68224,S,475301,5,660494
68288,S,474911,5,660398
68352,S,474497,5,660302
68416,S,474073,5,660206
68480,S,473659,5,660110
68544,S,473293,5,660014
68608,S,472831,5,659918
68672,S,472369,5,659822
68736,S,471949,5,659726
68800,S,471593,5,659630
68864,S,471179,5,659534
68928,S,470749,5,659438
68992,S,470413,5,659342
69056,S,470059,5,659246
69120,S,469627,5,659150
69184,S,469193,5,659054
69248,S,468737,5,658958
69312,S,468371,5,658862
69376,S,467977,5,658766
69440,S,467629,5,658670
69504,S,467239,5,658574
69568,S,466751,5,658478
69632,S,466283,5,658382
69696,S,465887,5,658286
69760,S,465373,5,658190
69824,S,465011,5,658094
69888,S,464687,5,657998
69952,S,464263,5,657902
70016,S,463889,5,657806
70080,S,463501,5,657710
70144,S,463093,5,657614
70208,S,462629,5,657518
70272,S,462199,5,657422
70336,S,461687,5,657326
70400,S,461269,5,657230
70464,S,460891,5,657134
70528,S,460403,5,657038
70592,S,459961,5,656942
70656,S,459463,5,656846
70720,S,459029,5,656750
70784,S,458663,5,656654
70848,S,458197,5,656558
70912,S,457697,5,656462
70976,S,457319,5,656366
71040,S,456923,5,656270
71104,S,456539,5,656174
71168,S,456047,5,656078
71232,S,455647,5,655982
71296,S,455309,5,655886
71360,S,454891,5,655790
71424,S,454417,5,655694
71488,S,454009,5,655598
71552,S,453601,5,655502
71616,S,453143,5,655406
71680,S,452597,5,655310
71744,S,452087,5,655214
71808,S,451709,5,655118
71872,S,451303,5,655022
71936,S,450881,5,654926
72000,S,450503,5,654830
72064,S,450193,5,654734
72128,S,449773,5,654638
72192,S,449353,5,654542
72256,S,448999,5,654446
72320,S,448561,5,654350
72384,S,448067,5,654254
72448,S,447637,5,654158
72512,S,447197,5,654062
72576,S,446753,5,653966
72640,S,446263,5,653870
72704,S,445799,5,653774
72768,S,445307,5,653678
72832,S,444883,5,653582
72896,S,444517,5,653486
72960,S,444113,5,653390
73024,S,443749,5,653294
73088,S,443347,5,653198
73152,S,443011,5,653102
73216,S,442619,5,653006
73280,S,442207,5,652910
73344,S,441829,5,652814
73408,S,441361,5,652718
73472,S,440983,5,652622
73536,S,440551,5,652526
73600,S,440183,5,652430
73664,S,439771,5,652334
73728,S,439409,5,652238
73792,S,438913,5,652142
73856,S,438517,5,652046
73920,S,438029,5,651950
73984,S,437539,5,651854
74048,S,437137,5,651758
74112,S,436687,5,651662
74176,S,436273,5,651566
74240,S,435839,5,651470
74304,S,435439,5,651374
74368,S,435103,5,651278
74432,S,43817,4,651181
74496,S,469298,4,651135
74560,S,222667,4,651102
74624,S,189614,4,651070
74688,S,233797,4,651038
74752,S,232787,4,651006
74816,S,135371,4,650965
74880,S,146659,4,650901
74944,S,474338,3,650844
75008,S,334822,3,650796
75072,S,334714,3,650748
75136,S,588446,3,650709
75200,S,589982,3,650677
75264,S,591746,3,650645
75328,S,593338,3,650613
75392,S,594974,3,650581
75456,S,596614,3,650549
75520,S,598382,3,650517
75584,S,600034,3,650485
75648,S,601294,3,650453
75712,S,587812,3,650405
75776,S,586172,3,650373
75840,S,584692,3,650341
75904,S,583196,3,650309
75968,S,581852,3,650277
76032,S,580148,3,650245
76096,S,578668,3,650213
76160,S,577084,3,650181
76224,S,575308,3,650149
76288,S,573956,3,650117
76352,S,572212,3,650085
76416,S,570428,3,650053
76480,S,568772,3,650021
76544,S,567332,3,649989
76608,S,566036,3,649957
76672,S,564524,3,649925
76736,S,562964,3,649893
76800,S,561644,3,649861
76864,S,560036,3,649829
76928,S,558644,3,649797
76992,S,557212,3,649765
77056,S,555452,3,649733
77120,S,553876,3,649701
77184,S,552452,3,649669
77248,S,550892,3,649637
77312,S,549412,3,649605
77376,S,547852,3,649573
77440,S,546292,3,649541
77504,S,545236,3,649509
77568,S,543596,3,649477
77632,S,542284,3,649445
77696,S,540844,3,649413
77760,S,539356,3,649381
77824,S,537476,3,649349
77888,S,536188,3,649317
77952,S,534532,3,649285
78016,S,533012,3,649253
78080,S,531452,3,649221
78144,S,530116,3,649189
78208,S,528628,3,649157
78272,S,527036,3,649125
78336,S,525524,3,649093
78400,S,523924,3,649061
78464,S,522212,3,649029
78528,S,520892,3,648997
78592,S,519212,3,648965
78656,S,517828,3,648933
78720,S,516332,3,648901
78784,S,514868,3,648869
78848,S,513556,3,648837
78912,S,511988,3,648805
78976,S,510628,3,648773
79040,S,509108,3,648741
79104,S,507356,3,648709
79168,S,505844,3,648677
79232,S,504188,3,648645
79296,S,502828,3,648613
79360,S,501316,3,648581
79424,S,499916,3,648549
79488,S,498268,3,648517
79552,S,496796,3,648485
79616,S,495268,3,648453
79680,S,493916,3,648421
79744,S,492332,3,648389
79808,S,490804,3,648357
79872,S,489292,3,648325
79936,S,487988,3,648293
80000,S,486308,3,648261
80064,S,485084,3,648229
80128,S,483596,3,648197
80192,S,482308,3,648165
80256,S,480652,3,648133
80320,S,479236,3,648101
80384,S,477788,3,648069
80448,S,476228,3,648037
80512,S,474692,3,648005
80576,S,473012,3,647973
80640,S,471524,3,647941
80704,S,470156,3,647909
80768,S,468668,3,647877
80832,S,467212,3,647845
80896,S,602054,3,647813
80960,S,602858,3,647781
81024,S,603662,3,647749
81088,S,604546,3,647717
81152,S,605494,3,647685
81216,S,606106,3,647653
81280,S,606926,3,647621
81344,S,607606,3,647589
81408,S,608422,3,647557
81472,S,609118,3,647525
81536,S,609874,3,647493
81600,S,610706,3,647461
81664,S,611438,3,647429
81728,S,612298,3,647397
81792,S,613022,3,647365
81856,S,613798,3,647333
81920,S,614554,3,647301
81984,S,615382,3,647269
82048,S,616426,3,647237
82112,S,617174,3,647205
82176,S,618038,3,647173
82240,S,618806,3,647141
82304,S,619594,3,647109
82368,S,620486,3,647077
82432,S,621386,3,647045
82496,S,622082,3,647013
82560,S,466652,3,646981
82624,S,623422,3,646949
82688,S,624322,3,646917
82752,S,342794,3,646885
82816,S,465884,3,646853
82880,S,409382,3,646820
82944,S,381562,3,646788
83008,S,263687,3,646732
83072,S,273751,3,646668
83136,S,769073,3,646595
83200,S,768629,3,646531
83264,S,768221,3,646467
83328,S,767783,3,646403
83392,S,767357,3,646339
83456,S,766891,3,646275
83520,S,766457,3,646211
83584,S,766091,3,646147
83648,S,765659,3,646083
83712,S,765241,3,646019
83776,S,764899,3,645955
83840,S,764431,3,645891
83904,S,763999,3,645827
83968,S,763601,3,645763
84032,S,763183,3,645699
84096,S,762779,3,645635
84160,S,762277,3,645571
84224,S,761807,3,645507
84288,S,761417,3,645443
84352,S,761023,3,645379
84416,S,760579,3,645315
84480,S,760211,3,645251
84544,S,759739,3,645187
84608,S,759401,3,645123
84672,S,758963,3,645059
84736,S,758561,3,644995
84800,S,758159,3,644931
84864,S,757699,3,644867
84928,S,757271,3,644803
84992,S,756709,3,644739
85056,S,756253,3,644675
85120,S,755767,3,644611
85184,S,755329,3,644547
85248,S,754937,3,644483
85312,S,754451,3,644419
85376,S,754109,3,644355
85440,S,753707,3,644291
85504,S,753307,3,644227
85568,S,752809,3,644163
85632,S,752303,3,644099
85696,S,751921,3,644035
85760,S,751567,3,643971
85824,S,751183,3,643907
85888,S,750769,3,643843
85952,S,750223,3,643779
86016,S,749843,3,643715
86080,S,749347,3,643651
86144,S,748933,3,643587
86208,S,748597,3,643523
86272,S,748133,3,643459
86336,S,747679,3,643395
86400,S,747277,3,643331
86464,S,746791,3,643267
86528,S,746303,3,643203
86592,S,745939,3,643139
86656,S,745471,3,643075
86720,S,744949,3,643011
86784,S,744493,3,642947
86848,S,743947,3,642883
86912,S,743423,3,642819
86976,S,743027,3,642755
87040,S,742549,3,642691
87104,S,742151,3,642627
87168,S,741679,3,642563
87232,S,741227,3,642499
87296,S,740737,3,642435
87360,S,740323,3,642371
87424,S,739853,3,642307
87488,S,739399,3,642243
87552,S,739087,3,642179
87616,S,738677,3,642115
87680,S,738211,3,642051
87744,S,737753,3,641987
87808,S,737339,3,641923
87872,S,736951,3,641859
87936,S,736403,3,641795
88000,S,736007,3,641731
88064,S,735529,3,641667
88128,S,735173,3,641603
88192,S,734803,3,641539
88256,S,734381,3,641475
88320,S,733937,3,641411
88384,S,733459,3,641347
88448,S,733099,3,641283
88512,S,732617,3,641219
88576,S,732181,3,641155
88640,S,731761,3,641091
88704,S,731299,3,641027
88768,S,730889,3,640963
88832,S,730537,3,640899
88896,S,729947,3,640835
88960,S,729569,3,640771
89024,S,729143,3,640707
89088,S,728747,3,640643
89152,S,728317,3,640579
89216,S,727807,3,640515
89280,S,727369,3,640451
89344,S,726989,3,640387
89408,S,726589,3,640323
89472,S,726137,3,640259
89536,S,725687,3,640195
89600,S,725209,3,640131
89664,S,724777,3,640067
89728,S,724447,3,640003
89792,S,723949,3,639939
89856,S,723529,3,639875
89920,S,723161,3,639811
89984,S,722783,3,639747
90048,S,722317,3,639683
90112,S,721909,3,639619
90176,S,721381,3,639555
90240,S,721079,3,639491
90304,S,720697,3,639427
90368,S,720257,3,639363
90432,S,719821,3,639299
90496,S,719413,3,639235
90560,S,718973,3,639171
90624,S,718463,3,639107
90688,S,718043,3,639043
90752,S,717529,3,638979
90816,S,717047,3,638915
90880,S,716629,3,638851
90944,S,716143,3,638787
91008,S,715777,3,638723
91072,S,715339,3,638659
91136,S,714919,3,638595
91200,S,714517,3,638531
91264,S,713941,3,638467
91328,S,713477,3,638403
91392,S,713117,3,638339
91456,S,712669,3,638275
91520,S,712219,3,638211
91584,S,711793,3,638147
91648,S,711371,3,638083
91712,S,710933,3,638019
91776,S,710557,3,637955
91840,S,710119,3,637891
91904,S,709739,3,637827
91968,S,709321,3,637763
92032,S,708893,3,637699
92096,S,708359,3,637635
92160,S,708011,3,637571
92224,S,707677,3,637507
92288,S,707159,3,637443
92352,S,706753,3,637379
92416,S,706309,3,637315
92480,S,705967,3,637251
92544,S,705437,3,637187
92608,S,705013,3,637123
92672,S,704663,3,637059
92736,S,704269,3,636995
92800,S,703897,3,636931
92864,S,703441,3,636867
92928,S,702991,3,636803
92992,S,702557,3,636739
93056,S,702211,3,636675
93120,S,701711,3,636611
93184,S,701377,3,636547
93248,S,700883,3,636483
93312,S,700429,3,636419
93376,S,700057,3,636355
93440,S,699521,3,636291
93504,S,699133,3,636227
93568,S,698557,3,636163
93632,S,698171,3,636099
93696,S,697687,3,636035
93760,S,697271,3,635971
93824,S,696887,3,635907
93888,S,696481,3,635843
93952,S,696019,3,635779
94016,S,695581,3,635715
94080,S,695141,3,635651
94144,S,694747,3,635587
94208,S,694349,3,635523
94272,S,693871,3,635459
94336,S,693523,3,635395
94400,S,693041,3,635331
94464,S,692581,3,635267
94528,S,692239,3,635203
94592,S,691837,3,635139
94656,S,691409,3,635075
94720,S,690953,3,635011
94784,S,690439,3,634947
94848,S,689951,3,634883
94912,S,689581,3,634819
94976,S,689107,3,634755
95040,S,688697,3,634691
95104,S,688253,3,634627
95168,S,687809,3,634563
95232,S,687431,3,634499
95296,S,687031,3,634435
95360,S,686669,3,634371
95424,S,686143,3,634307
95488,S,685733,3,634243
95552,S,685337,3,634179
95616,S,684889,3,634115
95680,S,684469,3,634051
95744,S,684017,3,633987
95808,S,683693,3,633923
95872,S,683257,3,633859
95936,S,682697,3,633795
96000,S,682259,3,633731
96064,S,681823,3,633667
96128,S,681407,3,633603
96192,S,680993,3,633539
96256,S,680509,3,633475
96320,S,680159,3,633411
96384,S,679807,3,633347
96448,S,679381,3,633283
96512,S,678959,3,633219
96576,S,678607,3,633155
96640,S,678217,3,633091
96704,S,677683,3,633027
96768,S,677213,3,632963
96832,S,676829,3,632899
96896,S,676337,3,632835
96960,S,675889,3,632771
97024,S,675463,3,632707
97088,S,675079,3,632643
97152,S,674699,3,632579
97216,S,674183,3,632515
97280,S,673649,3,632451
97344,S,673327,3,632387
97408,S,672937,3,632323
97472,S,672473,3,632259
97536,S,672073,3,632195
97600,S,671651,3,632131
97664,S,671233,3,632067
97728,S,670781,3,632003
97792,S,670363,3,631939
97856,S,669943,3,631875
97920,S,669551,3,631811
97984,S,669107,3,631747
98048,S,668677,3,631683
98112,S,668111,3,631619
98176,S,667691,3,631555
98240,S,667309,3,631491
98304,S,666811,3,631427
98368,S,666427,3,631363
98432,S,665947,3,631299
98496,S,665501,3,631235
98560,S,665089,3,631171
98624,S,664667,3,631107
98688,S,664273,3,631043
98752,S,663907,3,630979
98816,S,663539,3,630915
98880,S,663031,3,630851
98944,S,662617,3,630787
99008,S,662177,3,630723
99072,S,661721,3,630659
99136,S,661217,3,630595
99200,S,660817,3,630531
99264,S,660449,3,630467
99328,S,660061,3,630403
99392,S,659653,3,630339
99456,S,659221,3,630275
99520,S,658817,3,630211
99584,S,658351,3,630147
99648,S,657959,3,630083
99712,S,657491,3,630019
99776,S,657049,3,629955
99840,S,656609,3,629891
99904,S,656171,3,629827
99968,S,655643,3,629763
100032,S,655243,3,629699
100096,S,654817,3,629635
100160,S,654421,3,629571
100224,S,654011,3,629507
100288,S,653641,3,629443
100352,S,653143,3,629379
100416,S,652733,3,629315
100480,S,652361,3,629251
100544,S,651901,3,629187
100608,S,651481,3,629123
100672,S,651071,3,629059
100736,S,650581,3,628995
100800,S,650059,3,628931
100864,S,649657,3,628867
100928,S,649291,3,628803
100992,S,648887,3,628739
101056,S,648343,3,628675
101120,S,647987,3,628611
101184,S,647593,3,628547
101248,S,647189,3,628483
101312,S,646831,3,628419
101376,S,646301,3,628355
101440,S,645889,3,628291
101504,S,645499,3,628227
101568,S,645023,3,628163
101632,S,644669,3,628099
101696,S,644291,3,628035
101760,S,643919,3,627971
101824,S,643463,3,627907
101888,S,642997,3,627843
101952,S,642533,3,627779
102016,S,642071,3,627715
102080,S,641633,3,627651
102144,S,641167,3,627587
102208,S,640733,3,627523
102272,S,640249,3,627459
102336,S,639857,3,627395
102400,S,639487,3,627331
102464,S,638999,3,627267
102528,S,638437,3,627203
102592,S,637873,3,627139
102656,S,637489,3,627075
102720,S,637079,3,627011
102784,S,636631,3,626947
102848,S,636211,3,626883
102912,S,635809,3,626819
102976,S,635359,3,626755
103040,S,634937,3,626691
103104,S,634567,3,626627
103168,S,634181,3,626563
103232,S,633767,3,626499
103296,S,633307,3,626435
103360,S,632843,3,626371
103424,S,632371,3,626307
103488,S,632029,3,626243
103552,S,631619,3,626179
103616,S,631259,3,626115
103680,S,630803,3,626051
103744,S,630307,3,625987
103808,S,629891,3,625923
103872,S,629491,3,625859
103936,S,628997,3,625795
104000,S,628547,3,625731
104064,S,628063,3,625667
104128,S,627637,3,625603
104192,S,627163,3,625539
104256,S,626723,3,625475
104320,S,626317,3,625411
104384,S,625819,3,625347
104448,S,625319,3,625283
104512,S,861391,3,625219
104576,S,860533,3,625155
104640,S,859669,3,625091
104704,S,858787,3,625027
104768,S,857867,3,624963
104832,S,857009,3,624899
104896,S,856181,3,624835
104960,S,855331,3,624771
105024,S,854407,3,624707
105088,S,853547,3,624643
105152,S,852613,3,624579
105216,S,851671,3,624515
105280,S,850853,3,624451
105344,S,849973,3,624387
105408,S,849047,3,624323
105472,S,848213,3,624259
105536,S,847279,3,624195
105600,S,846437,3,624131
105664,S,845489,3,624067
105728,S,844601,3,624003
105792,S,843779,3,623939
105856,S,842887,3,623875
105920,S,842089,3,623811
105984,S,841193,3,623747
106048,S,840289,3,623683
106112,S,839453,3,623619
106176,S,838561,3,623555
106240,S,837631,3,623491
106304,S,836701,3,623427
106368,S,835831,3,623363
106432,S,834941,3,623299
106496,S,833933,3,623235
106560,S,833009,3,623171
106624,S,832297,3,623107
106688,S,831503,3,623043
106752,S,830579,3,622979
106816,S,829729,3,622915
106880,S,828823,3,622851
106944,S,827873,3,622787
107008,S,826957,3,622723
107072,S,826129,3,622659
107136,S,825301,3,622595
107200,S,824501,3,622531
107264,S,823651,3,622467
107328,S,822791,3,622403
107392,S,822037,3,622339
107456,S,821113,3,622275
107520,S,820319,3,622211
107584,S,819487,3,622147
107648,S,818581,3,622083
107712,S,817721,3,622019
107776,S,816857,3,621955
107840,S,815963,3,621891
107904,S,815047,3,621827
107968,S,814171,3,621763
108032,S,813283,3,621699
108096,S,812363,3,621635
108160,S,811553,3,621571
108224,S,810583,3,621507
108288,S,809827,3,621443
108352,S,809041,3,621379
108416,S,808147,3,621315
108480,S,807187,3,621251
108544,S,806177,3,621187
108608,S,805331,3,621123
108672,S,804589,3,621059
108736,S,803729,3,620995
108800,S,802787,3,620931
108864,S,801841,3,620867
108928,S,800953,3,620803
108992,S,800171,3,620739
109056,S,799361,3,620675
109120,S,798373,3,620611
109184,S,797551,3,620547
109248,S,796699,3,620483
109312,S,795827,3,620419
109376,S,795007,3,620355
109440,S,794111,3,620291
109504,S,793327,3,620227
109568,S,792413,3,620163
109632,S,791573,3,620099
109696,S,790733,3,620035
109760,S,789857,3,619971
109824,S,788959,3,619907
109888,S,788153,3,619843
109952,S,787331,3,619779
110016,S,786371,3,619715
110080,S,785483,3,619651
110144,S,784603,3,619587
110208,S,783767,3,619523
110272,S,782983,3,619459
110336,S,782011,3,619395
110400,S,781247,3,619331
110464,S,780397,3,619267
110528,S,779543,3,619203
110592,S,778643,3,619139
110656,S,777787,3,619075
110720,S,776983,3,619011
110784,S,776059,3,618947
110848,S,775091,3,618883
110912,S,774173,3,618819
110976,S,773387,3,618755
111040,S,772459,3,618691
111104,S,771583,3,618627
111168,S,770767,3,618563
111232,S,769943,3,618499
111296,S,1176694,2,618442
111360,S,1177546,2,618410
111424,S,92819,2,618364
111488,S,975658,2,618332
111552,S,976478,2,618300
111616,S,977254,2,618268
111680,S,978022,2,618236
111744,S,978878,2,618204
111808,S,979702,2,618172
111872,S,980494,2,618140
111936,S,981262,2,618108
112000,S,982166,2,618076
112064,S,983002,2,618044
112128,S,983746,2,618012
112192,S,984818,2,617980
112256,S,985598,2,617948
112320,S,986434,2,617916
112384,S,987286,2,617884
112448,S,988138,2,617852
112512,S,988942,2,617820
112576,S,989606,2,617788
112640,S,990554,2,617756
112704,S,991226,2,617724
112768,S,991934,2,617692
112832,S,992906,2,617660
112896,S,993802,2,617628
112960,S,994618,2,617596
113024,S,995422,2,617564
113088,S,996286,2,617532
113152,S,997198,2,617500
113216,S,998042,2,617468
113280,S,998794,2,617436
113344,S,999478,2,617404
113408,S,1000394,2,617372
113472,S,1001174,2,617340
113536,S,1002002,2,617308
113600,S,1002734,2,617276
113664,S,1003682,2,617244
113728,S,1004642,2,617212
113792,S,1005574,2,617180
113856,S,1006594,2,617148
113920,S,1007434,2,617116
113984,S,1008242,2,617084
114048,S,1009054,2,617052
114112,S,1009906,2,617020
114176,S,1010626,2,616988
114240,S,1011326,2,616956
114304,S,1012342,2,616924
114368,S,1013126,2,616892
114432,S,1013926,2,616860
114496,S,1014802,2,616828
114560,S,1015678,2,616796
114624,S,1016546,2,616764
114688,S,1017418,2,616732
114752,S,1018294,2,616700
114816,S,1019182,2,616668
114880,S,1019926,2,616636
114944,S,1020662,2,616604
115008,S,1021634,2,616572
115072,S,1022446,2,616540
115136,S,1023182,2,616508
115200,S,1024094,2,616476
115264,S,1025182,2,616444
115328,S,1025954,2,616412
115392,S,1026682,2,616380
115456,S,1027522,2,616348
115520,S,1028354,2,616316
115584,S,1029242,2,616284
115648,S,1029934,2,616252
115712,S,1031174,2,616220
115776,S,1031902,2,616188
115840,S,1032722,2,616156
115904,S,1033418,2,616124
115968,S,1034182,2,616092
116032,S,1034942,2,616060
116096,S,1035746,2,616028
116160,S,1036478,2,615996
116224,S,1037474,2,615964
116288,S,1038238,2,615932
116352,S,1039054,2,615900
116416,S,1039886,2,615868
116480,S,1040758,2,615836
116544,S,1041626,2,615804
116608,S,1042462,2,615772
116672,S,1043162,2,615740
116736,S,1043998,2,615708
116800,S,1044782,2,615676
116864,S,1045622,2,615644
116928,S,1046666,2,615612
116992,S,1047434,2,615580
117056,S,1048298,2,615548
117120,S,1049186,2,615516
117184,S,1049966,2,615484
117248,S,1050794,2,615452
117312,S,1051562,2,615420
117376,S,1052386,2,615388
117440,S,1053202,2,615356
117504,S,1053902,2,615324
117568,S,1054762,2,615292
117632,S,1055686,2,615260
117696,S,1056578,2,615228
117760,S,1057526,2,615196
117824,S,1058258,2,615164
117888,S,1059158,2,615132
117952,S,1059998,2,615100
118016,S,1060778,2,615068
118080,S,1061546,2,615036
118144,S,1062458,2,615004
118208,S,1063402,2,614972
118272,S,1064326,2,614940
118336,S,1065074,2,614908
118400,S,1065902,2,614876
118464,S,1066654,2,614844
118528,S,1067714,2,614812
118592,S,1068422,2,614780
118656,S,1069298,2,614748
118720,S,1070318,2,614716
118784,S,1071254,2,614684
118848,S,1072114,2,614652
118912,S,1072882,2,614620
118976,S,1073558,2,614588
119040,S,1074266,2,614556
119104,S,1075346,2,614524
119168,S,1076246,2,614492
119232,S,1077038,2,614460
119296,S,1077854,2,614428
119360,S,1078642,2,614396
119424,S,1079594,2,614364
119488,S,1080566,2,614332
119552,S,1081378,2,614300
119616,S,1082362,2,614268
119680,S,1083098,2,614236
119744,S,1083986,2,614204
119808,S,1084646,2,614172
119872,S,1085594,2,614140
119936,S,1086446,2,614108
120000,S,1087234,2,614076
120064,S,1087994,2,614044
120128,S,1089002,2,614012
120192,S,1089854,2,613980
120256,S,1090898,2,613948
120320,S,1091746,2,613916
120384,S,1092506,2,613884
120448,S,1093382,2,613852
120512,S,1094458,2,613820
120576,S,1095166,2,613788
120640,S,1096078,2,613756
120704,S,1096918,2,613724
120768,S,1097686,2,613692
120832,S,1098458,2,613660
120896,S,1099298,2,613628
120960,S,1100146,2,613596
121024,S,1101038,2,613564
121088,S,1101818,2,613532
121152,S,1102642,2,613500
121216,S,1103462,2,613468
121280,S,1104254,2,613436
121344,S,1105298,2,613404
121408,S,1106134,2,613372
121472,S,1106962,2,613340
121536,S,1107734,2,613308
121600,S,1108586,2,613276
121664,S,1109506,2,613244
121728,S,1110194,2,613212
121792,S,1111322,2,613180
121856,S,1112318,2,613148
121920,S,1113146,2,613116
121984,S,1113718,2,613084
122048,S,1114618,2,613052
122112,S,1115494,2,613020
122176,S,1116406,2,612988
122240,S,1117222,2,612956
122304,S,1118186,2,612924
122368,S,1119058,2,612892
122432,S,1119766,2,612860
122496,S,1120466,2,612828
122560,S,1121278,2,612796
122624,S,1122106,2,612764
122688,S,1123058,2,612732
122752,S,1124206,2,612700
122816,S,1124986,2,612668
122880,S,1125682,2,612636
122944,S,1126438,2,612604
123008,S,1127554,2,612572
123072,S,1128394,2,612540
123136,S,1129186,2,612508
123200,S,1130098,2,612476
123264,S,1130858,2,612444
123328,S,1131698,2,612412
123392,S,1132622,2,612380
123456,S,1133434,2,612348
123520,S,1134362,2,612316
123584,S,1135334,2,612284
123648,S,1136138,2,612252
123712,S,1136962,2,612220
123776,S,1137974,2,612188
123840,S,1138646,2,612156
123904,S,1139546,2,612124
123968,S,1140218,2,612092
124032,S,1141054,2,612060
124096,S,1141802,2,612028
124160,S,1142662,2,611996
124224,S,1143598,2,611964
124288,S,1144414,2,611932
124352,S,1145194,2,611900
124416,S,1145878,2,611868
124480,S,1146902,2,611836
124544,S,1147702,2,611804
124608,S,1148566,2,611772
124672,S,1149422,2,611740
124736,S,1150346,2,611708
124800,S,1151186,2,611676
124864,S,1152002,2,611644
124928,S,1152854,2,611612
124992,S,1153486,2,611580
125056,S,1154498,2,611548
125120,S,1155254,2,611516
125184,S,1156154,2,611484
125248,S,1157006,2,611452
125312,S,1157762,2,611420
125376,S,1158814,2,611388
125440,S,1159474,2,611356
125504,S,1160426,2,611324
125568,S,1161346,2,611292
125632,S,1162138,2,611260
125696,S,1162858,2,611228
125760,S,1163714,2,611196
125824,S,1164494,2,611164
125888,S,1165474,2,611132
125952,S,1166338,2,611100
126016,S,1167046,2,611068
126080,S,1167962,2,611036
126144,S,1168942,2,611004
126208,S,1169758,2,610972
126272,S,1170542,2,610940
126336,S,1171442,2,610908
126400,S,1172134,2,610876
126464,S,1172998,2,610844
126528,S,1173806,2,610812
126592,S,1174526,2,610780
126656,S,1175242,2,610748
126720,S,1175978,2,610716
126784,S,1178578,2,610684
126848,S,1179526,2,610652
126912,S,1180414,2,610620
126976,S,1181318,2,610588
127040,S,1182262,2,610556
127104,S,1183222,2,610524
127168,S,1184174,2,610492
127232,S,1184966,2,610460
127296,S,1185754,2,610428
127360,S,1186502,2,610396
127424,S,1187258,2,610364
127488,S,1188314,2,610332
127552,S,1189046,2,610300
127616,S,1189906,2,610268
127680,S,1190542,2,610236
127744,S,1191466,2,610204
127808,S,1192318,2,610172
127872,S,1193246,2,610140
127936,S,1193974,2,610108
128000,S,1194902,2,610076
128064,S,1195706,2,610044
128128,S,1196726,2,610012
128192,S,1197578,2,609980
128256,S,1198486,2,609948
128320,S,1199314,2,609916
128384,S,1200182,2,609884
128448,S,1200926,2,609852
128512,S,1201894,2,609820
128576,S,1202618,2,609788
128640,S,1203614,2,609756
128704,S,1204394,2,609724
128768,S,1205186,2,609692
128832,S,1205954,2,609660
128896,S,1206974,2,609628
128960,S,1207718,2,609596
129024,S,1208618,2,609564
129088,S,1209454,2,609532
129152,S,1210234,2,609500
129216,S,1211086,2,609468
129280,S,1211974,2,609436
129344,S,1212886,2,609404
129408,S,1213726,2,609372
129472,S,1214426,2,609340
129536,S,1215406,2,609308
129600,S,1216258,2,609276
129664,S,1217042,2,609244
129728,S,1217894,2,609212
129792,S,1218674,2,609180
129856,S,1219402,2,609148
129920,S,1220438,2,609116
129984,S,1221334,2,609084
130048,S,1222054,2,609052
130112,S,1222994,2,609020
130176,S,1223906,2,608988
130240,S,1224614,2,608956
130304,S,1225582,2,608924
130368,S,1226398,2,608892
130432,S,1227146,2,608860
130496,S,1227998,2,608828
130560,S,1229054,2,608796
130624,S,1229762,2,608764
130688,S,1230758,2,608732
130752,S,1231502,2,608700
130816,S,1232314,2,608668
130880,S,1233026,2,608636
130944,S,1233818,2,608604
131008,S,1234586,2,608572
131072,S,1235398,2,608540
131136,S,1236262,2,608508
131200,S,1237162,2,608476
131264,S,1238066,2,608444
131328,S,1239086,2,608412
131392,S,1239934,2,608380
131456,S,1240754,2,608348
131520,S,1241542,2,608316
131584,S,1242446,2,608284
131648,S,1243342,2,608252
131712,S,1244206,2,608220
131776,S,1245058,2,608188
131840,S,1245974,2,608156
131904,S,1246846,2,608124
131968,S,1247738,2,608092
132032,S,1248482,2,608060
132096,S,1249298,2,608028
132160,S,692966,2,607996
132224,S,1118174,2,607964
132288,S,848306,2,607932
132352,S,513587,2,607890
132416,S,519503,2,607826
132480,S,525181,2,607762
132544,S,530791,2,607698
132608,S,536299,2,607634
132672,S,543269,2,607570
132736,S,548369,2,607506
132800,S,553129,2,607442
132864,S,558773,2,607378
132928,S,564077,2,607314
132992,S,569857,2,607250
133056,S,574549,2,607186
133120,S,580907,2,607122
133184,S,586279,2,607058
133248,S,497879,2,606994
133312,S,503387,2,606930
133376,S,510187,2,606866
133440,S,1200517,2,606807
133504,S,1215997,2,606759
133568,S,1229413,2,606711
133632,S,490739,2,606655
133696,S,325057,2,606593
133760,S,330293,2,606529
133824,S,312443,2,606466
133888,S,307037,2,606402
133952,S,297653,2,606338
134016,S,309383,2,606274
134080,S,1010959,2,606238
134144,S,815041,2,606206
134208,S,661799,2,606174
134272,S,1428113,2,606115
134336,S,1427617,2,606051
134400,S,1427191,2,605987
134464,S,1426741,2,605923
134528,S,1426303,2,605859
134592,S,1425967,2,605795
134656,S,1425511,2,605731
134720,S,1425071,2,605667
134784,S,1424659,2,605603
134848,S,1424237,2,605539
134912,S,1423717,2,605475
134976,S,1423333,2,605411
135040,S,1422937,2,605347
135104,S,1422437,2,605283
135168,S,1421933,2,605219
135232,S,1421473,2,605155
135296,S,1420999,2,605091
135360,S,1420603,2,605027
135424,S,1420091,2,604963
135488,S,1419673,2,604899
135552,S,1419233,2,604835
135616,S,1418693,2,604771
135680,S,1418159,2,604707
135744,S,1417727,2,604643
135808,S,1417309,2,604579
135872,S,1416809,2,604515
135936,S,1416223,2,604451
136000,S,1415837,2,604387
136064,S,1415339,2,604323
136128,S,1414741,2,604259
136192,S,1414267,2,604195
136256,S,1413679,2,604131
136320,S,1413211,2,604067
136384,S,1412797,2,604003
136448,S,1412413,2,603939
136512,S,1412017,2,603875
136576,S,1411603,2,603811
136640,S,1411099,2,603747
136704,S,1410707,2,603683
136768,S,1410223,2,603619
136832,S,1409783,2,603555
136896,S,1409327,2,603491
136960,S,1408867,2,603427
137024,S,1408417,2,603363
137088,S,1407883,2,603299
137152,S,1407491,2,603235
137216,S,1407053,2,603171
137280,S,1406633,2,603107
137344,S,1406101,2,603043
137408,S,1405597,2,602979
137472,S,1405147,2,602915
137536,S,1404721,2,602851
137600,S,1404211,2,602787
137664,S,1403747,2,602723
137728,S,1403357,2,602659
137792,S,1402811,2,602595
137856,S,1402361,2,602531
137920,S,1401817,2,602467
137984,S,1401377,2,602403
138048,S,1400881,2,602339
138112,S,1400383,2,602275
138176,S,1399847,2,602211
138240,S,1399513,2,602147
138304,S,1399183,2,602083
138368,S,1398667,2,602019
138432,S,1398269,2,601955
138496,S,1397951,2,601891
138560,S,1397477,2,601827
138624,S,1397057,2,601763
138688,S,1396667,2,601699
138752,S,1396237,2,601635
138816,S,1395839,2,601571
138880,S,1395463,2,601507
138944,S,1394983,2,601443
139008,S,1394501,2,601379
139072,S,1394021,2,601315
139136,S,1393663,2,601251
139200,S,1393229,2,601187
139264,S,1392779,2,601123
139328,S,1392311,2,601059
139392,S,1391653,2,600995
139456,S,1391267,2,600931
139520,S,1390841,2,600867
139584,S,1390421,2,600803
139648,S,1389961,2,600739
139712,S,1389533,2,600675
139776,S,1389133,2,600611
139840,S,1388587,2,600547
139904,S,1388077,2,600483
139968,S,1387669,2,600419
140032,S,1387147,2,600355
140096,S,1386731,2,600291
140160,S,1386239,2,600227
140224,S,1385843,2,600163
140288,S,1385393,2,600099
140352,S,1385017,2,600035
140416,S,1384619,2,599971
140480,S,1384087,2,599907
140544,S,1383653,2,599843
140608,S,1383113,2,599779
140672,S,1382543,2,599715
140736,S,1382023,2,599651
140800,S,1381537,2,599587
140864,S,1381217,2,599523
140928,S,1380763,2,599459
140992,S,1380307,2,599395
141056,S,1379869,2,599331
141120,S,1379449,2,599267
141184,S,1378997,2,599203
141248,S,1378589,2,599139
141312,S,1378147,2,599075
141376,S,1377791,2,599011
141440,S,1377379,2,598947
141504,S,1376929,2,598883
141568,S,1376467,2,598819
141632,S,1376017,2,598755
141696,S,1375637,2,598691
141760,S,1375117,2,598627
141824,S,1374713,2,598563
141888,S,1374299,2,598499
141952,S,1373819,2,598435
142016,S,1373347,2,598371
142080,S,1372913,2,598307
142144,S,1372403,2,598243
142208,S,1371913,2,598179
142272,S,1371499,2,598115
142336,S,1370981,2,598051
142400,S,1370521,2,597987
142464,S,1370093,2,597923
142528,S,1369619,2,597859
142592,S,1369153,2,597795
142656,S,1368737,2,597731
142720,S,1368281,2,597667
142784,S,1367869,2,597603
142848,S,1367423,2,597539
142912,S,1366933,2,597475
142976,S,1366549,2,597411
143040,S,1366093,2,597347
143104,S,1365547,2,597283
143168,S,1365103,2,597219
143232,S,1364617,2,597155
143296,S,1364191,2,597091
143360,S,1363781,2,597027
143424,S,1363309,2,596963
143488,S,1362883,2,596899
143552,S,1362407,2,596835
143616,S,1361957,2,596771
143680,S,1361453,2,596707
143744,S,1361023,2,596643
143808,S,1360607,2,596579
143872,S,1360193,2,596515
143936,S,1359733,2,596451
144000,S,1359271,2,596387
144064,S,1358803,2,596323
144128,S,1358353,2,596259
144192,S,1357927,2,596195
144256,S,1357453,2,596131
144320,S,1356869,2,596067
144384,S,1356461,2,596003
144448,S,1356037,2,595939
144512,S,1355659,2,595875
144576,S,1355279,2,595811
144640,S,1354813,2,595747
144704,S,1354291,2,595683
144768,S,1353887,2,595619
144832,S,1353329,2,595555
144896,S,1352957,2,595491
144960,S,1352443,2,595427
145024,S,1351991,2,595363
145088,S,1351541,2,595299
145152,S,1351117,2,595235
145216,S,1350709,2,595171
145280,S,1350317,2,595107
145344,S,1349867,2,595043
145408,S,1349219,2,594979
145472,S,1348793,2,594915
145536,S,1348379,2,594851
145600,S,1347877,2,594787
145664,S,1347389,2,594723
145728,S,1346953,2,594659
145792,S,1346447,2,594595
145856,S,1345957,2,594531
145920,S,1345507,2,594467
145984,S,1345013,2,594403
146048,S,1344583,2,594339
146112,S,1344043,2,594275
146176,S,1343627,2,594211
146240,S,1343197,2,594147
146304,S,1342723,2,594083
146368,S,1342277,2,594019
146432,S,1341883,2,593955
146496,S,1341469,2,593891
146560,S,1340981,2,593827
146624,S,1340557,2,593763
146688,S,1340113,2,593699
146752,S,1339691,2,593635
146816,S,1339229,2,593571
146880,S,1338809,2,593507
146944,S,1338433,2,593443
147008,S,1337911,2,593379
147072,S,1337459,2,593315
147136,S,1336997,2,593251
147200,S,1336561,2,593187
147264,S,1336171,2,593123
147328,S,1335749,2,593059
147392,S,1335287,2,592995
147456,S,1334717,2,592931
147520,S,1334297,2,592867
147584,S,1333799,2,592803
147648,S,1333331,2,592739
147712,S,1332853,2,592675
147776,S,1332467,2,592611
147840,S,1331989,2,592547
147904,S,1331579,2,592483
147968,S,1331207,2,592419
148032,S,1330649,2,592355
148096,S,1330207,2,592291
148160,S,1329703,2,592227
148224,S,1329241,2,592163
148288,S,1328777,2,592099
148352,S,1328351,2,592035
148416,S,1327889,2,591971
148480,S,1327303,2,591907
148544,S,1326859,2,591843
148608,S,1326461,2,591779
148672,S,1326047,2,591715
148736,S,1325557,2,591651
148800,S,1325063,2,591587
148864,S,1324613,2,591523
148928,S,1324123,2,591459
148992,S,1323629,2,591395
149056,S,1323197,2,591331
149120,S,1322843,2,591267
149184,S,1322423,2,591203
149248,S,1322089,2,591139
149312,S,1321637,2,591075
149376,S,1321283,2,591011
149440,S,1320881,2,590947
149504,S,1320301,2,590883
149568,S,1319821,2,590819
149632,S,1319333,2,590755
149696,S,1318897,2,590691
149760,S,1318459,2,590627
149824,S,1317989,2,590563
149888,S,1317541,2,590499
149952,S,1317157,2,590435
150016,S,1316699,2,590371
150080,S,1316261,2,590307
150144,S,1315781,2,590243
150208,S,1315373,2,590179
150272,S,1314871,2,590115
150336,S,1314361,2,590051
150400,S,1313911,2,589987
150464,S,1313447,2,589923
150528,S,1312907,2,589859
150592,S,1312517,2,589795
150656,S,1312001,2,589731
150720,S,1311523,2,589667
150784,S,1311127,2,589603
150848,S,1310669,2,589539
150912,S,1310261,2,589475
150976,S,1309831,2,589411
151040,S,1309411,2,589347
151104,S,1308943,2,589283
151168,S,1308547,2,589219
151232,S,1308049,2,589155
151296,S,1307539,2,589091
151360,S,1307081,2,589027
151424,S,1306661,2,588963
151488,S,1306237,2,588899
151552,S,1305743,2,588835
151616,S,1305301,2,588771
151680,S,1304803,2,588707
151744,S,1304249,2,588643
151808,S,1303867,2,588579
151872,S,1303439,2,588515
151936,S,1303069,2,588451
152000,S,1302571,2,588387
152064,S,1302137,2,588323
152128,S,1301621,2,588259
152192,S,1301239,2,588195
152256,S,1300781,2,588131
152320,S,1300333,2,588067
152384,S,1299899,2,588003
152448,S,1299439,2,587939
152512,S,1299019,2,587875
152576,S,1298537,2,587811
152640,S,1297979,2,587747
152704,S,1297477,2,587683
152768,S,1297139,2,587619
152832,S,1296679,2,587555
152896,S,1296277,2,587491
152960,S,1295783,2,587427
153024,S,1295321,2,587363
153088,S,1294957,2,587299
153152,S,1294367,2,587235
153216,S,1293949,2,587171
153280,S,1293473,2,587107
153344,S,1292999,2,587043
153408,S,1292579,2,586979
153472,S,1292131,2,586915
153536,S,1291567,2,586851
153600,S,1291153,2,586787
153664,S,1290607,2,586723
153728,S,1290161,2,586659
153792,S,1289677,2,586595
153856,S,1289231,2,586531
153920,S,1288829,2,586467
153984,S,1288367,2,586403
154048,S,1287973,2,586339
154112,S,1287569,2,586275
154176,S,1287133,2,586211
154240,S,1286683,2,586147
154304,S,1286267,2,586083
154368,S,1285841,2,586019
154432,S,1285411,2,585955
154496,S,1284991,2,585891
154560,S,1284551,2,585827
154624,S,1284043,2,585763
154688,S,1283549,2,585699
154752,S,1283063,2,585635
154816,S,1282637,2,585571
154880,S,1282241,2,585507
154944,S,1281821,2,585443
155008,S,1281407,2,585379
155072,S,1280947,2,585315
155136,S,1280453,2,585251
155200,S,1279937,2,585187
155264,S,1279561,2,585123
155328,S,1279133,2,585059
155392,S,1278659,2,584995
155456,S,1278217,2,584931
155520,S,1277753,2,584867
155584,S,1277249,2,584803
155648,S,1276817,2,584739
155712,S,1276351,2,584675
155776,S,1275899,2,584611
155840,S,1275539,2,584547
155904,S,1274939,2,584483
155968,S,1274381,2,584419
156032,S,1273903,2,584355
156096,S,1273457,2,584291
156160,S,1273033,2,584227
156224,S,1272589,2,584163
156288,S,1272151,2,584099
156352,S,1271701,2,584035
156416,S,1271251,2,583971
156480,S,1270861,2,583907
156544,S,1270433,2,583843
156608,S,1270033,2,583779
156672,S,1269497,2,583715
156736,S,1269077,2,583651
156800,S,1268669,2,583587
156864,S,1268207,2,583523
156928,S,1267771,2,583459
156992,S,1267291,2,583395
157056,S,1266799,2,583331
157120,S,1266379,2,583267
157184,S,1266019,2,583203
157248,S,1265611,2,583139
157312,S,1265179,2,583075
157376,S,1264829,2,583011
157440,S,1264303,2,582947
157504,S,1263817,2,582883
157568,S,1263347,2,582819
157632,S,1262939,2,582755
157696,S,1262557,2,582691
157760,S,1262083,2,582627
157824,S,1261643,2,582563
157888,S,1261133,2,582499
157952,S,1260691,2,582435
158016,S,1260269,2,582371
158080,S,1259743,2,582307
158144,S,1259243,2,582243
158208,S,1258871,2,582179
158272,S,1258457,2,582115
158336,S,1258109,2,582051
158400,S,1257589,2,581987
158464,S,1257209,2,581923
158528,S,1256821,2,581859
158592,S,1256383,2,581795
158656,S,1255831,2,581731
158720,S,1255357,2,581667
158784,S,1255021,2,581603
158848,S,1254593,2,581539
158912,S,1254157,2,581475
158976,S,1253783,2,581411
159040,S,1253251,2,581347
159104,S,1252751,2,581283
159168,S,1252219,2,581219
159232,S,1251857,2,581155
159296,S,1251317,2,581091
159360,S,1250813,2,581027
159424,S,1250357,2,580963
159488,S,1999871,2,580899
159552,S,1999379,2,580835
159616,S,1998947,2,580771
159680,S,1998449,2,580707
159744,S,1998067,2,580643
159808,S,1997617,2,580579
159872,S,1997173,2,580515
159936,S,1996759,2,580451
160000,S,1996381,2,580387
160064,S,1995977,2,580323
160128,S,1995527,2,580259
160192,S,1995013,2,580195
160256,S,1994521,2,580131
160320,S,1994059,2,580067
160384,S,1993627,2,580003
160448,S,1993217,2,579939
160512,S,1992713,2,579875
160576,S,1992251,2,579811
160640,S,1991837,2,579747
160704,S,1991359,2,579683
160768,S,1990889,2,579619
160832,S,1990441,2,579555
160896,S,1990039,2,579491
160960,S,1989517,2,579427
161024,S,1988941,2,579363
161088,S,1988531,2,579299
161152,S,1988087,2,579235
161216,S,1987577,2,579171
161280,S,1987151,2,579107
161344,S,1986749,2,579043
161408,S,1986233,2,578979
161472,S,1985741,2,578915
161536,S,1985239,2,578851
161600,S,1984777,2,578787
161664,S,1984261,2,578723
161728,S,1983859,2,578659
161792,S,1983383,2,578595
161856,S,1982891,2,578531
161920,S,1982537,2,578467
161984,S,1982069,2,578403
162048,S,1981621,2,578339
162112,S,1981159,2,578275
162176,S,1980701,2,578211
162240,S,1980281,2,578147
162304,S,1979779,2,578083
162368,S,1979321,2,578019
162432,S,1978981,2,577955
162496,S,1978441,2,577891
162560,S,1977991,2,577827
162624,S,1977581,2,577763
162688,S,1977023,2,577699
162752,S,1976687,2,577635
162816,S,1976213,2,577571
162880,S,1975669,2,577507
162944,S,1975199,2,577443
163008,S,1974761,2,577379
163072,S,1974163,2,577315
163136,S,1973633,2,577251
163200,S,1973233,2,577187
163264,S,1972777,2,577123
163328,S,1972283,2,577059
163392,S,1971829,2,576995
163456,S,1971289,2,576931
163520,S,1970719,2,576867
163584,S,1970327,2,576803
163648,S,1969811,2,576739
163712,S,1969273,2,576675
163776,S,1968767,2,576611
163840,S,1968293,2,576547
163904,S,1967813,2,576483
163968,S,1967309,2,576419
164032,S,1966871,2,576355
164096,S,1966399,2,576291
164160,S,1965913,2,576227
164224,S,1965451,2,576163
164288,S,1964927,2,576099
164352,S,1964447,2,576035
164416,S,1963981,2,575971
164480,S,1963411,2,575907
164544,S,1962997,2,575843
164608,S,1962503,2,575779
164672,S,1962041,2,575715
164736,S,1961653,2,575651
164800,S,1961221,2,575587
164864,S,1960799,2,575523
164928,S,1960279,2,575459
164992,S,1959833,2,575395
165056,S,1959371,2,575331
165120,S,1958909,2,575267
165184,S,1958471,2,575203
165248,S,1957909,2,575139
165312,S,1957441,2,575075
165376,S,1956907,2,575011
165440,S,1956433,2,574947
165504,S,1955957,2,574883
165568,S,1955507,2,574819
165632,S,1954991,2,574755
165696,S,1954553,2,574691
165760,S,1954231,2,574627
165824,S,1953761,2,574563
165888,S,1953349,2,574499
165952,S,1952851,2,574435
166016,S,1952381,2,574371
166080,S,1951879,2,574307
166144,S,1951463,2,574243
166208,S,1950959,2,574179
166272,S,1950409,2,574115
166336,S,1950017,2,574051
166400,S,1949501,2,573987
166464,S,1948883,2,573923
166528,S,1948483,2,573859
166592,S,1947997,2,573795
166656,S,1947511,2,573731
166720,S,1947091,2,573667
166784,S,1946647,2,573603
166848,S,1946183,2,573539
166912,S,1945729,2,573475
166976,S,1945369,2,573411
167040,S,1944911,2,573347
167104,S,1944389,2,573283
167168,S,1943941,2,573219
167232,S,1943467,2,573155
167296,S,1943093,2,573091
167360,S,1942543,2,573027
167424,S,1942139,2,572963
167488,S,1941671,2,572899
167552,S,1941253,2,572835
167616,S,1940753,2,572771
167680,S,1940339,2,572707
167744,S,1939867,2,572643
167808,S,1939447,2,572579
167872,S,1939057,2,572515
167936,S,1938611,2,572451
168000,S,1938161,2,572387
168064,S,1937657,2,572323
168128,S,1937123,2,572259
168192,S,1936721,2,572195
168256,S,1936219,2,572131
168320,S,1935763,2,572067
168384,S,1935251,2,572003
168448,S,1934761,2,571939
168512,S,1934377,2,571875
168576,S,1933859,2,571811
168640,S,1933363,2,571747
168704,S,1932859,2,571683
168768,S,1932341,2,571619
168832,S,1931887,2,571555
168896,S,1931473,2,571491
168960,S,1930969,2,571427
169024,S,1930477,2,571363
169088,S,1930043,2,571299
169152,S,1929601,2,571235
169216,S,1929157,2,571171
169280,S,1928659,2,571107
169344,S,1928237,2,571043
169408,S,1927781,2,570979
169472,S,1927361,2,570915
169536,S,1926937,2,570851
169600,S,1926523,2,570787
169664,S,1926161,2,570723
169728,S,1925719,2,570659
169792,S,1925293,2,570595
169856,S,1924799,2,570531
169920,S,1924303,2,570467
169984,S,1923811,2,570403
170048,S,1923349,2,570339
170112,S,1922957,2,570275
170176,S,1922491,2,570211
170240,S,1921879,2,570147
170304,S,1921481,2,570083
170368,S,1920991,2,570019
170432,S,1920587,2,569955
170496,S,1920161,2,569891
170560,S,1919591,2,569827
170624,S,1919053,2,569763
170688,S,1918523,2,569699
170752,S,1918067,2,569635
170816,S,1917581,2,569571
170880,S,1917203,2,569507
170944,S,1916753,2,569443
171008,S,1916309,2,569379
171072,S,1915843,2,569315
171136,S,1915469,2,569251
171200,S,1914971,2,569187
171264,S,1914541,2,569123
171328,S,1914053,2,569059
171392,S,1913641,2,568995
171456,S,1913147,2,568931
171520,S,1912693,2,568867
171584,S,1912307,2,568803
171648,S,1911851,2,568739
171712,S,1911289,2,568675
171776,S,1910941,2,568611
171840,S,1910429,2,568547
171904,S,1910009,2,568483
171968,S,1909487,2,568419
172032,S,1909109,2,568355
172096,S,1908679,2,568291
172160,S,1908209,2,568227
172224,S,1907803,2,568163
172288,S,1907441,2,568099
172352,S,1906909,2,568035
172416,S,1906481,2,567971
172480,S,1906007,2,567907
172544,S,1905499,2,567843
172608,S,1905017,2,567779
172672,S,1904533,2,567715
172736,S,1904069,2,567651
172800,S,1903639,2,567587
172864,S,1903117,2,567523
172928,S,1902619,2,567459
172992,S,1902209,2,567395
173056,S,1901759,2,567331
173120,S,1901219,2,567267
173184,S,1900667,2,567203
173248,S,1900253,2,567139
173312,S,1899707,2,567075
173376,S,1899199,2,567011
173440,S,1898759,2,566947
173504,S,1898297,2,566883
173568,S,1897823,2,566819
173632,S,1897361,2,566755
173696,S,1896889,2,566691
173760,S,1896413,2,566627
173824,S,1896023,2,566563
173888,S,1895563,2,566499
173952,S,1895081,2,566435
174016,S,1894601,2,566371
174080,S,1894043,2,566307
174144,S,1893587,2,566243
174208,S,1893191,2,566179
174272,S,1892713,2,566115
174336,S,1892311,2,566051
174400,S,1891859,2,565987
174464,S,1891367,2,565923
174528,S,1890901,2,565859
174592,S,1890479,2,565795
174656,S,1890041,2,565731
174720,S,1889521,2,565667
174784,S,1889191,2,565603
174848,S,1888759,2,565539
174912,S,1888217,2,565475
174976,S,1887727,2,565411
175040,S,1887229,2,565347
175104,S,1886849,2,565283
175168,S,1886351,2,565219
175232,S,1885907,2,565155
175296,S,1885501,2,565091
175360,S,1885021,2,565027
175424,S,1884577,2,564963
175488,S,1884109,2,564899
175552,S,1883573,2,564835
175616,S,1883197,2,564771
175680,S,1882589,2,564707
175744,S,1882141,2,564643
175808,S,1881749,2,564579
175872,S,1881223,2,564515
175936,S,1880881,2,564451
176000,S,1880467,2,564387
176064,S,1879949,2,564323
176128,S,1879459,2,564259
176192,S,1878913,2,564195
176256,S,1878463,2,564131
176320,S,1878059,2,564067
176384,S,1877573,2,564003
176448,S,1877147,2,563939
176512,S,1876643,2,563875
176576,S,1876241,2,563811
176640,S,1875833,2,563747
176704,S,1875337,2,563683
176768,S,1874941,2,563619
176832,S,1874503,2,563555
176896,S,1873969,2,563491
176960,S,1873433,2,563427
177024,S,1872971,2,563363
177088,S,1872503,2,563299
177152,S,1872001,2,563235
177216,S,1871561,2,563171
177280,S,1871099,2,563107
177344,S,1870651,2,563043
177408,S,1870207,2,562979
177472,S,1869691,2,562915
177536,S,1869181,2,562851
177600,S,1868687,2,562787
177664,S,1868239,2,562723
177728,S,1867819,2,562659
177792,S,1867321,2,562595
177856,S,1866901,2,562531
177920,S,1866439,2,562467
177984,S,1866031,2,562403
178048,S,1865573,2,562339
178112,S,1865243,2,562275
178176,S,1864823,2,562211
178240,S,1864391,2,562147
178304,S,1863857,2,562083
178368,S,1863461,2,562019
178432,S,1863041,2,561955
178496,S,1862519,2,561891
178560,S,1862017,2,561827
178624,S,1861583,2,561763
178688,S,1861033,2,561699
178752,S,1860643,2,561635
178816,S,1860179,2,561571
178880,S,1859653,2,561507
178944,S,1859279,2,561443
179008,S,1858823,2,561379
179072,S,1858319,2,561315
179136,S,1857929,2,561251
179200,S,1857473,2,561187
179264,S,1856989,2,561123
179328,S,1856419,2,561059
179392,S,1856003,2,560995
179456,S,1855613,2,560931
179520,S,1855207,2,560867
179584,S,1854781,2,560803
179648,S,1854341,2,560739
179712,S,1853939,2,560675
179776,S,1853503,2,560611
179840,S,1853053,2,560547
179904,S,1852469,2,560483
179968,S,1852057,2,560419
180032,S,1851677,2,560355
180096,S,1851319,2,560291
180160,S,1850837,2,560227
180224,S,1850269,2,560163
180288,S,1849733,2,560099
180352,S,1849273,2,560035
180416,S,1848919,2,559971
180480,S,1848367,2,559907
180544,S,1847897,2,559843
180608,S,1847431,2,559779
180672,S,1847023,2,559715
180736,S,1846561,2,559651
180800,S,1846139,2,559587
180864,S,1845601,2,559523
180928,S,1845167,2,559459
180992,S,1844737,2,559395
181056,S,1844287,2,559331
181120,S,1843843,2,559267
181184,S,1843321,2,559203
181248,S,1842941,2,559139
181312,S,1842493,2,559075
181376,S,1841599,2,559011
181440,S,1840651,2,558947
181504,S,1839697,2,558883
181568,S,1838719,2,558819
181632,S,1837727,2,558755
181696,S,1836727,2,558691
181760,S,1835633,2,558627
181824,S,1834663,2,558563
181888,S,1833749,2,558499
181952,S,1832833,2,558435
182016,S,1831877,2,558371
182080,S,1831013,2,558307
182144,S,1830119,2,558243
182208,S,1829249,2,558179
182272,S,1828381,2,558115
182336,S,1827379,2,558051
182400,S,1826537,2,557987
182464,S,1825667,2,557923
182528,S,1824773,2,557859
182592,S,1823957,2,557795
182656,S,1823117,2,557731
182720,S,1822189,2,557667
182784,S,1821181,2,557603
182848,S,1820347,2,557539
182912,S,1819423,2,557475
182976,S,1818431,2,557411
183040,S,1817411,2,557347
183104,S,1816387,2,557283
183168,S,1815491,2,557219
183232,S,1814611,2,557155
183296,S,1813739,2,557091
183360,S,1812721,2,557027
183424,S,1811791,2,556963
183488,S,1810819,2,556899
183552,S,1809937,2,556835
183616,S,1809133,2,556771
183680,S,1808089,2,556707
183744,S,1807243,2,556643
183808,S,1806361,2,556579
183872,S,1805579,2,556515
183936,S,1804619,2,556451
184000,S,1803577,2,556387
184064,S,1802711,2,556323
184128,S,1801771,2,556259
184192,S,1800803,2,556195
184256,S,1799887,2,556131
184320,S,1798997,2,556067
184384,S,1798201,2,556003
184448,S,1797293,2,555939
184512,S,1796191,2,555875
184576,S,1795363,2,555811
184640,S,1794547,2,555747
184704,S,1793591,2,555683
184768,S,1792603,2,555619
184832,S,1791787,2,555555
184896,S,1790869,2,555491
184960,S,1790053,2,555427
185024,S,1789001,2,555363
185088,S,1788023,2,555299
185152,S,1787089,2,555235
185216,S,1786223,2,555171
185280,S,1785227,2,555107
185344,S,1784291,2,555043
185408,S,1783391,2,554979
185472,S,1782509,2,554915
185536,S,1781551,2,554851
185600,S,1780579,2,554787
185664,S,1779821,2,554723
185728,S,1778857,2,554659
185792,S,1778033,2,554595
185856,S,1777067,2,554531
185920,S,1776133,2,554467
185984,S,1775261,2,554403
186048,S,1774313,2,554339
186112,S,1773523,2,554275
186176,S,1772593,2,554211
186240,S,1771543,2,554147
186304,S,1770707,2,554083
186368,S,1769749,2,554019
186432,S,1768757,2,553955
186496,S,1767917,2,553891
186560,S,1767041,2,553827
186624,S,1766117,2,553763
186688,S,1765123,2,553699
186752,S,1764223,2,553635
186816,S,1763407,2,553571
186880,S,1762429,2,553507
186944,S,1761407,2,553443
187008,S,1760371,2,553379
187072,S,1759333,2,553315
187136,S,1758301,2,553251
187200,S,1757351,2,553187
187264,S,1756393,2,553123
187328,S,1755493,2,553059
187392,S,1754461,2,552995
187456,S,1753561,2,552931
187520,S,1752691,2,552867
187584,S,1751791,2,552803
187648,S,1750913,2,552739
187712,S,1750013,2,552675
187776,S,1749191,2,552611
187840,S,1748377,2,552547
187904,S,1747367,2,552483
187968,S,1746599,2,552419
188032,S,1745741,2,552355
188096,S,1744753,2,552291
188160,S,1743823,2,552227
188224,S,1742903,2,552163
188288,S,1741903,2,552099
188352,S,1740931,2,552035
188416,S,1740097,2,551971
188480,S,1739233,2,551907
188544,S,1738411,2,551843
188608,S,1737431,2,551779
188672,S,1736459,2,551715
188736,S,1735541,2,551651
188800,S,1734583,2,551587
188864,S,1733647,2,551523
188928,S,1732727,2,551459
188992,S,1731857,2,551395
189056,S,1730851,2,551331
189120,S,1729829,2,551267
189184,S,1728967,2,551203
189248,S,1727939,2,551139
189312,S,1727057,2,551075
189376,S,1726259,2,551011
189440,S,1725259,2,550947
189504,S,1724423,2,550883
189568,S,1723481,2,550819
189632,S,1722373,2,550755
189696,S,1721507,2,550691
189760,S,1720517,2,550627
189824,S,1719667,2,550563
189888,S,1718699,2,550499
189952,S,1717817,2,550435
190016,S,1716761,2,550371
190080,S,1715899,2,550307
190144,S,1714963,2,550243
190208,S,1714151,2,550179
190272,S,1713167,2,550115
190336,S,1712171,2,550051
190400,S,1711163,2,549987
190464,S,1710299,2,549923
190528,S,1709359,2,549859
190592,S,1708507,2,549795
190656,S,1707581,2,549731
190720,S,1706651,2,549667
190784,S,1705807,2,549603
190848,S,1704809,2,549539
190912,S,1703851,2,549475
190976,S,1702817,2,549411
191040,S,1701881,2,549347
191104,S,1701079,2,549283
191168,S,1700173,2,549219
191232,S,1699307,2,549155
191296,S,1698427,2,549091
191360,S,1697587,2,549027
191424,S,1696649,2,548963
191488,S,1695781,2,548899
191552,S,1694831,2,548835
191616,S,1693943,2,548771
191680,S,1693001,2,548707
191744,S,1692091,2,548643
191808,S,1691237,2,548579
191872,S,1690267,2,548515
191936,S,1689343,2,548451
192000,S,1688279,2,548387
192064,S,1687393,2,548323
192128,S,1686449,2,548259
192192,S,1685591,2,548195
192256,S,1684769,2,548131
192320,S,1683691,2,548067
192384,S,1682663,2,548003
192448,S,1681711,2,547939
192512,S,1680803,2,547875
192576,S,1679857,2,547811
192640,S,1678979,2,547747
192704,S,1678207,2,547683
192768,S,1677281,2,547619
192832,S,1676393,2,547555
192896,S,1675441,2,547491
192960,S,1674623,2,547427
193024,S,1673741,2,547363
193088,S,1672873,2,547299
193152,S,1671739,2,547235
193216,S,1670819,2,547171
193280,S,1669879,2,547107
193344,S,1669099,2,547043
193408,S,1668131,2,546979
193472,S,1667401,2,546915
193536,S,1666519,2,546851
193600,S,1665679,2,546787
193664,S,1664821,2,546723
193728,S,1663703,2,546659
193792,S,1662779,2,546595
193856,S,1661953,2,546531
193920,S,1660963,2,546467
193984,S,1660039,2,546403
194048,S,1659067,2,546339
194112,S,1658051,2,546275
194176,S,1657039,2,546211
194240,S,1656199,2,546147
194304,S,1655309,2,546083
194368,S,1654441,2,546019
194432,S,1653541,2,545955
194496,S,1652821,2,545891
194560,S,1651801,2,545827
194624,S,1650877,2,545763
194688,S,1649993,2,545699
194752,S,1649173,2,545635
194816,S,1648067,2,545571
194880,S,1647101,2,545507
194944,S,1646237,2,545443
195008,S,1645429,2,545379
195072,S,1644437,2,545315
195136,S,1643617,2,545251
195200,S,1642699,2,545187
195264,S,1641799,2,545123
195328,S,1640753,2,545059
195392,S,1639849,2,544995
195456,S,1638869,2,544931
195520,S,1637711,2,544867
195584,S,1636711,2,544803
195648,S,1635863,2,544739
195712,S,1634939,2,544675
195776,S,1634099,2,544611
195840,S,1633223,2,544547
195904,S,1632437,2,544483
195968,S,1631521,2,544419
196032,S,1630483,2,544355
196096,S,1629581,2,544291
196160,S,1628689,2,544227
196224,S,1627807,2,544163
196288,S,1626983,2,544099
196352,S,1626133,2,544035
196416,S,1625311,2,543971
196480,S,1624331,2,543907
196544,S,1623367,2,543843
196608,S,1622549,2,543779
196672,S,1621559,2,543715
196736,S,1620617,2,543651
196800,S,1619741,2,543587
196864,S,1618823,2,543523
196928,S,1617989,2,543459
196992,S,1616983,2,543395
197056,S,1616063,2,543331
197120,S,1615177,2,543267
197184,S,1614329,2,543203
197248,S,1613363,2,543139
197312,S,1612267,2,543075
197376,S,1611319,2,543011
197440,S,1610473,2,542947
197504,S,1609571,2,542883
197568,S,1608577,2,542819
197632,S,1607611,2,542755
197696,S,1606753,2,542691
197760,S,1605839,2,542627
197824,S,1604833,2,542563
197888,S,1604017,2,542499
197952,S,1603183,2,542435
198016,S,1602389,2,542371
198080,S,1601543,2,542307
198144,S,1600727,2,542243
198208,S,1599809,2,542179
198272,S,1598767,2,542115
198336,S,1597819,2,542051
198400,S,1596961,2,541987
198464,S,1595927,2,541923
198528,S,1595063,2,541859
198592,S,1594253,2,541795
198656,S,1593299,2,541731
198720,S,1592401,2,541667
198784,S,1591351,2,541603
198848,S,1590293,2,541539
198912,S,1589459,2,541475
198976,S,1588673,2,541411
199040,S,1587739,2,541347
199104,S,1586737,2,541283
199168,S,1585679,2,541219
199232,S,1584811,2,541155
199296,S,1583887,2,541091
199360,S,1583027,2,541027
199424,S,1582033,2,540963
199488,S,1581061,2,540899
199552,S,1580171,2,540835
199616,S,1579231,2,540771
199680,S,1578277,2,540707
199744,S,1577321,2,540643
199808,S,1576493,2,540579
199872,S,1575479,2,540515
199936,S,1574543,2,540451
200000,S,1573699,2,540387
200064,S,1572689,2,540323
200128,S,1571873,2,540259
200192,S,1570957,2,540195
200256,S,1570097,2,540131
200320,S,1569187,2,540067
200384,S,1568179,2,540003
200448,S,1567169,2,539939
200512,S,1566281,2,539875
200576,S,1565413,2,539811
200640,S,1564559,2,539747
200704,S,1563623,2,539683
200768,S,1562833,2,539619
200832,S,1561657,2,539555
200896,S,1560739,2,539491
200960,S,1559777,2,539427
201024,S,1558913,2,539363
201088,S,1558129,2,539299
201152,S,1557113,2,539235
201216,S,1556323,2,539171
201280,S,1555469,2,539107
201344,S,1554559,2,539043
201408,S,1553527,2,538979
201472,S,1552669,2,538915
201536,S,1551793,2,538851
201600,S,1550777,2,538787
201664,S,1549937,2,538723
201728,S,1548983,2,538659
201792,S,1548103,2,538595
201856,S,1547261,2,538531
201920,S,1546327,2,538467
201984,S,1545493,2,538403
202048,S,1544533,2,538339
202112,S,1543559,2,538275
202176,S,1542523,2,538211
202240,S,1541671,2,538147
202304,S,1540751,2,538083
202368,S,1539869,2,538019
202432,S,1538879,2,537955
202496,S,1538011,2,537891
202560,S,1537061,2,537827
202624,S,1536167,2,537763
202688,S,1535377,2,537699
202752,S,1534411,2,537635
202816,S,1533503,2,537571
202880,S,1532593,2,537507
202944,S,1531567,2,537443
203008,S,1530559,2,537379
203072,S,1529581,2,537315
203136,S,1528687,2,537251
203200,S,1527791,2,537187
203264,S,1526813,2,537123
203328,S,1525819,2,537059
203392,S,1524851,2,536995
203456,S,1524073,2,536931
203520,S,1523261,2,536867
203584,S,1522249,2,536803
203648,S,1521241,2,536739
203712,S,1520347,2,536675
203776,S,1519417,2,536611
203840,S,1518449,2,536547
203904,S,1517557,2,536483
203968,S,1516633,2,536419
204032,S,1515749,2,536355
204096,S,1514671,2,536291
204160,S,1513741,2,536227
204224,S,1513013,2,536163
204288,S,1511999,2,536099
204352,S,1511099,2,536035
204416,S,1510273,2,535971
204480,S,1509367,2,535907
204544,S,1508519,2,535843
204608,S,1507559,2,535779
204672,S,1506613,2,535715
204736,S,1505737,2,535651
204800,S,1504949,2,535587
204864,S,1504117,2,535523
204928,S,1503253,2,535459
204992,S,1502309,2,535395
205056,S,1501481,2,535331
205120,S,1500593,2,535267
205184,S,1499611,2,535203
205248,S,1498661,2,535139
205312,S,1497701,2,535075
205376,S,1496723,2,535011
205440,S,1495861,2,534947
205504,S,1494887,2,534883
205568,S,1494047,2,534819
205632,S,1493273,2,534755
205696,S,1492273,2,534691
205760,S,1491493,2,534627
205824,S,1490527,2,534563
205888,S,1489667,2,534499
205952,S,1488869,2,534435
206016,S,1487953,2,534371
206080,S,1487009,2,534307
206144,S,1486153,2,534243
206208,S,1485101,2,534179
206272,S,1484201,2,534115
206336,S,1483283,2,534051
206400,S,1482443,2,533987
206464,S,1481539,2,533923
206528,S,1480621,2,533859
206592,S,1479733,2,533795
206656,S,1478909,2,533731
206720,S,1478017,2,533667
206784,S,1477111,2,533603
206848,S,1476323,2,533539
206912,S,1475323,2,533475
206976,S,1474261,2,533411
207040,S,1473389,2,533347
207104,S,1472543,2,533283
207168,S,1471633,2,533219
207232,S,1470757,2,533155
207296,S,1469731,2,533091
207360,S,1468807,2,533027
207424,S,1467773,2,532963
207488,S,1466833,2,532899
207552,S,1465957,2,532835
207616,S,1465129,2,532771
207680,S,1464251,2,532707
207744,S,1463257,2,532643
207808,S,1462399,2,532579
207872,S,1461601,2,532515
207936,S,1460737,2,532451
208000,S,1459901,2,532387
208064,S,1458817,2,532323
208128,S,1457933,2,532259
208192,S,1456943,2,532195
208256,S,1455953,2,532131
208320,S,1455121,2,532067
208384,S,1454399,2,532003
208448,S,1453489,2,531939
208512,S,1452541,2,531875
208576,S,1451641,2,531811
208640,S,1450711,2,531747
208704,S,1449863,2,531683
208768,S,1448947,2,531619
208832,S,1447949,2,531555
208896,S,1447073,2,531491
208960,S,1446169,2,531427
209024,S,1445341,2,531363
209088,S,1444493,2,531299
209152,S,1443473,2,531235
209216,S,1442591,2,531171
209280,S,1441603,2,531107
209344,S,1440737,2,531043
209408,S,1439749,2,530979
209472,S,1438907,2,530915
209536,S,1437991,2,530851
209600,S,1437133,2,530787
209664,S,1436203,2,530723
209728,S,1435261,2,530659
209792,S,1434473,2,530595
209856,S,1433623,2,530531
209920,S,1432723,2,530467
209984,S,1431841,2,530403
210048,S,1431029,2,530339
210112,S,1430119,2,530275
210176,S,1429261,2,530211
210240,S,1538842,1,530155
210304,S,1540466,1,530123
210368,S,1542146,1,530091
210432,S,1543922,1,530059
210496,S,1545734,1,530027
210560,S,1547446,1,529995
210624,S,1549186,1,529963
210688,S,1551034,1,529931
210752,S,1552906,1,529899
210816,S,1554554,1,529867
210880,S,1556306,1,529835
210944,S,1557902,1,529803
211008,S,1559738,1,529771
211072,S,1561634,1,529739
211136,S,1563062,1,529707
211200,S,1564742,1,529675
211264,S,1566658,1,529643
211328,S,1568422,1,529611
211392,S,1570106,1,529579
211456,S,1571678,1,529547
211520,S,1573646,1,529515
211584,S,1575334,1,529483
211648,S,1576898,1,529451
211712,S,1578734,1,529419
211776,S,1580542,1,529387
211840,S,1582106,1,529355
211904,S,1583942,1,529323
211968,S,1585418,1,529291
212032,S,1587382,1,529259
212096,S,1588942,1,529227
212160,S,1590686,1,529195
212224,S,1592386,1,529163
212288,S,1594006,1,529131
212352,S,1595794,1,529099
212416,S,1597474,1,529067
212480,S,1599446,1,529035
212544,S,1601042,1,529003
212608,S,1602662,1,528971
212672,S,1604462,1,528939
212736,S,1606474,1,528907
212800,S,1608214,1,528875
212864,S,1609858,1,528843
212928,S,1611422,1,528811
212992,S,1613158,1,528779
213056,S,1615022,1,528747
213120,S,1616962,1,528715
213184,S,1618754,1,528683
213248,S,1620418,1,528651
213312,S,1622074,1,528619
213376,S,1623838,1,528587
213440,S,1625422,1,528555
213504,S,1627354,1,528523
213568,S,1629086,1,528491
213632,S,1630906,1,528459
213696,S,1632634,1,528427
213760,S,1634302,1,528395
213824,S,1636042,1,528363
213888,S,1638074,1,528331
213952,S,1639574,1,528299
214016,S,1641298,1,528267
214080,S,1642994,1,528235
214144,S,1644694,1,528203
214208,S,1646354,1,528171
214272,S,1647938,1,528139
214336,S,1649786,1,528107
214400,S,1651274,1,528075
214464,S,1652998,1,528043
214528,S,1654778,1,528011
214592,S,1656442,1,527979
214656,S,1658354,1,527947
214720,S,1660286,1,527915
214784,S,1661878,1,527883
214848,S,1663514,1,527851
214912,S,1665242,1,527819
214976,S,1666898,1,527787
215040,S,1668734,1,527755
215104,S,1670654,1,527723
215168,S,1672366,1,527691
215232,S,1674142,1,527659
215296,S,1676086,1,527627
215360,S,1677818,1,527595
215424,S,1679602,1,527563
215488,S,1681454,1,527531
215552,S,1683098,1,527499
215616,S,1684798,1,527467
215680,S,1686578,1,527435
215744,S,1688306,1,527403
215808,S,1689998,1,527371
215872,S,1691882,1,527339
215936,S,1693826,1,527307
216000,S,1695346,1,527275
216064,S,1697198,1,527243
216128,S,1698838,1,527211
216192,S,1700542,1,527179
216256,S,1702462,1,527147
216320,S,1704202,1,527115
216384,S,1705874,1,527083
216448,S,1707806,1,527051
216512,S,1709698,1,527019
216576,S,1711438,1,526987
216640,S,1713058,1,526955
216704,S,1714694,1,526923
216768,S,1716478,1,526891
216832,S,1718242,1,526859
216896,S,1720102,1,526827
216960,S,1721822,1,526795
217024,S,1723438,1,526763
217088,S,1724234,1,526731
217152,S,1724846,1,526699
217216,S,1725758,1,526667
217280,S,1726754,1,526635
217344,S,1727774,1,526603
217408,S,1728446,1,526571
217472,S,1729282,1,526539
217536,S,1730182,1,526507
217600,S,1730998,1,526475
217664,S,1731742,1,526443
217728,S,1732658,1,526411
217792,S,1733698,1,526379
217856,S,1734514,1,526347
217920,S,1735246,1,526315
217984,S,1736162,1,526283
218048,S,1736978,1,526251
218112,S,1737782,1,526219
218176,S,1738606,1,526187
218240,S,1739506,1,526155
218304,S,1740322,1,526123
218368,S,1741178,1,526091
218432,S,1741966,1,526059
218496,S,1743178,1,526027
218560,S,1744114,1,525995
218624,S,1744786,1,525963
218688,S,1745686,1,525931
218752,S,1746806,1,525899
218816,S,1747562,1,525867
218880,S,1748662,1,525835
218944,S,1749458,1,525803
219008,S,1750426,1,525771
219072,S,1751086,1,525739
219136,S,1751894,1,525707
219200,S,1752622,1,525675
219264,S,1753538,1,525643
219328,S,1754534,1,525611
219392,S,1755542,1,525579
219456,S,1756318,1,525547
219520,S,1757242,1,525515
219584,S,1758002,1,525483
219648,S,1758826,1,525451
219712,S,1759678,1,525419
219776,S,1760498,1,525387
219840,S,1761374,1,525355
219904,S,1762142,1,525323
219968,S,1762946,1,525291
220032,S,1764034,1,525259
220096,S,1764898,1,525227
220160,S,1765814,1,525195
220224,S,1766654,1,525163
220288,S,1767466,1,525131
220352,S,1768454,1,525099
220416,S,1769302,1,525067
220480,S,1770322,1,525035
220544,S,1771106,1,525003
220608,S,1771942,1,524971
220672,S,1772842,1,524939
220736,S,1773614,1,524907
220800,S,1774538,1,524875
220864,S,1775362,1,524843
220928,S,1776286,1,524811
220992,S,1777082,1,524779
221056,S,1777966,1,524747
221120,S,1778782,1,524715
221184,S,1779818,1,524683
221248,S,1780838,1,524651
221312,S,1781762,1,524619
221376,S,1782658,1,524587
221440,S,1783354,1,524555
221504,S,1784182,1,524523
221568,S,1785094,1,524491
221632,S,1786006,1,524459
221696,S,1786766,1,524427
221760,S,1787794,1,524395
221824,S,1788518,1,524363
221888,S,1789418,1,524331
221952,S,1790378,1,524299
222016,S,1791226,1,524267
222080,S,1791914,1,524235
222144,S,1792958,1,524203
222208,S,1793926,1,524171
222272,S,1794746,1,524139
222336,S,1795562,1,524107
222400,S,1796446,1,524075
222464,S,1797242,1,524043
222528,S,1798318,1,524011
222592,S,1799374,1,523979
222656,S,1800286,1,523947
222720,S,1801174,1,523915
222784,S,1802014,1,523883
222848,S,1802858,1,523851
222912,S,1803814,1,523819
222976,S,1804702,1,523787
223040,S,1805554,1,523755
223104,S,1806622,1,523723
223168,S,1807514,1,523691
223232,S,1808434,1,523659
223296,S,1809334,1,523627
223360,S,1810106,1,523595
223424,S,1810954,1,523563
223488,S,1811846,1,523531
223552,S,1812698,1,523499
223616,S,1813498,1,523467
223680,S,1814338,1,523435
223744,S,1815026,1,523403
223808,S,1815914,1,523371
223872,S,1816838,1,523339
223936,S,1817542,1,523307
224000,S,1818238,1,523275
224064,S,1819058,1,523243
224128,S,1819814,1,523211
224192,S,1820842,1,523179
224256,S,1821818,1,523147
224320,S,1822606,1,523115
224384,S,1823498,1,523083
224448,S,1824374,1,523051
224512,S,1825118,1,523019
224576,S,1826126,1,522987
224640,S,1827278,1,522955
224704,S,1828538,1,522923
224768,S,1829294,1,522891
224832,S,1830106,1,522859
224896,S,1831094,1,522827
224960,S,1831982,1,522795
225024,S,1832822,1,522763
225088,S,1833758,1,522731
225152,S,1834502,1,522699
225216,S,1835458,1,522667
225280,S,1836262,1,522635
225344,S,1837058,1,522603
225408,S,1837918,1,522571
225472,S,1838786,1,522539
225536,S,1839802,1,522507
225600,S,1840646,1,522475
225664,S,1841522,1,522443
225728,S,1842382,1,522411
225792,S,1843286,1,522379
225856,S,1844134,1,522347
225920,S,1844978,1,522315
225984,S,1845946,1,522283
226048,S,1846798,1,522251
226112,S,1847578,1,522219
226176,S,1848302,1,522187
226240,S,1849282,1,522155
226304,S,1850054,1,522123
226368,S,1850746,1,522091
226432,S,1851646,1,522059
226496,S,1852454,1,522027
226560,S,1853318,1,521995
226624,S,1854194,1,521963
226688,S,1855286,1,521931
226752,S,1856278,1,521899
226816,S,1857122,1,521867
226880,S,1858022,1,521835
226944,S,1858798,1,521803
227008,S,1859614,1,521771
227072,S,1860458,1,521739
227136,S,1861438,1,521707
227200,S,1862398,1,521675
227264,S,1863478,1,521643
227328,S,1864262,1,521611
227392,S,1865098,1,521579
227456,S,1865926,1,521547
227520,S,1866842,1,521515
227584,S,1867846,1,521483
227648,S,1868602,1,521451
227712,S,1869446,1,521419
227776,S,1870214,1,521387
227840,S,1871174,1,521355
227904,S,1872194,1,521323
227968,S,1873022,1,521291
228032,S,1873874,1,521259
228096,S,1874954,1,521227
228160,S,1875754,1,521195
228224,S,1876514,1,521163
228288,S,1877522,1,521131
228352,S,1878386,1,521099
228416,S,1879414,1,521067
228480,S,1880314,1,521035
228544,S,1881098,1,521003
228608,S,1881986,1,520971
228672,S,1882858,1,520939
228736,S,1883506,1,520907
228800,S,1884374,1,520875
228864,S,1885322,1,520843
228928,S,1886162,1,520811
228992,S,1886998,1,520779
229056,S,1887826,1,520747
229120,S,1888858,1,520715
229184,S,1889642,1,520683
229248,S,1890754,1,520651
229312,S,1891634,1,520619
229376,S,1892498,1,520587
229440,S,1893466,1,520555
229504,S,1894406,1,520523
229568,S,1895318,1,520491
229632,S,1896134,1,520459
229696,S,1897066,1,520427
229760,S,1898074,1,520395
229824,S,1899046,1,520363
229888,S,1899914,1,520331
229952,S,1900714,1,520299
230016,S,1901486,1,520267
230080,S,1902218,1,520235
230144,S,1903178,1,520203
230208,S,1904222,1,520171
230272,S,1905082,1,520139
230336,S,1905874,1,520107
230400,S,1906874,1,520075
230464,S,1907834,1,520043
230528,S,1908614,1,520011
230592,S,1909654,1,519979
230656,S,1910434,1,519947
230720,S,1911386,1,519915
230784,S,1912166,1,519883
230848,S,1913266,1,519851
230912,S,1914218,1,519819
230976,S,1915198,1,519787
231040,S,1916098,1,519755
231104,S,1916974,1,519723
231168,S,1917794,1,519691
231232,S,1918726,1,519659
231296,S,1919662,1,519627
231360,S,1920502,1,519595
231424,S,1921418,1,519563
231488,S,1922266,1,519531
231552,S,1923098,1,519499
231616,S,1923742,1,519467
231680,S,1924826,1,519435
231744,S,1925566,1,519403
231808,S,1926454,1,519371
231872,S,1927378,1,519339
231936,S,1928162,1,519307
232000,S,1929034,1,519275
232064,S,1929878,1,519243
232128,S,1930738,1,519211
232192,S,1931602,1,519179
232256,S,1932626,1,519147
232320,S,1933354,1,519115
232384,S,1934578,1,519083
232448,S,1935478,1,519051
232512,S,1936234,1,519019
232576,S,1937006,1,518987
232640,S,1937942,1,518955
232704,S,1938886,1,518923
232768,S,1939738,1,518891
232832,S,1940558,1,518859
232896,S,1941586,1,518827
232960,S,1942222,1,518795
233024,S,1943002,1,518763
233088,S,1943918,1,518731
233152,S,1944674,1,518699
233216,S,1945598,1,518667
233280,S,1946554,1,518635
233344,S,1947562,1,518603
233408,S,1948498,1,518571
233472,S,1949198,1,518539
233536,S,1949978,1,518507
233600,S,1950866,1,518475
233664,S,1951798,1,518443
233728,S,1952738,1,518411
233792,S,1953646,1,518379
233856,S,1954714,1,518347
233920,S,1955722,1,518315
233984,S,1956478,1,518283
234048,S,1957378,1,518251
234112,S,1958318,1,518219
234176,S,1959086,1,518187
234240,S,1960298,1,518155
234304,S,1961242,1,518123
234368,S,1962134,1,518091
234432,S,1962946,1,518059
234496,S,1963894,1,518027
234560,S,1964702,1,517995
234624,S,1965686,1,517963
234688,S,1966634,1,517931
234752,S,1967566,1,517899
234816,S,1968506,1,517867
234880,S,1969234,1,517835
234944,S,1970242,1,517803
235008,S,1971094,1,517771
235072,S,1971982,1,517739
235136,S,1972874,1,517707
235200,S,1973638,1,517675
235264,S,1974418,1,517643
235328,S,1975606,1,517611
235392,S,1976474,1,517579
235456,S,1977362,1,517547
235520,S,1978478,1,517515
235584,S,1979342,1,517483
235648,S,1980074,1,517451
235712,S,1980974,1,517419
235776,S,1981922,1,517387
235840,S,1982774,1,517355
235904,S,1983634,1,517323
235968,S,1984462,1,517291
236032,S,1985414,1,517259
236096,S,1986398,1,517227
236160,S,1987358,1,517195
236224,S,1988186,1,517163
236288,S,1989098,1,517131
236352,S,1989854,1,517099
236416,S,1990798,1,517067
236480,S,1991762,1,517035
236544,S,1992542,1,517003
236608,S,1993562,1,516971
236672,S,1994246,1,516939
236736,S,1995106,1,516907
236800,S,1995926,1,516875
236864,S,1996838,1,516843
236928,S,1997714,1,516811
236992,S,1998574,1,516779
237056,S,1999538,1,516747
237120,S,2000462,1,516715
237184,S,2001302,1,516683
237248,S,2002174,1,516651
237312,S,2002934,1,516619
237376,S,2003894,1,516587
237440,S,2004698,1,516555
237504,S,2005502,1,516523
237568,S,2006218,1,516491
237632,S,2007202,1,516459
237696,S,2008066,1,516427
237760,S,2009002,1,516395
237824,S,2010038,1,516363
237888,S,2010818,1,516331
237952,S,2011822,1,516299
238016,S,2012534,1,516267
238080,S,2013274,1,516235
238144,S,2014234,1,516203
238208,S,2015194,1,516171
238272,S,2015878,1,516139
238336,S,2016746,1,516107
238400,S,2017586,1,516075
238464,S,2018386,1,516043
238528,S,2019118,1,516011
238592,S,2020066,1,515979
238656,S,2021098,1,515947
238720,S,2021966,1,515915
238784,S,2022782,1,515883
238848,S,2023786,1,515851
238912,S,2024558,1,515819
238976,S,2025266,1,515787
239040,S,2026126,1,515755
239104,S,2027254,1,515723
239168,S,2028074,1,515691
239232,S,2028914,1,515659
239296,S,2029814,1,515627
239360,S,2030818,1,515595
239424,S,2031626,1,515563
239488,S,2032402,1,515531
239552,S,2033362,1,515499
239616,S,2034262,1,515467
239680,S,2035102,1,515435
239744,S,2036038,1,515403
239808,S,2037166,1,515371
239872,S,2037934,1,515339
239936,S,2038798,1,515307
240000,S,2039494,1,515275
240064,S,2040326,1,515243
240128,S,2041366,1,515211
240192,S,2042086,1,515179
240256,S,2042762,1,515147
240320,S,2043722,1,515115
240384,S,2044682,1,515083
240448,S,2045546,1,515051
240512,S,2046454,1,515019
240576,S,2047286,1,514987
240640,S,2048342,1,514955
240704,S,2049266,1,514923
240768,S,2050094,1,514891
240832,S,2050834,1,514859
240896,S,2051746,1,514827
240960,S,2052598,1,514795
241024,S,2053522,1,514763
241088,S,2054378,1,514731
241152,S,2055358,1,514699
241216,S,2056198,1,514667
241280,S,2057114,1,514635
241344,S,2058002,1,514603
241408,S,2058866,1,514571
241472,S,2059718,1,514539
241536,S,2060582,1,514507
241600,S,2061574,1,514475
241664,S,2062562,1,514443
241728,S,2063434,1,514411
241792,S,2064614,1,514379
241856,S,2065394,1,514347
241920,S,2066138,1,514315
241984,S,2066938,1,514283
242048,S,2067854,1,514251
242112,S,2068714,1,514219
242176,S,2069654,1,514187
242240,S,2070526,1,514155
242304,S,2071282,1,514123
242368,S,2072326,1,514091
242432,S,2073122,1,514059
242496,S,2073986,1,514027
242560,S,2074994,1,513995
242624,S,2075926,1,513963
242688,S,2076782,1,513931
242752,S,2077646,1,513899
242816,S,2078686,1,513867
242880,S,2079794,1,513835
242944,S,2080654,1,513803
243008,S,2081566,1,513771
243072,S,2082326,1,513739
243136,S,2083142,1,513707
243200,S,2084042,1,513675
243264,S,2084878,1,513643
243328,S,2085806,1,513611
243392,S,2086802,1,513579
243456,S,2087678,1,513547
243520,S,2088454,1,513515
243584,S,2089306,1,513483
243648,S,2090122,1,513451
243712,S,2090974,1,513419
243776,S,2091962,1,513387
243840,S,2092898,1,513355
243904,S,2093918,1,513323
243968,S,2094646,1,513291
244032,S,2095526,1,513259
244096,S,2096426,1,513227
244160,S,2097418,1,513195
244224,S,2098262,1,513163
244288,S,2099098,1,513131
244352,S,2099926,1,513099
244416,S,2100874,1,513067
244480,S,2101994,1,513035
244544,S,2102942,1,513003
244608,S,2103778,1,512971
244672,S,2104642,1,512939
244736,S,2105606,1,512907
244800,S,2106586,1,512875
244864,S,2107474,1,512843
244928,S,2108426,1,512811
244992,S,2109214,1,512779
245056,S,2110274,1,512747
245120,S,2111182,1,512715
245184,S,2112038,1,512683
245248,S,2112802,1,512651
245312,S,2113742,1,512619
245376,S,2114774,1,512587
245440,S,2115758,1,512555
245504,S,2116574,1,512523
245568,S,2117386,1,512491
245632,S,2118238,1,512459
245696,S,2119114,1,512427
245760,S,2120078,1,512395
245824,S,2120842,1,512363
245888,S,2121962,1,512331
245952,S,2122882,1,512299
246016,S,2123734,1,512267
246080,S,2124854,1,512235
246144,S,2125862,1,512203
246208,S,2126758,1,512171
246272,S,2127494,1,512139
246336,S,2128262,1,512107
246400,S,2129066,1,512075
246464,S,2130026,1,512043
246528,S,2131006,1,512011
246592,S,2131802,1,511979
246656,S,2132626,1,511947
246720,S,2133046,1,511915
246784,S,2133514,1,511883
246848,S,2134334,1,511851
246912,S,2135222,1,511819
246976,S,2136122,1,511787
247040,S,2136922,1,511755
247104,S,2137774,1,511723
247168,S,2138726,1,511691
247232,S,2139482,1,511659
247296,S,2140394,1,511627
247360,S,2141066,1,511595
247424,S,2142122,1,511563
247488,S,2142886,1,511531
247552,S,2143814,1,511499
247616,S,2144866,1,511467
247680,S,2145874,1,511435
247744,S,2146702,1,511403
247808,S,2147606,1,511371
247872,S,2148574,1,511339
247936,S,2149426,1,511307
248000,S,2150186,1,511275
248064,S,2150978,1,511243
248128,S,2151706,1,511211
248192,S,2152606,1,511179
248256,S,2153506,1,511147
248320,S,2154578,1,511115
248384,S,2155522,1,511083
248448,S,2156338,1,511051
248512,S,2157478,1,511019
248576,S,2158214,1,510987
248640,S,2159078,1,510955
248704,S,2159926,1,510923
248768,S,2160622,1,510891
248832,S,2161534,1,510859
248896,S,2162254,1,510827
248960,S,2163314,1,510795
249024,S,2164054,1,510763
249088,S,2164894,1,510731
249152,S,2165986,1,510699
249216,S,2166754,1,510667
249280,S,2167702,1,510635
249344,S,2168626,1,510603
249408,S,2169514,1,510571
249472,S,2170318,1,510539
249536,S,2171474,1,510507
249600,S,2172358,1,510475
249664,S,2173114,1,510443
249728,S,2174038,1,510411
249792,S,2175086,1,510379
249856,S,2175926,1,510347
249920,S,2176838,1,510315
249984,S,2177566,1,510283
250048,S,2178626,1,510251
250112,S,2179754,1,510219
250176,S,2180774,1,510187
250240,S,2181698,1,510155
250304,S,2182322,1,510123
250368,S,2183054,1,510091
250432,S,2184038,1,510059
250496,S,2184778,1,510027
250560,S,2185774,1,509995
250624,S,2186546,1,509963
250688,S,2187358,1,509931
250752,S,2188114,1,509899
250816,S,2188982,1,509867
250880,S,2189762,1,509835
250944,S,2190626,1,509803
251008,S,2191502,1,509771
251072,S,2192402,1,509739
251136,S,2193346,1,509707
251200,S,2194222,1,509675
251264,S,2195098,1,509643
251328,S,2196034,1,509611
251392,S,2196958,1,509579
251456,S,2198162,1,509547
251520,S,2198986,1,509515
251584,S,2199682,1,509483
251648,S,2200546,1,509451
251712,S,2201554,1,509419
251776,S,2202598,1,509387
251840,S,2203342,1,509355
251904,S,2204234,1,509323
251968,S,2205046,1,509291
252032,S,2205878,1,509259
252096,S,2206706,1,509227
252160,S,2207714,1,509195
252224,S,2208614,1,509163
252288,S,2209478,1,509131
252352,S,2210314,1,509099
252416,S,2211158,1,509067
252480,S,2211922,1,509035
252544,S,2212838,1,509003
252608,S,2213654,1,508971
252672,S,2214638,1,508939
252736,S,2215562,1,508907
252800,S,2216362,1,508875
252864,S,2217134,1,508843
252928,S,2217914,1,508811
252992,S,2218802,1,508779
253056,S,2219762,1,508747
253120,S,2220698,1,508715
253184,S,2221558,1,508683
253248,S,2222302,1,508651
253312,S,2223106,1,508619
253376,S,2224022,1,508587
253440,S,2224778,1,508555
253504,S,2225578,1,508523
253568,S,2226398,1,508491
253632,S,2227502,1,508459
253696,S,2228482,1,508427
253760,S,2229322,1,508395
253824,S,2230142,1,508363
253888,S,2231038,1,508331
253952,S,2231822,1,508299
254016,S,2232898,1,508267
254080,S,2233874,1,508235
254144,S,2234734,1,508203
254208,S,2235586,1,508171
254272,S,2236294,1,508139
254336,S,2237434,1,508107
254400,S,2238182,1,508075
254464,S,2239346,1,508043
254528,S,2240374,1,508011
254592,S,2241146,1,507979
254656,S,2241826,1,507947
254720,S,2242666,1,507915
254784,S,2243678,1,507883
254848,S,2244734,1,507851
254912,S,2245714,1,507819
254976,S,2246798,1,507787
255040,S,2247494,1,507755
255104,S,2248418,1,507723
255168,S,2249362,1,507691
255232,S,2250286,1,507659
255296,S,2251118,1,507627
255360,S,2252066,1,507595
255424,S,2253046,1,507563
255488,S,2253982,1,507531
255552,S,2254738,1,507499
255616,S,2255618,1,507467
255680,S,2256586,1,507435
255744,S,2257382,1,507403
255808,S,2258086,1,507371
255872,S,2259022,1,507339
255936,S,2259914,1,507307
256000,S,2260858,1,507275
256064,S,2261726,1,507243
256128,S,2262646,1,507211
256192,S,2263498,1,507179
256256,S,2264354,1,507147
256320,S,2265254,1,507115
256384,S,2266034,1,507083
256448,S,2267002,1,507051
256512,S,2267794,1,507019
256576,S,2268622,1,506987
256640,S,2269562,1,506955
256704,S,2270374,1,506923
256768,S,2271326,1,506891
256832,S,2272174,1,506859
256896,S,2273114,1,506827
256960,S,2273938,1,506795
257024,S,2274914,1,506763
257088,S,2275778,1,506731
257152,S,2276866,1,506699
257216,S,2277734,1,506667
257280,S,2278618,1,506635
257344,S,2279558,1,506603
257408,S,2280514,1,506571
257472,S,2281418,1,506539
257536,S,2282206,1,506507
257600,S,2283058,1,506475
257664,S,2284078,1,506443
257728,S,2285014,1,506411
257792,S,2285918,1,506379
257856,S,2286782,1,506347
257920,S,2287898,1,506315
257984,S,2288714,1,506283
258048,S,2289646,1,506251
258112,S,2290454,1,506219
258176,S,2291426,1,506187
258240,S,2292562,1,506155
258304,S,2293526,1,506123
258368,S,2294198,1,506091
258432,S,2294906,1,506059
258496,S,2295938,1,506027
258560,S,2297026,1,505995
258624,S,2297942,1,505963
258688,S,2298826,1,505931
258752,S,2299718,1,505899
258816,S,2300486,1,505867
258880,S,2301434,1,505835
258944,S,2302166,1,505803
259008,S,2302942,1,505771
259072,S,2303926,1,505739
259136,S,2304838,1,505707
259200,S,2305834,1,505675
259264,S,2306534,1,505643
259328,S,2307502,1,505611
259392,S,2308486,1,505579
259456,S,2309306,1,505547
259520,S,2310338,1,505515
259584,S,2311258,1,505483
259648,S,2312026,1,505451
259712,S,2312846,1,505419
259776,S,2313646,1,505387
259840,S,2314514,1,505355
259904,S,2315422,1,505323
259968,S,2316374,1,505291
260032,S,2317138,1,505259
260096,S,2317982,1,505227
260160,S,2318846,1,505195
260224,S,2319934,1,505163
260288,S,2320742,1,505131
260352,S,2321734,1,505099
260416,S,2322482,1,505067
260480,S,2323274,1,505035
260544,S,2324158,1,505003
260608,S,2325082,1,504971
260672,S,2325794,1,504939
260736,S,2326414,1,504907
260800,S,2327282,1,504875
260864,S,2328086,1,504843
260928,S,2329114,1,504811
260992,S,2329982,1,504779
261056,S,2330758,1,504747
261120,S,2331806,1,504715
261184,S,2332718,1,504683
261248,S,2333546,1,504651
261312,S,2334482,1,504619
261376,S,2335394,1,504587
261440,S,2336266,1,504555
261504,S,2337238,1,504523
261568,S,2338022,1,504491
261632,S,2338898,1,504459
261696,S,2339858,1,504427
261760,S,2340722,1,504395
261824,S,2341558,1,504363
261888,S,2342482,1,504331
261952,S,2343494,1,504299
262016,S,2344294,1,504267
262080,S,2345314,1,504235
262144,S,2346202,1,504203
262208,S,2347166,1,504171
262272,S,2348158,1,504139
262336,S,2348978,1,504107
262400,S,2349794,1,504075
262464,S,2350822,1,504043
262528,S,2351626,1,504011
262592,S,2352446,1,503979
262656,S,2353402,1,503947
262720,S,2354306,1,503915
262784,S,2355218,1,503883
262848,S,2356066,1,503851
262912,S,2356754,1,503819
262976,S,2357666,1,503787
263040,S,2358562,1,503755
263104,S,2359298,1,503723
263168,S,2360146,1,503691
263232,S,2361014,1,503659
263296,S,2361794,1,503627
263360,S,2362562,1,503595
263424,S,2363518,1,503563
263488,S,2364574,1,503531
263552,S,2365382,1,503499
263616,S,2366246,1,503467
263680,S,2367082,1,503435
263744,S,2367962,1,503403
263808,S,2368754,1,503371
263872,S,2369674,1,503339
263936,S,2370638,1,503307
264000,S,2371378,1,503275
264064,S,2372198,1,503243
264128,S,2373314,1,503211
264192,S,2374318,1,503179
264256,S,2375078,1,503147
264320,S,2375878,1,503115
264384,S,2376586,1,503083
264448,S,2377538,1,503051
264512,S,2378438,1,503019
264576,S,2379346,1,502987
264640,S,2380286,1,502955
264704,S,2381278,1,502923
264768,S,2382122,1,502891
264832,S,2382998,1,502859
264896,S,2383874,1,502827
264960,S,2384674,1,502795
265024,S,2385662,1,502763
265088,S,2386478,1,502731
265152,S,2387402,1,502699
265216,S,2388118,1,502667
265280,S,2389162,1,502635
265344,S,2389958,1,502603
265408,S,2390978,1,502571
265472,S,2391874,1,502539
265536,S,2392862,1,502507
265600,S,2393746,1,502475
265664,S,2394554,1,502443
265728,S,2395534,1,502411
265792,S,2396434,1,502379
265856,S,2397302,1,502347
265920,S,2398274,1,502315
265984,S,2399186,1,502283
266048,S,2399998,1,502251
266112,S,2400998,1,502219
266176,S,2401978,1,502187
266240,S,2402878,1,502155
266304,S,2403838,1,502123
266368,S,2404642,1,502091
266432,S,2405626,1,502059
266496,S,2406566,1,502027
266560,S,2407546,1,501995
266624,S,2408338,1,501963
266688,S,2409338,1,501931
266752,S,2410438,1,501899
266816,S,2411362,1,501867
266880,S,2412314,1,501835
266944,S,2413154,1,501803
267008,S,2414086,1,501771
267072,S,2414882,1,501739
267136,S,2416054,1,501707
267200,S,2417042,1,501675
267264,S,2418106,1,501643
267328,S,2418938,1,501611
267392,S,2419862,1,501579
267456,S,2420786,1,501547
267520,S,2421638,1,501515
267584,S,2422522,1,501483
267648,S,2423318,1,501451
267712,S,2424106,1,501419
267776,S,2424974,1,501387
267840,S,2425834,1,501355
267904,S,2426654,1,501323
267968,S,2427518,1,501291
268032,S,2428366,1,501259
268096,S,2429246,1,501227
268160,S,2430058,1,501195
268224,S,2430914,1,501163
268288,S,2431838,1,501131
268352,S,2432918,1,501099
268416,S,2433758,1,501067
268480,S,2434426,1,501035
268544,S,2435338,1,501003
268608,S,2436334,1,500971
268672,S,2437202,1,500939
268736,S,2438218,1,500907
268800,S,2439214,1,500875
268864,S,2439754,1,500843
268928,S,2440738,1,500811
268992,S,2441794,1,500779
269056,S,2442758,1,500747
269120,S,2443582,1,500715
269184,S,2444542,1,500683
269248,S,2445514,1,500651
269312,S,2446394,1,500619
269376,S,2447366,1,500587
269440,S,2448262,1,500555
269504,S,2449198,1,500523
269568,S,2450146,1,500491
269632,S,2451014,1,500459
269696,S,2451818,1,500427
269760,S,2452678,1,500395
269824,S,2453482,1,500363
269888,S,2454482,1,500331
269952,S,2455594,1,500299
270016,S,2456438,1,500267
270080,S,2457226,1,500235
270144,S,2458186,1,500203
270208,S,2458922,1,500171
270272,S,2459986,1,500139
270336,S,2460802,1,500107
270400,S,2461898,1,500075
270464,S,2462626,1,500043
270528,S,2463418,1,500011
270592,S,2464426,1,499979
270656,S,2465366,1,499947
270720,S,2466374,1,499915
270784,S,2467222,1,499883
270848,S,2468462,1,499851
270912,S,2469514,1,499819
270976,S,2470334,1,499787
271040,S,2471146,1,499755
271104,S,2472326,1,499723
271168,S,2473322,1,499691
271232,S,2474158,1,499659
271296,S,2474998,1,499627
271360,S,2475898,1,499595
271424,S,2476814,1,499563
271488,S,2477602,1,499531
271552,S,2478562,1,499499
271616,S,2479322,1,499467
271680,S,2480194,1,499435
271744,S,2481214,1,499403
271808,S,2482118,1,499371
271872,S,2482966,1,499339
271936,S,2483902,1,499307
272000,S,2484806,1,499275
272064,S,2485858,1,499243
272128,S,2486786,1,499211
272192,S,2487682,1,499179
272256,S,2488394,1,499147
272320,S,2489222,1,499115
272384,S,2490134,1,499083
272448,S,2491298,1,499051
272512,S,2492162,1,499019
272576,S,2492866,1,498987
272640,S,2493658,1,498955
272704,S,2494634,1,498923
272768,S,2495474,1,498891
272832,S,2496238,1,498859
272896,S,2497106,1,498827
272960,S,2498038,1,498795
273024,S,2498806,1,498763
273088,S,2499638,1,498731
273152,S,1383566,1,498699
273216,S,2192026,1,498667
273280,S,1509314,1,498635
273344,S,1538818,1,498603
273408,S,1575698,1,498571
273472,S,1605202,1,498539
273536,S,1643926,1,498507
273600,S,1855838,1,498475
273664,S,1828126,1,498443
273728,S,1803878,1,498411
273792,S,1777898,1,498379
273856,S,1741526,1,498347
273920,S,1646266,1,498315
273984,S,1687834,1,498283
274048,S,1227587,1,498251
274112,S,1233809,1,498219
274176,S,1085501,1,498187
274240,S,1092743,1,498155
274304,S,1099339,1,498123
274368,S,1106071,1,498091
274432,S,1111919,1,498059
274496,S,1117019,1,498027
274560,S,1123139,1,497995
274624,S,1129939,1,497963
274688,S,1136297,1,497931
274752,S,1141873,1,497899
274816,S,1147381,1,497867
274880,S,1152923,1,497835
274944,S,1159519,1,497803
275008,S,1166149,1,497771
275072,S,1172099,1,497739
275136,S,1178797,1,497707
275200,S,1185971,1,497675
275264,S,1192057,1,497643
275328,S,1197667,1,497611
275392,S,1204297,1,497579
275456,S,1209499,1,497547
275520,S,1214429,1,497515
275584,S,1220957,1,497483
275648,S,1239317,1,497451
275712,S,1245947,1,497419
275776,S,2499527,1,497387
275840,S,2492999,1,497355
275904,S,2486233,1,497323
275968,S,2480249,1,497291
276032,S,2473789,1,497259
276096,S,2467261,1,497227
276160,S,2460767,1,497195
276224,S,2453933,1,497163
276288,S,2447099,1,497131
276352,S,2440129,1,497099
276416,S,2433397,1,497067
276480,S,2426087,1,497035
276544,S,2419049,1,497003
276608,S,2412827,1,496971
276672,S,2407421,1,496939
276736,S,2400757,1,496907
276800,S,2394059,1,496875
276864,S,2388041,1,496843
276928,S,2382431,1,496811
276992,S,2375393,1,496779
277056,S,2369239,1,496747
277120,S,2361691,1,496715
277184,S,2355571,1,496683
277248,S,2349247,1,496651
277312,S,2343059,1,496619
277376,S,2335783,1,496587
277440,S,2329493,1,496555
277504,S,2323169,1,496523
277568,S,2318137,1,496491
277632,S,2312221,1,496459
277696,S,2305421,1,496427
277760,S,2299811,1,496395
277824,S,2293589,1,496363
277888,S,2286007,1,496331
277952,S,2279581,1,496299
278016,S,2273053,1,496267
278080,S,2266423,1,496235
278144,S,2260201,1,496203
278208,S,2254523,1,496171
278272,S,2248199,1,496139
278336,S,2241263,1,496107
278400,S,2235109,1,496075
278464,S,2228071,1,496043
278528,S,2220863,1,496011
278592,S,2215151,1,495979
278656,S,2208623,1,495947
278720,S,2201789,1,495915
278784,S,2195873,1,495883
278848,S,2190127,1,495851
278912,S,2183633,1,495819
278976,S,2177921,1,495787
279040,S,2171053,1,495755
279104,S,2164831,1,495723
279168,S,2158133,1,495691
279232,S,2150789,1,495659
279296,S,2144431,1,495627
279360,S,2138209,1,495595
279424,S,2131919,1,495563
279488,S,2125901,1,495531
279552,S,2119543,1,495499
279616,S,2113049,1,495467
279680,S,2106487,1,495435
279744,S,2100299,1,495403
279808,S,2094247,1,495371
279872,S,2087413,1,495339
279936,S,2080783,1,495307
280000,S,2074697,1,495275
280064,S,2067761,1,495243
280128,S,2062661,1,495211
280192,S,2056031,1,495179
280256,S,2051237,1,495147
280320,S,2043961,1,495115
280384,S,2037773,1,495083
280448,S,2032469,1,495051
280512,S,2024819,1,495019
280576,S,2018699,1,494987
280640,S,2012273,1,494955
280704,S,2005303,1,494923
280768,S,1999931,1,494891
280832,S,1993097,1,494859
280896,S,1987351,1,494827
280960,S,1490939,1,494795
281024,S,1498249,1,494763
281088,S,1507193,1,494731
281152,S,1306727,1,494699
281216,S,1321261,1,494667
281280,S,1335967,1,494635
281344,S,1347491,1,494603
281408,S,1364089,1,494571
281472,S,1379569,1,494539
281536,S,1392211,1,494507
281600,S,1405799,1,494475
281664,S,1419559,1,494443
281728,S,1433921,1,494411
281792,S,1445789,1,494379
281856,S,1459463,1,494347
281920,S,1475459,1,494315
281984,S,596411,1,494283
282048,S,599369,1,494251
282112,S,602123,1,494219
282176,S,604741,1,494187
282240,S,608651,1,494155
282304,S,611473,1,494123
282368,S,613853,1,494091
282432,S,617083,1,494059
282496,S,620143,1,494027
282560,S,622931,1,493995
282624,S,2420861,1,493963
282688,S,2434141,1,493931
282752,S,2446259,1,493899
282816,S,2462029,1,493867
282880,S,2478629,1,493835
282944,S,2494897,1,493803
283008,S,1979531,1,493771
283072,S,406009,1,493739
283136,S,359257,1,493707
283200,S,1208257,1,493675
283264,S,1224511,1,493643
283328,S,1235089,1,493611
283392,S,1241797,1,493579
283456,S,400133,1,493547
283520,S,354611,1,493515
283584,S,1584221,1,493483
283648,S,2052581,1,493451
283712,S,827191,1,493419
283776,S,2181917,1,493387
283840,S,1958087,1,493355
283904,S,1612441,1,493323
283968,S,2083183,1,493291
284032,S,838801,1,493259
284096,S,1539899,1,493227
284160,S,2068691,1,493195
284224,S,1853653,1,493163
284288,S,1476487,1,493131
284352,S,2017163,1,493099
284416,S,1808809,1,493067
284480,S,1488937,1,493035
284544,S,2032531,1,493003
284608,S,1822747,1,492971
284672,S,1501387,1,492939
284736,S,1709803,1,492907
284800,S,1537927,1,492875
284864,S,1269817,1,492843
284928,S,1739183,1,492811
284992,S,1564793,1,492779
285056,S,1294883,1,492747
285120,S,1772179,1,492715
285184,S,1594487,1,492683
285248,S,1318621,1,492651
285312,S,1808113,1,492619
285376,S,1625191,1,492587
285440,S,1344019,1,492555
285504,S,1846307,1,492523
285568,S,1659733,1,492491
285632,S,1373401,1,492459
285696,S,1882241,1,492427
285760,S,1692659,1,492395
285824,S,1401289,1,492363
285888,S,1919531,1,492331
285952,S,1724777,1,492299
286016,S,1426687,1,492267
286080,S,1956821,1,492235
286144,S,1752451,1,492203
286208,S,1443287,1,492171
286272,S,1971059,1,492139
286336,S,1765783,1,492107
286400,S,1454077,1,492075
286464,S,1986653,1,492043
286528,S,1780327,1,492011
286592,S,1467689,1,491979
286656,S,2005637,1,491947
286720,S,1833049,1,491915
286784,S,1512011,1,491883
286848,S,1034063,1,491851
286912,S,911929,1,491819
286976,S,1136687,1,491787
287040,S,934859,1,491755
287104,S,733471,1,491723
287168,S,651799,1,491691
287232,S,899819,1,491659
287296,S,817393,1,491627
287360,S,1082453,1,491595
287424,S,895483,1,491563
287488,S,705583,1,491531
287552,S,974851,1,491499
287616,S,286093,1,491467
287680,S,274363,1,491435
287744,S,264367,1,491403
287808,S,255527,1,491371
287872,S,250529,1,491339
287936,S,245429,1,491307
288000,S,239411,1,491275
288064,S,233971,1,491243
288128,S,1814287,1,491211
288192,S,1618571,1,491179
288256,S,1798297,1,491147
288320,S,1535851,1,491115
288384,S,1786919,1,491083
288448,S,1518547,1,491051
288512,S,1768297,1,491019
288576,S,3333007,1,490960
288640,S,3332411,1,490896
288704,S,3331957,1,490832
288768,S,3331381,1,490768
288832,S,3330959,1,490704
288896,S,3330421,1,490640
288960,S,3329861,1,490576
289024,S,3329449,1,490512
289088,S,3328979,1,490448
289152,S,3328513,1,490384
289216,S,3328043,1,490320
289280,S,3327551,1,490256
289344,S,3327061,1,490192
289408,S,3326567,1,490128
289472,S,3326069,1,490064
289536,S,3325657,1,490000
289600,S,3325177,1,489936
289664,S,3324689,1,489872
289728,S,3324311,1,489808
289792,S,3323921,1,489744
289856,S,3323207,1,489680
289920,S,3322783,1,489616
289984,S,3322343,1,489552
290048,S,3321937,1,489488
290112,S,3321497,1,489424
290176,S,3320971,1,489360
290240,S,3320477,1,489296
290304,S,3319951,1,489232
290368,S,3319493,1,489168
290432,S,3318983,1,489104
290496,S,3318409,1,489040
290560,S,3317933,1,488976
290624,S,3317417,1,488912
290688,S,3316903,1,488848
290752,S,3316471,1,488784
290816,S,3315989,1,488720
290880,S,3315457,1,488656
290944,S,3315031,1,488592
291008,S,3314503,1,488528
291072,S,3314027,1,488464
291136,S,3313603,1,488400
291200,S,3313153,1,488336
291264,S,3312601,1,488272
291328,S,3312097,1,488208
291392,S,3311717,1,488144
291456,S,3311219,1,488080
291520,S,3310789,1,488016
291584,S,3310253,1,487952
291648,S,3309749,1,487888
291712,S,3309301,1,487824
291776,S,3308923,1,487760
291840,S,3308519,1,487696
291904,S,3308027,1,487632
291968,S,3307487,1,487568
292032,S,3306907,1,487504
292096,S,3306529,1,487440
292160,S,3306059,1,487376
292224,S,3305591,1,487312
292288,S,3305149,1,487248
292352,S,3304759,1,487184
292416,S,3304277,1,487120
292480,S,3303719,1,487056
292544,S,3303319,1,486992
292608,S,3302807,1,486928
292672,S,3302209,1,486864
292736,S,3301789,1,486800
292800,S,3301267,1,486736
292864,S,3300779,1,486672
292928,S,3300191,1,486608
292992,S,3299641,1,486544
293056,S,3299117,1,486480
293120,S,3298613,1,486416
293184,S,3298049,1,486352
293248,S,3297587,1,486288
293312,S,3297163,1,486224
293376,S,3296723,1,486160
293440,S,3296263,1,486096
293504,S,3295729,1,486032
293568,S,3295309,1,485968
293632,S,3294791,1,485904
293696,S,3294293,1,485840
293760,S,3293819,1,485776
293824,S,3293231,1,485712
293888,S,3292637,1,485648
293952,S,3292147,1,485584
294016,S,3291733,1,485520
294080,S,3291317,1,485456
294144,S,3290773,1,485392
294208,S,3290267,1,485328
294272,S,3289931,1,485264
294336,S,3289463,1,485200
294400,S,3288949,1,485136
294464,S,3288503,1,485072
294528,S,3288023,1,485008
294592,S,3287567,1,484944
294656,S,3287047,1,484880
294720,S,3286607,1,484816
294784,S,3286141,1,484752
294848,S,3285683,1,484688
294912,S,3285169,1,484624
294976,S,3284681,1,484560
295040,S,3284069,1,484496
295104,S,3283681,1,484432
295168,S,3283237,1,484368
295232,S,3282817,1,484304
295296,S,3282407,1,484240
295360,S,3281701,1,484176
295424,S,3281209,1,484112
295488,S,3280747,1,484048
295552,S,3280363,1,483984
295616,S,3279767,1,483920
295680,S,3279173,1,483856
295744,S,3278651,1,483792
295808,S,3278207,1,483728
295872,S,3277801,1,483664
295936,S,3277397,1,483600
296000,S,3276967,1,483536
296064,S,3276487,1,483472
296128,S,3276029,1,483408
296192,S,3275627,1,483344
296256,S,3275179,1,483280
296320,S,3274697,1,483216
296384,S,3274231,1,483152
296448,S,3273791,1,483088
296512,S,3273209,1,483024
296576,S,3272741,1,482960
296640,S,3272231,1,482896
296704,S,3271753,1,482832
296768,S,3271223,1,482768
296832,S,3270727,1,482704
296896,S,3270251,1,482640
296960,S,3269789,1,482576
297024,S,3269303,1,482512
297088,S,3268787,1,482448
297152,S,3268303,1,482384
297216,S,3267839,1,482320
297280,S,3267353,1,482256
297344,S,3266881,1,482192
297408,S,3266383,1,482128
297472,S,3265949,1,482064
297536,S,3265573,1,482000
297600,S,3265069,1,481936
297664,S,3264589,1,481872
297728,S,3264071,1,481808
297792,S,3263551,1,481744
297856,S,3263107,1,481680
297920,S,3262601,1,481616
297984,S,3262139,1,481552
298048,S,3261551,1,481488
298112,S,3261119,1,481424
298176,S,3260657,1,481360
298240,S,3260207,1,481296
298304,S,3259843,1,481232
298368,S,3259453,1,481168
298432,S,3258863,1,481104
298496,S,3258391,1,481040
298560,S,3257879,1,480976
298624,S,3257413,1,480912
298688,S,3256987,1,480848
298752,S,3256483,1,480784
298816,S,3255979,1,480720
298880,S,3255583,1,480656
298944,S,3255139,1,480592
299008,S,3254527,1,480528
299072,S,3254081,1,480464
299136,S,3253531,1,480400
299200,S,3253031,1,480336
299264,S,3252533,1,480272
299328,S,3252061,1,480208
299392,S,3251609,1,480144
299456,S,3251099,1,480080
299520,S,3250651,1,480016
299584,S,3250157,1,479952
299648,S,3249679,1,479888
299712,S,3249179,1,479824
299776,S,3248689,1,479760
299840,S,3248137,1,479696
299904,S,3247639,1,479632
299968,S,3247249,1,479568
300032,S,3246721,1,479504
300096,S,3246307,1,479440
300160,S,3245849,1,479376
300224,S,3245357,1,479312
300288,S,3244907,1,479248
300352,S,3244337,1,479184
300416,S,3243931,1,479120
300480,S,3243353,1,479056
300544,S,3242909,1,478992
300608,S,3242363,1,478928
300672,S,3241879,1,478864
300736,S,3241429,1,478800
300800,S,3240841,1,478736
300864,S,3240311,1,478672
300928,S,3239773,1,478608
300992,S,3239311,1,478544
301056,S,3238831,1,478480
301120,S,3238399,1,478416
301184,S,3237991,1,478352
301248,S,3237491,1,478288
301312,S,3237029,1,478224
301376,S,3236543,1,478160
301440,S,3236221,1,478096
301504,S,3235717,1,478032
301568,S,3235283,1,477968
301632,S,3234821,1,477904
301696,S,3234307,1,477840
301760,S,3233851,1,477776
301824,S,3233359,1,477712
301888,S,3232927,1,477648
301952,S,3232501,1,477584
302016,S,3232003,1,477520
302080,S,3231541,1,477456
302144,S,3231097,1,477392
302208,S,3230531,1,477328
302272,S,3230053,1,477264
302336,S,3229517,1,477200
302400,S,3229097,1,477136
302464,S,3228661,1,477072
302528,S,3228143,1,477008
302592,S,3227761,1,476944
302656,S,3227243,1,476880
302720,S,3226771,1,476816
302784,S,3226241,1,476752
302848,S,3225787,1,476688
302912,S,3225247,1,476624
302976,S,3224797,1,476560
303040,S,3224293,1,476496
303104,S,3223837,1,476432
303168,S,3223391,1,476368
303232,S,3222899,1,476304
303296,S,3222389,1,476240
303360,S,3221941,1,476176
303424,S,3221443,1,476112
303488,S,3220951,1,476048
303552,S,3220523,1,475984
303616,S,3220037,1,475920
303680,S,3219479,1,475856
303744,S,3218953,1,475792
303808,S,3218477,1,475728
303872,S,3218027,1,475664
303936,S,3217559,1,475600
304000,S,3217073,1,475536
304064,S,3216601,1,475472
304128,S,3216131,1,475408
304192,S,3215761,1,475344
304256,S,3215281,1,475280
304320,S,3214811,1,475216
304384,S,3214417,1,475152
304448,S,3214007,1,475088
304512,S,3213377,1,475024
304576,S,3212849,1,474960
304640,S,3212267,1,474896
304704,S,3211841,1,474832
304768,S,3211409,1,474768
304832,S,3210917,1,474704
304896,S,3210469,1,474640
304960,S,3210061,1,474576
305024,S,3209561,1,474512
305088,S,3209083,1,474448
305152,S,3208691,1,474384
305216,S,3208151,1,474320
305280,S,3207697,1,474256
305344,S,3207221,1,474192
305408,S,3206881,1,474128
305472,S,3206393,1,474064
305536,S,3205949,1,474000
305600,S,3205403,1,473936
305664,S,3204893,1,473872
305728,S,3204373,1,473808
305792,S,3203771,1,473744
305856,S,3203353,1,473680
305920,S,3202883,1,473616
305984,S,3202369,1,473552
306048,S,3202039,1,473488
306112,S,3201617,1,473424
306176,S,3201131,1,473360
306240,S,3200621,1,473296
306304,S,3200209,1,473232
306368,S,3199837,1,473168
306432,S,3199319,1,473104
306496,S,3198913,1,473040
306560,S,3198427,1,472976
306624,S,3197923,1,472912
306688,S,3197563,1,472848
306752,S,3196981,1,472784
306816,S,3196559,1,472720
306880,S,3196133,1,472656
306944,S,3195623,1,472592
307008,S,3195131,1,472528
307072,S,3194573,1,472464
307136,S,3194159,1,472400
307200,S,3193667,1,472336
307264,S,3193243,1,472272
307328,S,3192737,1,472208
307392,S,3192253,1,472144
307456,S,3191803,1,472080
307520,S,3191381,1,472016
307584,S,3190909,1,471952
307648,S,3190283,1,471888
307712,S,3189833,1,471824
307776,S,3189413,1,471760
307840,S,3189007,1,471696
307904,S,3188573,1,471632
307968,S,3188093,1,471568
308032,S,3187621,1,471504
308096,S,3187111,1,471440
308160,S,3186683,1,471376
308224,S,3186203,1,471312
308288,S,3185759,1,471248
308352,S,3185251,1,471184
308416,S,3184733,1,471120
308480,S,3184157,1,471056
308544,S,3183767,1,470992
308608,S,3183343,1,470928
308672,S,3182911,1,470864
308736,S,3182483,1,470800
308800,S,3182059,1,470736
308864,S,3181609,1,470672
308928,S,3181069,1,470608
308992,S,3180701,1,470544
309056,S,3180167,1,470480
309120,S,3179611,1,470416
309184,S,3178997,1,470352
309248,S,3178583,1,470288
309312,S,3178103,1,470224
309376,S,3177631,1,470160
309440,S,3177107,1,470096
309504,S,3176681,1,470032
309568,S,3176111,1,469968
309632,S,3175619,1,469904
309696,S,3175027,1,469840
309760,S,3174593,1,469776
309824,S,3174109,1,469712
309888,S,3173623,1,469648
309952,S,3173081,1,469584
310016,S,3172711,1,469520
310080,S,3172237,1,469456
310144,S,3171823,1,469392
310208,S,3171431,1,469328
310272,S,3170969,1,469264
310336,S,3170437,1,469200
310400,S,3170039,1,469136
310464,S,3169541,1,469072
310528,S,3169093,1,469008
310592,S,3168533,1,468944
310656,S,3167963,1,468880
310720,S,3167497,1,468816
310784,S,3166973,1,468752
310848,S,3166519,1,468688
310912,S,3166171,1,468624
310976,S,3165671,1,468560
311040,S,3165289,1,468496
311104,S,3164893,1,468432
311168,S,3164407,1,468368
311232,S,3163933,1,468304
311296,S,3163529,1,468240
311360,S,3163099,1,468176
311424,S,3162623,1,468112
311488,S,3162011,1,468048
311552,S,3161449,1,467984
311616,S,3160943,1,467920
311680,S,3160393,1,467856
311744,S,3159931,1,467792
311808,S,3159461,1,467728
311872,S,3159001,1,467664
311936,S,3158401,1,467600
312000,S,3157837,1,467536
312064,S,3157367,1,467472
312128,S,3156949,1,467408
312192,S,3156463,1,467344
312256,S,3156061,1,467280
312320,S,3155599,1,467216
312384,S,3155057,1,467152
312448,S,3154471,1,467088
312512,S,3154097,1,467024
312576,S,3153707,1,466960
312640,S,3153299,1,466896
312704,S,3152761,1,466832
312768,S,3152321,1,466768
312832,S,3151871,1,466704
312896,S,3151501,1,466640
312960,S,3150919,1,466576
313024,S,3150529,1,466512
313088,S,3150031,1,466448
313152,S,3149639,1,466384
313216,S,3149057,1,466320
313280,S,3148603,1,466256
313344,S,3148157,1,466192
313408,S,3147707,1,466128
313472,S,3147181,1,466064
313536,S,3146707,1,466000
313600,S,3146219,1,465936
313664,S,3145721,1,465872
313728,S,3145223,1,465808
313792,S,3144811,1,465744
313856,S,3144313,1,465680
313920,S,3143813,1,465616
313984,S,3143167,1,465552
314048,S,3142829,1,465488
314112,S,3142393,1,465424
314176,S,3141877,1,465360
314240,S,3141343,1,465296
314304,S,3140881,1,465232
314368,S,3140321,1,465168
314432,S,3139847,1,465104
314496,S,3139421,1,465040
314560,S,3138953,1,464976
314624,S,3138539,1,464912
314688,S,3137993,1,464848
314752,S,3137513,1,464784
314816,S,3136943,1,464720
314880,S,3136429,1,464656
314944,S,3135983,1,464592
315008,S,3135449,1,464528
315072,S,3135017,1,464464
315136,S,3134459,1,464400
315200,S,3134017,1,464336
315264,S,3133583,1,464272
315328,S,3133153,1,464208
315392,S,3132629,1,464144
315456,S,3132037,1,464080
315520,S,3131483,1,464016
315584,S,3131113,1,463952
315648,S,3130627,1,463888
315712,S,3130229,1,463824
315776,S,3129781,1,463760
315840,S,3129263,1,463696
315904,S,3128813,1,463632
315968,S,3128329,1,463568
316032,S,3127877,1,463504
316096,S,3127459,1,463440
316160,S,3126979,1,463376
316224,S,3126451,1,463312
316288,S,3125959,1,463248
316352,S,3125497,1,463184
316416,S,3124967,1,463120
316480,S,3124409,1,463056
316544,S,3123893,1,462992
316608,S,3123511,1,462928
316672,S,3122993,1,462864
316736,S,3122551,1,462800
316800,S,3122003,1,462736
316864,S,3121487,1,462672
316928,S,3121039,1,462608
316992,S,3120599,1,462544
317056,S,3120107,1,462480
317120,S,3119647,1,462416
317184,S,3119069,1,462352
317248,S,3118669,1,462288
317312,S,3118267,1,462224
317376,S,3117827,1,462160
317440,S,3117431,1,462096
317504,S,3116857,1,462032
317568,S,3116501,1,461968
317632,S,3115993,1,461904
317696,S,3115493,1,461840
317760,S,3115061,1,461776
317824,S,3114577,1,461712
317888,S,3114109,1,461648
317952,S,3113647,1,461584
318016,S,3113197,1,461520
318080,S,3112693,1,461456
318144,S,3112147,1,461392
318208,S,3111607,1,461328
318272,S,3111131,1,461264
318336,S,3110671,1,461200
318400,S,3110231,1,461136
318464,S,3109747,1,461072
318528,S,3109297,1,461008
318592,S,3108751,1,460944
318656,S,3108337,1,460880
318720,S,3107899,1,460816
318784,S,3107473,1,460752
318848,S,3106919,1,460688
318912,S,3106387,1,460624
318976,S,3105967,1,460560
319040,S,3105499,1,460496
319104,S,3105079,1,460432
319168,S,3104603,1,460368
319232,S,3104137,1,460304
319296,S,3103579,1,460240
319360,S,3103147,1,460176
319424,S,3102767,1,460112
319488,S,3102353,1,460048
319552,S,3101897,1,459984
319616,S,3101419,1,459920
319680,S,3100939,1,459856
319744,S,3100271,1,459792
319808,S,3099617,1,459728
319872,S,3099203,1,459664
319936,S,3098717,1,459600
320000,S,3098237,1,459536
320064,S,3097687,1,459472
320128,S,3097121,1,459408
320192,S,3096589,1,459344
320256,S,3096179,1,459280
320320,S,3095791,1,459216
320384,S,3095327,1,459152
320448,S,3094783,1,459088
320512,S,3094181,1,459024
320576,S,3093763,1,458960
320640,S,3093221,1,458896
320704,S,3092767,1,458832
320768,S,3092347,1,458768
320832,S,3091819,1,458704
320896,S,3091393,1,458640
320960,S,3090973,1,458576
321024,S,3090449,1,458512
321088,S,3089959,1,458448
321152,S,3089519,1,458384
321216,S,3089117,1,458320
321280,S,3088639,1,458256
321344,S,3088171,1,458192
321408,S,3087793,1,458128
321472,S,3087373,1,458064
321536,S,3086959,1,458000
321600,S,3086371,1,457936
321664,S,3085921,1,457872
321728,S,3085457,1,457808
321792,S,3084943,1,457744
321856,S,3084569,1,457680
321920,S,3084049,1,457616
321984,S,3083513,1,457552
322048,S,3083029,1,457488
322112,S,3082523,1,457424
322176,S,3081943,1,457360
322240,S,3081499,1,457296
322304,S,3081053,1,457232
322368,S,3080677,1,457168
322432,S,3080167,1,457104
322496,S,3079717,1,457040
322560,S,3079207,1,456976
322624,S,3078743,1,456912
322688,S,3078227,1,456848
322752,S,3077783,1,456784
322816,S,3077311,1,456720
322880,S,3076817,1,456656
322944,S,3076387,1,456592
323008,S,3075953,1,456528
323072,S,3075383,1,456464
323136,S,3075013,1,456400
323200,S,3074587,1,456336
323264,S,3074153,1,456272
323328,S,3073817,1,456208
323392,S,3073271,1,456144
323456,S,3072749,1,456080
323520,S,3072263,1,456016
323584,S,3071833,1,455952
323648,S,3071359,1,455888
323712,S,3070943,1,455824
323776,S,3070471,1,455760
323840,S,3070031,1,455696
323904,S,3069569,1,455632
323968,S,3069133,1,455568
324032,S,3068699,1,455504
324096,S,3068173,1,455440
324160,S,3067783,1,455376
324224,S,3067367,1,455312
324288,S,3066827,1,455248
324352,S,3066319,1,455184
324416,S,3065833,1,455120
324480,S,3065453,1,455056
324544,S,3064883,1,454992
324608,S,3064307,1,454928
324672,S,3063701,1,454864
324736,S,3063167,1,454800
324800,S,3062663,1,454736
324864,S,3062123,1,454672
324928,S,3061759,1,454608
324992,S,3061259,1,454544
325056,S,3060839,1,454480
325120,S,3060397,1,454416
325184,S,3059891,1,454352
325248,S,3059341,1,454288
325312,S,3058897,1,454224
325376,S,3058529,1,454160
325440,S,3057983,1,454096
325504,S,3057539,1,454032
325568,S,3056981,1,453968
325632,S,3056489,1,453904
325696,S,3056051,1,453840
325760,S,3055501,1,453776
325824,S,3055043,1,453712
325888,S,3054521,1,453648
325952,S,3053987,1,453584
326016,S,3053521,1,453520
326080,S,3053117,1,453456
326144,S,3052661,1,453392
326208,S,3052211,1,453328
326272,S,3051707,1,453264
326336,S,3051133,1,453200
326400,S,3050683,1,453136
326464,S,3050153,1,453072
326528,S,3049741,1,453008
326592,S,3049201,1,452944
326656,S,3048691,1,452880
326720,S,3048173,1,452816
326784,S,3047617,1,452752
326848,S,3047251,1,452688
326912,S,3046753,1,452624
326976,S,3046331,1,452560
327040,S,3045773,1,452496
327104,S,3045253,1,452432
327168,S,3044777,1,452368
327232,S,3044221,1,452304
327296,S,3043787,1,452240
327360,S,3043349,1,452176
327424,S,3042959,1,452112
327488,S,3042469,1,452048
327552,S,3041989,1,451984
327616,S,3041587,1,451920
327680,S,3041111,1,451856
327744,S,3040657,1,451792
327808,S,3040217,1,451728
327872,S,3039649,1,451664
327936,S,3039103,1,451600
328000,S,3038647,1,451536
328064,S,3038149,1,451472
328128,S,3037711,1,451408
328192,S,3037267,1,451344
328256,S,3036799,1,451280
328320,S,3036283,1,451216
328384,S,3035731,1,451152
328448,S,3035113,1,451088
328512,S,3034667,1,451024
328576,S,3034189,1,450960
328640,S,3033731,1,450896
328704,S,3033269,1,450832
328768,S,3032773,1,450768
328832,S,3032333,1,450704
328896,S,3031841,1,450640
328960,S,3031333,1,450576
329024,S,3030821,1,450512
329088,S,3030359,1,450448
329152,S,3029959,1,450384
329216,S,3029329,1,450320
329280,S,3028807,1,450256
329344,S,3028423,1,450192
329408,S,3027901,1,450128
329472,S,3027391,1,450064
329536,S,3026953,1,450000
329600,S,3026521,1,449936
329664,S,3026081,1,449872
329728,S,3025577,1,449808
329792,S,3025109,1,449744
329856,S,3024689,1,449680
329920,S,3024187,1,449616
329984,S,3023659,1,449552
330048,S,3023191,1,449488
330112,S,3022687,1,449424
330176,S,3022091,1,449360
330240,S,3021691,1,449296
330304,S,3021107,1,449232
330368,S,3020701,1,449168
330432,S,3020317,1,449104
330496,S,3019787,1,449040
330560,S,3019337,1,448976
330624,S,3018683,1,448912
330688,S,3018229,1,448848
330752,S,3017743,1,448784
330816,S,3017317,1,448720
330880,S,3016781,1,448656
330944,S,3016229,1,448592
331008,S,3015791,1,448528
331072,S,3015269,1,448464
331136,S,3014747,1,448400
331200,S,3014273,1,448336
331264,S,3013841,1,448272
331328,S,3013313,1,448208
331392,S,3012809,1,448144
331456,S,3012343,1,448080
331520,S,3011927,1,448016
331584,S,3011441,1,447952
331648,S,3011053,1,447888
331712,S,3010597,1,447824
331776,S,3010123,1,447760
331840,S,3009637,1,447696
331904,S,3009157,1,447632
331968,S,3008623,1,447568
332032,S,3008119,1,447504
332096,S,3007709,1,447440
332160,S,3007229,1,447376
332224,S,3006781,1,447312
332288,S,3006277,1,447248
332352,S,3005677,1,447184
332416,S,3005237,1,447120
332480,S,3004759,1,447056
332544,S,3004277,1,446992
332608,S,3003773,1,446928
332672,S,3003359,1,446864
332736,S,3002933,1,446800
332800,S,3002507,1,446736
332864,S,3002089,1,446672
332928,S,3001553,1,446608
332992,S,3001073,1,446544
333056,S,3000637,1,446480
333120,S,3000073,1,446416
333184,S,2999611,1,446352
333248,S,2999099,1,446288
333312,S,2998649,1,446224
333376,S,2998159,1,446160
333440,S,2997811,1,446096
333504,S,2997409,1,446032
333568,S,2996891,1,445968
333632,S,2996387,1,445904
333696,S,2995973,1,445840
333760,S,2995477,1,445776
333824,S,2994973,1,445712
333888,S,2994493,1,445648
333952,S,2993959,1,445584
334016,S,2993563,1,445520
334080,S,2993033,1,445456
334144,S,2992609,1,445392
334208,S,2992141,1,445328
334272,S,2991673,1,445264
334336,S,2991217,1,445200
334400,S,2990783,1,445136
334464,S,2990333,1,445072
334528,S,2989691,1,445008
334592,S,2989139,1,444944
334656,S,2988659,1,444880
334720,S,2988151,1,444816
334784,S,2987659,1,444752
334848,S,2987099,1,444688
334912,S,2986609,1,444624
334976,S,2986201,1,444560
335040,S,2985691,1,444496
335104,S,2985259,1,444432
335168,S,2984831,1,444368
335232,S,2984363,1,444304
335296,S,2983873,1,444240
335360,S,2983417,1,444176
335424,S,2982971,1,444112
335488,S,2982559,1,444048
335552,S,2982011,1,443984
335616,S,2981533,1,443920
335680,S,2981087,1,443856
335744,S,2980721,1,443792
335808,S,2980217,1,443728
335872,S,2979797,1,443664
335936,S,2979343,1,443600
336000,S,2978917,1,443536
336064,S,2978377,1,443472
336128,S,2977903,1,443408
336192,S,2977409,1,443344
336256,S,2976889,1,443280
336320,S,2976409,1,443216
336384,S,2975887,1,443152
336448,S,2975389,1,443088
336512,S,2974997,1,443024
336576,S,2974577,1,442960
336640,S,2974003,1,442896
336704,S,2973491,1,442832
336768,S,2973031,1,442768
336832,S,2972573,1,442704
336896,S,2972107,1,442640
336960,S,2971511,1,442576
337024,S,2971043,1,442512
337088,S,2970509,1,442448
337152,S,2970127,1,442384
337216,S,2969651,1,442320
337280,S,2969137,1,442256
337344,S,2968697,1,442192
337408,S,2968241,1,442128
337472,S,2967737,1,442064
337536,S,2967323,1,442000
337600,S,2966837,1,441936
337664,S,2966389,1,441872
337728,S,2965847,1,441808
337792,S,2965397,1,441744
337856,S,2965003,1,441680
337920,S,2964509,1,441616
337984,S,2964041,1,441552
338048,S,2963509,1,441488
338112,S,2963131,1,441424
338176,S,2962621,1,441360
338240,S,2962163,1,441296
338304,S,2961773,1,441232
338368,S,2961271,1,441168
338432,S,2960753,1,441104
338496,S,2960381,1,441040
338560,S,2959951,1,440976
338624,S,2959501,1,440912
338688,S,2958947,1,440848
338752,S,2958479,1,440784
338816,S,2958019,1,440720
338880,S,2957441,1,440656
338944,S,2956939,1,440592
339008,S,2956357,1,440528
339072,S,2955847,1,440464
339136,S,2955377,1,440400
339200,S,2954893,1,440336
339264,S,2954429,1,440272
339328,S,2953921,1,440208
339392,S,2953411,1,440144
339456,S,2952797,1,440080
339520,S,2952371,1,440016
339584,S,2951873,1,439952
339648,S,2951513,1,439888
339712,S,2951029,1,439824
339776,S,2950637,1,439760
339840,S,2950133,1,439696
339904,S,2949637,1,439632
339968,S,2949217,1,439568
340032,S,2948783,1,439504
340096,S,2948321,1,439440
340160,S,2947781,1,439376
340224,S,2947271,1,439312
340288,S,2946799,1,439248
340352,S,2946259,1,439184
340416,S,2945851,1,439120
340480,S,2945321,1,439056
340544,S,2944813,1,438992
340608,S,2944397,1,438928
340672,S,2943937,1,438864
340736,S,2943491,1,438800
340800,S,2942909,1,438736
340864,S,2942327,1,438672
340928,S,2941837,1,438608
340992,S,2941319,1,438544
341056,S,2940781,1,438480
341120,S,2940229,1,438416
341184,S,2939747,1,438352
341248,S,2939231,1,438288
341312,S,2938813,1,438224
341376,S,2938361,1,438160
341440,S,2937967,1,438096
341504,S,2937509,1,438032
341568,S,2937037,1,437968
341632,S,2936603,1,437904
341696,S,2936183,1,437840
341760,S,2935733,1,437776
341824,S,2935249,1,437712
341888,S,2934809,1,437648
341952,S,2934313,1,437584
342016,S,2933803,1,437520
342080,S,2933291,1,437456
342144,S,2932781,1,437392
342208,S,2932367,1,437328
342272,S,2931823,1,437264
342336,S,2931221,1,437200
342400,S,2930789,1,437136
342464,S,2930359,1,437072
342528,S,2929937,1,437008
342592,S,2929501,1,436944
342656,S,2929009,1,436880
342720,S,2928479,1,436816
342784,S,2927983,1,436752
342848,S,2927531,1,436688
342912,S,2926843,1,436624
342976,S,2926387,1,436560
343040,S,2925919,1,436496
343104,S,2925469,1,436432
343168,S,2925049,1,436368
343232,S,2924533,1,436304
343296,S,2924171,1,436240
343360,S,2923513,1,436176
343424,S,2923051,1,436112
343488,S,2922653,1,436048
343552,S,2922221,1,435984
343616,S,2921771,1,435920
343680,S,2921203,1,435856
343744,S,2920693,1,435792
343808,S,2920321,1,435728
343872,S,2919841,1,435664
343936,S,2919383,1,435600
344000,S,2918939,1,435536
344064,S,2918491,1,435472
344128,S,2918131,1,435408
344192,S,2917559,1,435344
344256,S,2917147,1,435280
344320,S,2916581,1,435216
344384,S,2916161,1,435152
344448,S,2915623,1,435088
344512,S,2915219,1,435024
344576,S,2914687,1,434960
344640,S,2914151,1,434896
344704,S,2913697,1,434832
344768,S,2913241,1,434768
344832,S,2912759,1,434704
344896,S,2912269,1,434640
344960,S,2911679,1,434576
345024,S,2911243,1,434512
345088,S,2910749,1,434448
345152,S,2910203,1,434384
345216,S,2909689,1,434320
345280,S,2909281,1,434256
345344,S,2908837,1,434192
345408,S,2908421,1,434128
345472,S,2907923,1,434064
345536,S,2907451,1,434000
345600,S,2907013,1,433936
345664,S,2906521,1,433872
345728,S,2906053,1,433808
345792,S,2905549,1,433744
345856,S,2905099,1,433680
345920,S,2904641,1,433616
345984,S,2904211,1,433552
346048,S,2903689,1,433488
346112,S,2903191,1,433424
346176,S,2902771,1,433360
346240,S,2902271,1,433296
346304,S,2901719,1,433232
346368,S,2901229,1,433168
346432,S,2900809,1,433104
346496,S,2900341,1,433040
346560,S,2899903,1,432976
346624,S,2899517,1,432912
346688,S,2899021,1,432848
346752,S,2898601,1,432784
346816,S,2898031,1,432720
346880,S,2897437,1,432656
346944,S,2896973,1,432592
347008,S,2896571,1,432528
347072,S,2896073,1,432464
347136,S,2895511,1,432400
347200,S,2895029,1,432336
347264,S,2894561,1,432272
347328,S,2894153,1,432208
347392,S,2893547,1,432144
347456,S,2893159,1,432080
347520,S,2892689,1,432016
347584,S,2892143,1,431952
347648,S,2891573,1,431888
347712,S,2891101,1,431824
347776,S,2890619,1,431760
347840,S,2890183,1,431696
347904,S,2889707,1,431632
347968,S,2889277,1,431568
348032,S,2888749,1,431504
348096,S,2888287,1,431440
348160,S,2887799,1,431376
348224,S,2887337,1,431312
348288,S,2886899,1,431248
348352,S,2886409,1,431184
348416,S,2885951,1,431120
348480,S,2885423,1,431056
348544,S,2884961,1,430992
348608,S,2884573,1,430928
348672,S,2884117,1,430864
348736,S,2883563,1,430800
348800,S,2883071,1,430736
348864,S,2882527,1,430672
348928,S,2882149,1,430608
348992,S,2881639,1,430544
349056,S,2881243,1,430480
349120,S,2880763,1,430416
349184,S,2880299,1,430352
349248,S,2879803,1,430288
349312,S,2879293,1,430224
349376,S,2878849,1,430160
349440,S,2878313,1,430096
349504,S,2877803,1,430032
349568,S,2877271,1,429968
349632,S,2876803,1,429904
349696,S,2876387,1,429840
349760,S,2875823,1,429776
349824,S,2875331,1,429712
349888,S,2874743,1,429648
349952,S,2874253,1,429584
350016,S,2873743,1,429520
350080,S,2873347,1,429456
350144,S,2872921,1,429392
350208,S,2872451,1,429328
350272,S,2872003,1,429264
350336,S,2871467,1,429200
350400,S,2870983,1,429136
350464,S,2870531,1,429072
350528,S,2870017,1,429008
350592,S,2869499,1,428944
350656,S,2868947,1,428880
350720,S,2868367,1,428816
350784,S,2867933,1,428752
350848,S,2867467,1,428688
350912,S,2866943,1,428624
350976,S,2866537,1,428560
351040,S,2866109,1,428496
351104,S,2865659,1,428432
351168,S,2865307,1,428368
351232,S,2864713,1,428304
351296,S,2864249,1,428240
351360,S,2863859,1,428176
351424,S,2863351,1,428112
351488,S,2862883,1,428048
351552,S,2862397,1,427984
351616,S,2861861,1,427920
351680,S,2861387,1,427856
351744,S,2860973,1,427792
351808,S,2860567,1,427728
351872,S,2860019,1,427664
351936,S,2859499,1,427600
352000,S,2859001,1,427536
352064,S,2858483,1,427472
352128,S,2857949,1,427408
352192,S,2857531,1,427344
352256,S,2857097,1,427280
352320,S,2856509,1,427216
352384,S,2855911,1,427152
352448,S,2855429,1,427088
352512,S,2855051,1,427024
352576,S,2854549,1,426960
352640,S,2854073,1,426896
352704,S,2853677,1,426832
352768,S,2853131,1,426768
352832,S,2852711,1,426704
352896,S,2852149,1,426640
352960,S,2851727,1,426576
353024,S,2851187,1,426512
353088,S,2850737,1,426448
353152,S,2850251,1,426384
353216,S,2849809,1,426320
353280,S,2849321,1,426256
353344,S,2848799,1,426192
353408,S,2848459,1,426128
353472,S,2847991,1,426064
353536,S,2847499,1,426000
353600,S,2847067,1,425936
353664,S,2846693,1,425872
353728,S,2846111,1,425808
353792,S,2845571,1,425744
353856,S,2845097,1,425680
353920,S,2844461,1,425616
353984,S,2843999,1,425552
354048,S,2843527,1,425488
354112,S,2843059,1,425424
354176,S,2842681,1,425360
354240,S,2842211,1,425296
354304,S,2841757,1,425232
354368,S,2841313,1,425168
354432,S,2840723,1,425104
354496,S,2840191,1,425040
354560,S,2839801,1,424976
354624,S,2839301,1,424912
354688,S,2838749,1,424848
354752,S,2838271,1,424784
354816,S,2837867,1,424720
354880,S,2837363,1,424656
354944,S,2836991,1,424592
355008,S,2836601,1,424528
355072,S,2836081,1,424464
355136,S,2835563,1,424400
355200,S,2835121,1,424336
355264,S,2834653,1,424272
355328,S,2834213,1,424208
355392,S,2833769,1,424144
355456,S,2833403,1,424080
355520,S,2833021,1,424016
355584,S,2832569,1,423952
355648,S,2832077,1,423888
355712,S,2831651,1,423824
355776,S,2831177,1,423760
355840,S,2830631,1,423696
355904,S,2830181,1,423632
355968,S,2829737,1,423568
356032,S,2829341,1,423504
356096,S,2828897,1,423440
356160,S,2828363,1,423376
356224,S,2827907,1,423312
356288,S,2827381,1,423248
356352,S,2826737,1,423184
356416,S,2826151,1,423120
356480,S,2825741,1,423056
356544,S,2825227,1,422992
356608,S,2824681,1,422928
356672,S,2824259,1,422864
356736,S,2823773,1,422800
356800,S,2823329,1,422736
356864,S,2822857,1,422672
356928,S,2822423,1,422608
356992,S,2821969,1,422544
357056,S,2821513,1,422480
357120,S,2820971,1,422416
357184,S,2820641,1,422352
357248,S,2820127,1,422288
357312,S,2819701,1,422224
357376,S,2819269,1,422160
357440,S,2818729,1,422096
357504,S,2818297,1,422032
357568,S,2817769,1,421968
357632,S,2817383,1,421904
357696,S,2816963,1,421840
357760,S,2816501,1,421776
357824,S,2815979,1,421712
357888,S,2815457,1,421648
357952,S,2814913,1,421584
358016,S,2814499,1,421520
358080,S,2813969,1,421456
358144,S,2813519,1,421392
358208,S,2813131,1,421328
358272,S,2812651,1,421264
358336,S,2812241,1,421200
358400,S,2811709,1,421136
358464,S,2811287,1,421072
358528,S,2810909,1,421008
358592,S,2810407,1,420944
358656,S,2810009,1,420880
358720,S,2809567,1,420816
358784,S,2809211,1,420752
358848,S,2808721,1,420688
358912,S,2808347,1,420624
358976,S,2807927,1,420560
359040,S,2807323,1,420496
359104,S,2806757,1,420432
359168,S,2806291,1,420368
359232,S,2805809,1,420304
359296,S,2805311,1,420240
359360,S,2804891,1,420176
359424,S,2804377,1,420112
359488,S,2803991,1,420048
359552,S,2803637,1,419984
359616,S,2803103,1,419920
359680,S,2802749,1,419856
359744,S,2802199,1,419792
359808,S,2801767,1,419728
359872,S,2801287,1,419664
359936,S,2800783,1,419600
360000,S,2800321,1,419536
360064,S,2799871,1,419472
360128,S,2799443,1,419408
360192,S,2799001,1,419344
360256,S,2798623,1,419280
360320,S,2798143,1,419216
360384,S,2797679,1,419152
360448,S,2797241,1,419088
360512,S,2796737,1,419024
360576,S,2796163,1,418960
360640,S,2795567,1,418896
360704,S,2795209,1,418832
360768,S,2794703,1,418768
360832,S,2794243,1,418704
360896,S,2793733,1,418640
360960,S,2793223,1,418576
361024,S,2792771,1,418512
361088,S,2792299,1,418448
361152,S,2791907,1,418384
361216,S,2791483,1,418320
361280,S,2791037,1,418256
361344,S,2790449,1,418192
361408,S,2789951,1,418128
361472,S,2789407,1,418064
361536,S,2788939,1,418000
361600,S,2788393,1,417936
361664,S,2787751,1,417872
361728,S,2787331,1,417808
361792,S,2786909,1,417744
361856,S,2786429,1,417680
361920,S,2785907,1,417616
361984,S,2785483,1,417552
362048,S,2785019,1,417488
362112,S,2784557,1,417424
362176,S,2784137,1,417360
362240,S,2783689,1,417296
362304,S,2783227,1,417232
362368,S,2782757,1,417168
362432,S,2782193,1,417104
362496,S,2781797,1,417040
362560,S,2781293,1,416976
362624,S,2780837,1,416912
362688,S,2780329,1,416848
362752,S,2779807,1,416784
362816,S,2779411,1,416720
362880,S,2778863,1,416656
362944,S,2778323,1,416592
363008,S,2777903,1,416528
363072,S,2777447,1,416464
363136,S,2776987,1,416400
363200,S,2776519,1,416336
363264,S,2775911,1,416272
363328,S,2775449,1,416208
363392,S,2774953,1,416144
363456,S,2774503,1,416080
363520,S,2774063,1,416016
363584,S,2773591,1,415952
363648,S,2773093,1,415888
363712,S,2772629,1,415824
363776,S,2772097,1,415760
363840,S,2771693,1,415696
363904,S,2771213,1,415632
363968,S,2770841,1,415568
364032,S,2770309,1,415504
364096,S,2769619,1,415440
364160,S,2769167,1,415376
364224,S,2768767,1,415312
364288,S,2768329,1,415248
364352,S,2767799,1,415184
364416,S,2767361,1,415120
364480,S,2766931,1,415056
364544,S,2766493,1,414992
364608,S,2765941,1,414928
364672,S,2765473,1,414864
364736,S,2765117,1,414800
364800,S,2764561,1,414736
364864,S,2764033,1,414672
364928,S,2763583,1,414608
364992,S,2763109,1,414544
365056,S,2762593,1,414480
365120,S,2762183,1,414416
365184,S,2761741,1,414352
365248,S,2761279,1,414288
365312,S,2760889,1,414224
365376,S,2760421,1,414160
365440,S,2759951,1,414096
365504,S,2759461,1,414032
365568,S,2759063,1,413968
365632,S,2758531,1,413904
365696,S,2758099,1,413840
365760,S,2757577,1,413776
365824,S,2757119,1,413712
365888,S,2756639,1,413648
365952,S,2756207,1,413584
366016,S,2755759,1,413520
366080,S,2755219,1,413456
366144,S,2754751,1,413392
366208,S,2754203,1,413328
366272,S,2753759,1,413264
366336,S,2753197,1,413200
366400,S,2752669,1,413136
366464,S,2752223,1,413072
366528,S,2751817,1,413008
366592,S,2751349,1,412944
366656,S,2750861,1,412880
366720,S,2750401,1,412816
366784,S,2749907,1,412752
366848,S,2749339,1,412688
366912,S,2748833,1,412624
366976,S,2748287,1,412560
367040,S,2747831,1,412496
367104,S,2747401,1,412432
367168,S,2747021,1,412368
367232,S,2746511,1,412304
367296,S,2746031,1,412240
367360,S,2745503,1,412176
367424,S,2745031,1,412112
367488,S,2744519,1,412048
367552,S,2744051,1,411984
367616,S,2743561,1,411920
367680,S,2742989,1,411856
367744,S,2742653,1,411792
367808,S,2742217,1,411728
367872,S,2741779,1,411664
367936,S,2741303,1,411600
368000,S,2740853,1,411536
368064,S,2740379,1,411472
368128,S,2739931,1,411408
368192,S,2739523,1,411344
368256,S,2739071,1,411280
368320,S,2738539,1,411216
368384,S,2738123,1,411152
368448,S,2737649,1,411088
368512,S,2737103,1,411024
368576,S,2736581,1,410960
368640,S,2736077,1,410896
368704,S,2735527,1,410832
368768,S,2735087,1,410768
368832,S,2734451,1,410704
368896,S,2734009,1,410640
368960,S,2733499,1,410576
369024,S,2733001,1,410512
369088,S,2732501,1,410448
369152,S,2732027,1,410384
369216,S,2731667,1,410320
369280,S,2731163,1,410256
369344,S,2730743,1,410192
369408,S,2730197,1,410128
369472,S,2729653,1,410064
369536,S,2729227,1,410000
369600,S,2728819,1,409936
369664,S,2728351,1,409872
369728,S,2727841,1,409808
369792,S,2727301,1,409744
369856,S,2726837,1,409680
369920,S,2726287,1,409616
369984,S,2725819,1,409552
370048,S,2725279,1,409488
370112,S,2724719,1,409424
370176,S,2724209,1,409360
370240,S,2723779,1,409296
370304,S,2723341,1,409232
370368,S,2722939,1,409168
370432,S,2722417,1,409104
370496,S,2721869,1,409040
370560,S,2721307,1,408976
370624,S,2720843,1,408912
370688,S,2720299,1,408848
370752,S,2719699,1,408784
370816,S,2719307,1,408720
370880,S,2718887,1,408656
370944,S,2718461,1,408592
371008,S,2718109,1,408528
371072,S,2717593,1,408464
371136,S,2717173,1,408400
371200,S,2716739,1,408336
371264,S,2716261,1,408272
371328,S,2715749,1,408208
371392,S,2715337,1,408144
371456,S,2714813,1,408080
371520,S,2714311,1,408016
371584,S,2713939,1,407952
371648,S,2713423,1,407888
371712,S,2712971,1,407824
371776,S,2712491,1,407760
371840,S,2712067,1,407696
371904,S,2711567,1,407632
371968,S,2711057,1,407568
372032,S,2710621,1,407504
372096,S,2710111,1,407440
372160,S,2709659,1,407376
372224,S,2709169,1,407312
372288,S,2708681,1,407248
372352,S,2708291,1,407184
372416,S,2707781,1,407120
372480,S,2707343,1,407056
372544,S,2706857,1,406992
372608,S,2706337,1,406928
372672,S,2705939,1,406864
372736,S,2705419,1,406800
372800,S,2704993,1,406736
372864,S,2704697,1,406672
372928,S,2704157,1,406608
372992,S,2703677,1,406544
373056,S,2703193,1,406480
373120,S,2702701,1,406416
373184,S,2702107,1,406352
373248,S,2701637,1,406288
373312,S,2701177,1,406224
373376,S,2700617,1,406160
373440,S,2700199,1,406096
373504,S,2699743,1,406032
373568,S,2699339,1,405968
373632,S,2698771,1,405904
373696,S,2698277,1,405840
373760,S,2697913,1,405776
373824,S,2697491,1,405712
373888,S,2697007,1,405648
373952,S,2696513,1,405584
374016,S,2696021,1,405520
374080,S,2695597,1,405456
374144,S,2695051,1,405392
374208,S,2694623,1,405328
374272,S,2694173,1,405264
374336,S,2693749,1,405200
374400,S,2693263,1,405136
374464,S,2692787,1,405072
374528,S,2692337,1,405008
374592,S,2691811,1,404944
374656,S,2691317,1,404880
374720,S,2690851,1,404816
374784,S,2690357,1,404752
374848,S,2689979,1,404688
374912,S,2689523,1,404624
374976,S,2689103,1,404560
375040,S,2688667,1,404496
375104,S,2688167,1,404432
375168,S,2687647,1,404368
375232,S,2687213,1,404304
375296,S,2686787,1,404240
375360,S,2686273,1,404176
375424,S,2685757,1,404112
375488,S,2685301,1,404048
375552,S,2684897,1,403984
375616,S,2684389,1,403920
375680,S,2683897,1,403856
375744,S,2683517,1,403792
375808,S,2683013,1,403728
375872,S,2682503,1,403664
375936,S,2682011,1,403600
376000,S,2681521,1,403536
376064,S,2681017,1,403472
376128,S,2680607,1,403408
376192,S,2680091,1,403344
376256,S,2679641,1,403280
376320,S,2679277,1,403216
376384,S,2678747,1,403152
376448,S,2678251,1,403088
376512,S,2677769,1,403024
376576,S,2677217,1,402960
376640,S,2676721,1,402896
376704,S,2676337,1,402832
376768,S,2675863,1,402768
376832,S,2675347,1,402704
376896,S,2675003,1,402640
376960,S,2674513,1,402576
377024,S,2674031,1,402512
377088,S,2673577,1,402448
377152,S,2673137,1,402384
377216,S,2672567,1,402320
377280,S,2672057,1,402256
377344,S,2671649,1,402192
377408,S,2671169,1,402128
377472,S,2670643,1,402064
377536,S,2669987,1,402000
377600,S,2669431,1,401936
377664,S,2668999,1,401872
377728,S,2668433,1,401808
377792,S,2668063,1,401744
377856,S,2667503,1,401680
377920,S,2667031,1,401616
377984,S,2666513,1,401552
378048,S,2665939,1,401488
378112,S,2665433,1,401424
378176,S,2665043,1,401360
378240,S,2664647,1,401296
378304,S,2664229,1,401232
378368,S,2663827,1,401168
378432,S,2663359,1,401104
378496,S,2662813,1,401040
378560,S,2662291,1,400976
378624,S,2661833,1,400912
378688,S,2661371,1,400848
378752,S,2660809,1,400784
378816,S,2660377,1,400720
378880,S,2659841,1,400656
378944,S,2659339,1,400592
379008,S,2658881,1,400528
379072,S,2658457,1,400464
379136,S,2658013,1,400400
379200,S,2657461,1,400336
379264,S,2657071,1,400272
379328,S,2656673,1,400208
379392,S,2656229,1,400144
379456,S,2655803,1,400080
379520,S,2655361,1,400016
379584,S,2654857,1,399952
379648,S,2654447,1,399888
379712,S,2653969,1,399824
379776,S,2653549,1,399760
379840,S,2652997,1,399696
379904,S,2652437,1,399632
379968,S,2651989,1,399568
380032,S,2651569,1,399504
380096,S,2651111,1,399440
380160,S,2650603,1,399376
380224,S,2650163,1,399312
380288,S,2649709,1,399248
380352,S,2649233,1,399184
380416,S,2648707,1,399120
380480,S,2648257,1,399056
380544,S,2647817,1,398992
380608,S,2647363,1,398928
380672,S,2646983,1,398864
380736,S,2646409,1,398800
380800,S,2645893,1,398736
380864,S,2645527,1,398672
380928,S,2645129,1,398608
380992,S,2644627,1,398544
381056,S,2644127,1,398480
381120,S,2643677,1,398416
381184,S,2643241,1,398352
381248,S,2642789,1,398288
381312,S,2642239,1,398224
381376,S,2641777,1,398160
381440,S,2641411,1,398096
381504,S,2640941,1,398032
381568,S,2640509,1,397968
381632,S,2639969,1,397904
381696,S,2639513,1,397840
381760,S,2639083,1,397776
381824,S,2638579,1,397712
381888,S,2638039,1,397648
381952,S,2637541,1,397584
382016,S,2637017,1,397520
382080,S,2636539,1,397456
382144,S,2636063,1,397392
382208,S,2635597,1,397328
382272,S,2635007,1,397264
382336,S,2634551,1,397200
382400,S,2634011,1,397136
382464,S,2633531,1,397072
382528,S,2633173,1,397008
382592,S,2632687,1,396944
382656,S,2632249,1,396880
382720,S,2631887,1,396816
382784,S,2631437,1,396752
382848,S,2631019,1,396688
382912,S,2630539,1,396624
382976,S,2630143,1,396560
383040,S,2629703,1,396496
383104,S,2629261,1,396432
383168,S,2628781,1,396368
383232,S,2628191,1,396304
383296,S,2627759,1,396240
383360,S,2627243,1,396176
383424,S,2626781,1,396112
383488,S,2626277,1,396048
383552,S,2625761,1,395984
383616,S,2625247,1,395920
383680,S,2624771,1,395856
383744,S,2624311,1,395792
383808,S,2623883,1,395728
383872,S,2623409,1,395664
383936,S,2623039,1,395600
384000,S,2622469,1,395536
384064,S,2622031,1,395472
384128,S,2621573,1,395408
384192,S,2621033,1,395344
384256,S,2620493,1,395280
384320,S,2620087,1,395216
384384,S,2619557,1,395152
384448,S,2618953,1,395088
384512,S,2618531,1,395024
384576,S,2618023,1,394960
384640,S,2617519,1,394896
384704,S,2617103,1,394832
384768,S,2616673,1,394768
384832,S,2616179,1,394704
384896,S,2615761,1,394640
384960,S,2615299,1,394576
385024,S,2614811,1,394512
385088,S,2614373,1,394448
385152,S,2613991,1,394384
385216,S,2613601,1,394320
385280,S,2613011,1,394256
385344,S,2612503,1,394192
385408,S,2612123,1,394128
385472,S,2611643,1,394064
385536,S,2611139,1,394000
385600,S,2610721,1,393936
385664,S,2610241,1,393872
385728,S,2609693,1,393808
385792,S,2609267,1,393744
385856,S,2608777,1,393680
385920,S,2608351,1,393616
385984,S,2607827,1,393552
386048,S,2607373,1,393488
386112,S,2606873,1,393424
386176,S,2606353,1,393360
386240,S,2605819,1,393296
386304,S,2605319,1,393232
386368,S,2604839,1,393168
386432,S,2604401,1,393104
386496,S,2603911,1,393040
386560,S,2603441,1,392976
386624,S,2602909,1,392912
386688,S,2602399,1,392848
386752,S,2601943,1,392784
386816,S,2601479,1,392720
386880,S,2600957,1,392656
386944,S,2600453,1,392592
387008,S,2599973,1,392528
387072,S,2599559,1,392464
387136,S,2599039,1,392400
387200,S,2598577,1,392336
387264,S,2598109,1,392272
387328,S,2597603,1,392208
387392,S,2597083,1,392144
387456,S,2596667,1,392080
387520,S,2596229,1,392016
387584,S,2595667,1,391952
387648,S,2595277,1,391888
387712,S,2594869,1,391824
387776,S,2594437,1,391760
387840,S,2593957,1,391696
387904,S,2593453,1,391632
387968,S,2592983,1,391568
388032,S,2592521,1,391504
388096,S,2591969,1,391440
388160,S,2591539,1,391376
388224,S,2591023,1,391312
388288,S,2590457,1,391248
388352,S,2590013,1,391184
388416,S,2589553,1,391120
388480,S,2589127,1,391056
388544,S,2588629,1,390992
388608,S,2588177,1,390928
388672,S,2587751,1,390864
388736,S,2587147,1,390800
388800,S,2586791,1,390736
388864,S,2586293,1,390672
388928,S,2585827,1,390608
388992,S,2585293,1,390544
389056,S,2584853,1,390480
389120,S,2584301,1,390416
389184,S,2583793,1,390352
389248,S,2583391,1,390288
389312,S,2582981,1,390224
389376,S,2582443,1,390160
389440,S,2581991,1,390096
389504,S,2581583,1,390032
389568,S,2581141,1,389968
389632,S,2580737,1,389904
389696,S,2580419,1,389840
389760,S,2579813,1,389776
389824,S,2579341,1,389712
389888,S,2578837,1,389648
389952,S,2578391,1,389584
390016,S,2577919,1,389520
390080,S,2577511,1,389456
390144,S,2577049,1,389392
390208,S,2576633,1,389328
390272,S,2576221,1,389264
390336,S,2575787,1,389200
390400,S,2575301,1,389136
390464,S,2574851,1,389072
390528,S,2574437,1,389008
390592,S,2573983,1,388944
390656,S,2573449,1,388880
390720,S,2572949,1,388816
390784,S,2572487,1,388752
390848,S,2572093,1,388688
390912,S,2571599,1,388624
390976,S,2571067,1,388560
391040,S,2570663,1,388496
391104,S,2570311,1,388432
391168,S,2569751,1,388368
391232,S,2569213,1,388304
391296,S,2568697,1,388240
391360,S,2568263,1,388176
391424,S,2567819,1,388112
391488,S,2567437,1,388048
391552,S,2566931,1,387984
391616,S,2566481,1,387920
391680,S,2566063,1,387856
391744,S,2565461,1,387792
391808,S,2564957,1,387728
391872,S,2564423,1,387664
391936,S,2563937,1,387600
392000,S,2563493,1,387536
392064,S,2563079,1,387472
392128,S,2562589,1,387408
392192,S,2562097,1,387344
392256,S,2561683,1,387280
392320,S,2561201,1,387216
392384,S,2560741,1,387152
392448,S,2560297,1,387088
392512,S,2559829,1,387024
392576,S,2559439,1,386960
392640,S,2558951,1,386896
392704,S,2558429,1,386832
392768,S,2557963,1,386768
392832,S,2557517,1,386704
392896,S,2556997,1,386640
392960,S,2556457,1,386576
393024,S,2555957,1,386512
393088,S,2555459,1,386448
393152,S,2555027,1,386384
393216,S,2554553,1,386320
393280,S,2554129,1,386256
393344,S,2553637,1,386192
393408,S,2553223,1,386128
393472,S,2552729,1,386064
393536,S,2552359,1,386000
393600,S,2551903,1,385936
393664,S,2551429,1,385872
393728,S,2550949,1,385808
393792,S,2550367,1,385744
393856,S,2549863,1,385680
393920,S,2549381,1,385616
393984,S,2548961,1,385552
394048,S,2548547,1,385488
394112,S,2548127,1,385424
394176,S,2547631,1,385360
394240,S,2547037,1,385296
394304,S,2546521,1,385232
394368,S,2546029,1,385168
394432,S,2545573,1,385104
394496,S,2545093,1,385040
394560,S,2544631,1,384976
394624,S,2544221,1,384912
394688,S,2543719,1,384848
394752,S,2543279,1,384784
394816,S,2542759,1,384720
394880,S,2542223,1,384656
394944,S,2541817,1,384592
395008,S,2541289,1,384528
395072,S,2540771,1,384464
395136,S,2540389,1,384400
395200,S,2539661,1,384336
395264,S,2539319,1,384272
395328,S,2538787,1,384208
395392,S,2538421,1,384144
395456,S,2538031,1,384080
395520,S,2537503,1,384016
395584,S,2536903,1,383952
395648,S,2536447,1,383888
395712,S,2535983,1,383824
395776,S,2535413,1,383760
395840,S,2534993,1,383696
395904,S,2534551,1,383632
395968,S,2534101,1,383568
396032,S,2533507,1,383504
396096,S,2533019,1,383440
396160,S,2532493,1,383376
396224,S,2532083,1,383312
396288,S,2531593,1,383248
396352,S,2531101,1,383184
396416,S,2530669,1,383120
396480,S,2530223,1,383056
396544,S,2529827,1,382992
396608,S,2529419,1,382928
396672,S,2529029,1,382864
396736,S,2528599,1,382800
396800,S,2528033,1,382736
396864,S,2527457,1,382672
396928,S,2526971,1,382608
396992,S,2526547,1,382544
397056,S,2526089,1,382480
397120,S,2525557,1,382416
397184,S,2525113,1,382352
397248,S,2524681,1,382288
397312,S,2524261,1,382224
397376,S,2523907,1,382160
397440,S,2523503,1,382096
397504,S,2523043,1,382032
397568,S,2522659,1,381968
397632,S,2522209,1,381904
397696,S,2521711,1,381840
397760,S,2521171,1,381776
397824,S,2520677,1,381712
397888,S,2520241,1,381648
397952,S,2519729,1,381584
398016,S,2519221,1,381520
398080,S,2518877,1,381456
398144,S,2518319,1,381392
398208,S,2517869,1,381328
398272,S,2517283,1,381264
398336,S,2516869,1,381200
398400,S,2516257,1,381136
398464,S,2515651,1,381072
398528,S,2515301,1,381008
398592,S,2514857,1,380944
398656,S,2514331,1,380880
398720,S,2513893,1,380816
398784,S,2513461,1,380752
398848,S,2512999,1,380688
398912,S,2512507,1,380624
398976,S,2512033,1,380560
399040,S,2511581,1,380496
399104,S,2511149,1,380432
399168,S,2510723,1,380368
399232,S,2510227,1,380304
399296,S,2509777,1,380240
399360,S,2509271,1,380176
399424,S,2508769,1,380112
399488,S,2508269,1,380048
399552,S,2507863,1,379984
399616,S,2507303,1,379920
399680,S,2506813,1,379856
399744,S,2506409,1,379792
399808,S,2505863,1,379728
399872,S,2505361,1,379664
399936,S,2504969,1,379600
400000,S,2504543,1,379536
400064,S,2504101,1,379472
400128,S,2503559,1,379408
400192,S,2503147,1,379344
400256,S,2502629,1,379280
400320,S,2502229,1,379216
400384,S,2501819,1,379152
400448,S,2501327,1,379088
400512,S,2500847,1,379024
400576,S,2500339,1,378960
400640,S,3657151,1,378896
400704,S,3656269,1,378832
400768,S,3655397,1,378768
400832,S,3654451,1,378704
400896,S,3653359,1,378640
400960,S,3652447,1,378576
401024,S,3651239,1,378512
401088,S,3650221,1,378448
401152,S,3649193,1,378384
401216,S,3648131,1,378320
401280,S,3647029,1,378256
401344,S,3646067,1,378192
401408,S,3645149,1,378128
401472,S,3644117,1,378064
401536,S,3643147,1,378000
401600,S,3642049,1,377936
401664,S,3641201,1,377872
401728,S,3640223,1,377808
401792,S,3639289,1,377744
401856,S,3638251,1,377680
401920,S,3637297,1,377616
401984,S,3636301,1,377552
402048,S,3635221,1,377488
402112,S,3634219,1,377424
402176,S,3633191,1,377360
402240,S,3632371,1,377296
402304,S,3631343,1,377232
402368,S,3630359,1,377168
402432,S,3629393,1,377104
402496,S,3628453,1,377040
402560,S,3627529,1,376976
402624,S,3626533,1,376912
402688,S,3625649,1,376848
402752,S,3624581,1,376784
402816,S,3623731,1,376720
402880,S,3622763,1,376656
402944,S,3621973,1,376592
403008,S,3621067,1,376528
403072,S,3620093,1,376464
403136,S,3619037,1,376400
403200,S,3618047,1,376336
403264,S,3617153,1,376272
403328,S,3616229,1,376208
403392,S,3615221,1,376144
403456,S,3614227,1,376080
403520,S,3613331,1,376016
403584,S,3612437,1,375952
403648,S,3611513,1,375888
403712,S,3610549,1,375824
403776,S,3609649,1,375760
403840,S,3608797,1,375696
403904,S,3607819,1,375632
403968,S,3606973,1,375568
404032,S,3606011,1,375504
404096,S,3605093,1,375440
404160,S,3604177,1,375376
404224,S,3603227,1,375312
404288,S,3602197,1,375248
404352,S,3601211,1,375184
404416,S,3600419,1,375120
404480,S,3599369,1,375056
404544,S,3598421,1,374992
404608,S,3597487,1,374928
404672,S,3596611,1,374864
404736,S,3595649,1,374800
404800,S,3594733,1,374736
404864,S,3593833,1,374672
404928,S,3592867,1,374608
404992,S,3591733,1,374544
405056,S,3590687,1,374480
405120,S,3589801,1,374416
405184,S,3588769,1,374352
405248,S,3587719,1,374288
405312,S,3586879,1,374224
405376,S,3586021,1,374160
405440,S,3585013,1,374096
405504,S,3584047,1,374032
405568,S,3583103,1,373968
405632,S,3582107,1,373904
405696,S,3581167,1,373840
405760,S,3580261,1,373776
405824,S,3579161,1,373712
405888,S,3578191,1,373648
405952,S,3577159,1,373584
406016,S,3576217,1,373520
406080,S,3575317,1,373456
406144,S,3574253,1,373392
406208,S,3573331,1,373328
406272,S,3572167,1,373264
406336,S,3571181,1,373200
406400,S,3570227,1,373136
406464,S,3569389,1,373072
406528,S,3568259,1,373008
406592,S,3567439,1,372944
406656,S,3566513,1,372880
406720,S,3565537,1,372816
406784,S,3564677,1,372752
406848,S,3563719,1,372688
406912,S,3562789,1,372624
406976,S,3561749,1,372560
407040,S,3560741,1,372496
407104,S,3559741,1,372432
407168,S,3558911,1,372368
407232,S,3557867,1,372304
407296,S,3556877,1,372240
407360,S,3556019,1,372176
407424,S,3555067,1,372112
407488,S,3554147,1,372048
407552,S,3553097,1,371984
407616,S,3552137,1,371920
407680,S,3551173,1,371856
407744,S,3550219,1,371792
407808,S,3549101,1,371728
407872,S,3548081,1,371664
407936,S,3547207,1,371600
408000,S,3546269,1,371536
408064,S,3545281,1,371472
408128,S,3544427,1,371408
408192,S,3543433,1,371344
408256,S,3542423,1,371280
408320,S,3541481,1,371216
408384,S,3540401,1,371152
408448,S,3539483,1,371088
408512,S,3538307,1,371024
408576,S,3537293,1,370960
408640,S,3536257,1,370896
408704,S,3535369,1,370832
408768,S,3534449,1,370768
408832,S,3533533,1,370704
408896,S,3532561,1,370640
408960,S,3531559,1,370576
409024,S,3530729,1,370512
409088,S,3529807,1,370448
409152,S,3528647,1,370384
409216,S,3527803,1,370320
409280,S,3526741,1,370256
409344,S,3525637,1,370192
409408,S,3524611,1,370128
409472,S,3523627,1,370064
409536,S,3522637,1,370000
409600,S,3521543,1,369936
409664,S,3520613,1,369872
409728,S,3519631,1,369808
409792,S,3518759,1,369744
409856,S,3517753,1,369680
409920,S,3516661,1,369616
409984,S,3515597,1,369552
410048,S,3514697,1,369488
410112,S,3513617,1,369424
410176,S,3512759,1,369360
410240,S,3511861,1,369296
410304,S,3511007,1,369232
410368,S,3509981,1,369168
410432,S,3509039,1,369104
410496,S,3508009,1,369040
410560,S,3507059,1,368976
410624,S,3505933,1,368912
410688,S,3505067,1,368848
410752,S,3504043,1,368784
410816,S,3503267,1,368720
410880,S,3502283,1,368656
410944,S,3501331,1,368592
411008,S,3500183,1,368528
411072,S,3499267,1,368464
411136,S,3498307,1,368400
411200,S,3497227,1,368336
411264,S,3496223,1,368272
411328,S,3495179,1,368208
411392,S,3494273,1,368144
411456,S,3493333,1,368080
411520,S,3492407,1,368016
411584,S,3491441,1,367952
411648,S,3490649,1,367888
411712,S,3489587,1,367824
411776,S,3488599,1,367760
411840,S,3487427,1,367696
411904,S,3486563,1,367632
411968,S,3485593,1,367568
412032,S,3484441,1,367504
412096,S,3483577,1,367440
412160,S,3482461,1,367376
412224,S,3481399,1,367312
412288,S,3480487,1,367248
412352,S,3479557,1,367184
412416,S,3478487,1,367120
412480,S,3477541,1,367056
412544,S,3476423,1,366992
412608,S,3475393,1,366928
412672,S,3474329,1,366864
412736,S,3473443,1,366800
412800,S,3472523,1,366736
412864,S,3471539,1,366672
412928,S,3470443,1,366608
412992,S,3469469,1,366544
413056,S,3468547,1,366480
413120,S,3467623,1,366416
413184,S,3466633,1,366352
413248,S,3465727,1,366288
413312,S,3464689,1,366224
413376,S,3463657,1,366160
413440,S,3462743,1,366096
413504,S,3461651,1,366032
413568,S,3460661,1,365968
413632,S,3459641,1,365904
413696,S,3458573,1,365840
413760,S,3457591,1,365776
413824,S,3456637,1,365712
413888,S,3455593,1,365648
413952,S,3454769,1,365584
414016,S,3453761,1,365520
414080,S,3452809,1,365456
414144,S,3451627,1,365392
414208,S,3450659,1,365328
414272,S,3449791,1,365264
414336,S,3448871,1,365200
414400,S,3447947,1,365136
414464,S,3446917,1,365072
414528,S,3445801,1,365008
414592,S,3444899,1,364944
414656,S,3444029,1,364880
414720,S,3443117,1,364816
414784,S,3442141,1,364752
414848,S,3441203,1,364688
414912,S,3440237,1,364624
414976,S,3439339,1,364560
415040,S,3438349,1,364496
415104,S,3437429,1,364432
415168,S,3436561,1,364368
415232,S,3435739,1,364304
415296,S,3434701,1,364240
415360,S,3433691,1,364176
415424,S,3432853,1,364112
415488,S,3431891,1,364048
415552,S,3431009,1,363984
415616,S,3429961,1,363920
415680,S,3428923,1,363856
415744,S,3427933,1,363792
415808,S,3427079,1,363728
415872,S,3426127,1,363664
415936,S,3425131,1,363600
416000,S,3424249,1,363536
416064,S,3423367,1,363472
416128,S,3422267,1,363408
416192,S,3421331,1,363344
416256,S,3420371,1,363280
416320,S,3419413,1,363216
416384,S,3418313,1,363152
416448,S,3417467,1,363088
416512,S,3416503,1,363024
416576,S,3415439,1,362960
416640,S,3414377,1,362896
416704,S,3413507,1,362832
416768,S,3412499,1,362768
416832,S,3411671,1,362704
416896,S,3410789,1,362640
416960,S,3409789,1,362576
417024,S,3408949,1,362512
417088,S,3408023,1,362448
417152,S,3406981,1,362384
417216,S,3405973,1,362320
417280,S,3404887,1,362256
417344,S,3404041,1,362192
417408,S,3403151,1,362128
417472,S,3402277,1,362064
417536,S,3401383,1,362000
417600,S,3400399,1,361936
417664,S,3399443,1,361872
417728,S,3398389,1,361808
417792,S,3397423,1,361744
417856,S,3396493,1,361680
417920,S,3395641,1,361616
417984,S,3394691,1,361552
418048,S,3393721,1,361488
418112,S,3392803,1,361424
418176,S,3391667,1,361360
418240,S,3390703,1,361296
418304,S,3389747,1,361232
418368,S,3388813,1,361168
418432,S,3387803,1,361104
418496,S,3386947,1,361040
418560,S,3386023,1,360976
418624,S,3385079,1,360912
418688,S,3384217,1,360848
418752,S,3383207,1,360784
418816,S,3382237,1,360720
418880,S,3381193,1,360656
418944,S,3380249,1,360592
419008,S,3379177,1,360528
419072,S,3378253,1,360464
419136,S,3377359,1,360400
419200,S,3376537,1,360336
419264,S,3375511,1,360272
419328,S,3374611,1,360208
419392,S,3373627,1,360144
419456,S,3372581,1,360080
419520,S,3371513,1,360016
419584,S,3370639,1,359952
419648,S,3369649,1,359888
419712,S,3368789,1,359824
419776,S,3367829,1,359760
419840,S,3366973,1,359696
419904,S,3365987,1,359632
419968,S,3365233,1,359568
420032,S,3364397,1,359504
420096,S,3363457,1,359440
420160,S,3362327,1,359376
420224,S,3361331,1,359312
420288,S,3360347,1,359248
420352,S,3359383,1,359184
420416,S,3358249,1,359120
420480,S,3357223,1,359056
420544,S,3356149,1,358992
420608,S,3355141,1,358928
420672,S,3354187,1,358864
420736,S,3353201,1,358800
420800,S,3352147,1,358736
420864,S,3351083,1,358672
420928,S,3350161,1,358608
420992,S,3349163,1,358544
421056,S,3348263,1,358480
421120,S,3347341,1,358416
421184,S,3346351,1,358352
421248,S,3345323,1,358288
421312,S,3344371,1,358224
421376,S,3343309,1,358160
421440,S,3342371,1,358096
421504,S,3341419,1,358032
421568,S,3340657,1,357968
421632,S,3339647,1,357904
421696,S,3338767,1,357840
421760,S,3337847,1,357776
421824,S,3336917,1,357712
421888,S,3335807,1,357648
421952,S,3334889,1,357584
422016,S,3333787,1,357520
422080,S,2858806,0,357489
422144,S,2862346,0,357489
422208,S,2865794,0,357489
422272,S,2869234,0,357489
422336,S,2872622,0,357489
422400,S,2876218,0,357489
422464,S,2879854,0,357489
422528,S,2883458,0,357489
422592,S,2887294,0,357489
422656,S,2890934,0,357489
422720,S,2894446,0,357489
422784,S,2898254,0,357489
422848,S,2901722,0,357489
422912,S,2905486,0,357489
422976,S,2909078,0,357489
423040,S,2912246,0,357489
423104,S,2916106,0,357489
423168,S,2920042,0,357489
423232,S,2923402,0,357489
423296,S,2926942,0,357489
423360,S,2930518,0,357489
423424,S,2934002,0,357489
423488,S,2937934,0,357489
423552,S,2941898,0,357489
423616,S,2945374,0,357489
423680,S,2948878,0,357489
423744,S,2952946,0,357489
423808,S,2956246,0,357489
423872,S,2959702,0,357489
423936,S,2963486,0,357489
424000,S,2966846,0,357489
424064,S,2970538,0,357489
424128,S,2974318,0,357489
424192,S,2978042,0,357489
424256,S,2981338,0,357489
424320,S,2984914,0,357489
424384,S,2988382,0,357489
424448,S,2992018,0,357489
424512,S,2995702,0,357489
424576,S,2999714,0,357489
424640,S,3003214,0,357489
424704,S,3006746,0,357489
424768,S,3010174,0,357489
424832,S,3013498,0,357489
424896,S,3017342,0,357489
424960,S,3020726,0,357489
425024,S,3024394,0,357489
425088,S,3027854,0,357489
425152,S,3031846,0,357489
425216,S,3035306,0,357489
425280,S,3039094,0,357489
425344,S,3042794,0,357489
425408,S,3046762,0,357489
425472,S,3050114,0,357489
425536,S,3054082,0,357489
425600,S,3057706,0,357489
425664,S,3061406,0,357489
425728,S,3065438,0,357489
425792,S,3069202,0,357489
425856,S,3072686,0,357489
425920,S,3076186,0,357489
425984,S,3079994,0,357489
426048,S,3083594,0,357489
426112,S,3087586,0,357489
426176,S,3091234,0,357489
426240,S,3094898,0,357489
426304,S,3098278,0,357489
426368,S,3101942,0,357489
426432,S,3105742,0,357489
426496,S,3109478,0,357489
426560,S,3112882,0,357489
426624,S,3116578,0,357489
426688,S,3119926,0,357489
426752,S,3123646,0,357489
426816,S,3127622,0,357489
426880,S,3131126,0,357489
426944,S,3134666,0,357489
427008,S,3138634,0,357489
427072,S,3142274,0,357489
427136,S,3145738,0,357489
427200,S,3149362,0,357489
427264,S,3153166,0,357489
427328,S,3156878,0,357489
427392,S,3160774,0,357489
427456,S,3164342,0,357489
427520,S,3168118,0,357489
427584,S,3171794,0,357489
427648,S,3175798,0,357489
427712,S,3179266,0,357489
427776,S,3183022,0,357489
427840,S,3186934,0,357489
427904,S,3190438,0,357489
427968,S,3194258,0,357489
428032,S,3197822,0,357489
428096,S,3201782,0,357489
428160,S,3205054,0,357489
428224,S,3208262,0,357489
428288,S,3211942,0,357489
428352,S,3215614,0,357489
428416,S,3219514,0,357489
428480,S,3222902,0,357489
428544,S,3227006,0,357489
428608,S,3230674,0,357489
428672,S,3234422,0,357489
428736,S,3237926,0,357489
428800,S,3241622,0,357489
428864,S,3245338,0,357489
428928,S,3248974,0,357489
428992,S,3252526,0,357489
429056,S,3255838,0,357489
429120,S,3259442,0,357489
429184,S,3263314,0,357489
429248,S,3266722,0,357489
429312,S,3270158,0,357489
429376,S,3273698,0,357489
429440,S,3278122,0,357489
429504,S,3281854,0,357489
429568,S,3285626,0,357489
429632,S,3289246,0,357489
429696,S,3292754,0,357489
429760,S,3296554,0,357489
429824,S,3300214,0,357489
429888,S,3304022,0,357489
429952,S,3307442,0,357489
430016,S,3310946,0,357489
430080,S,3314362,0,357489
430144,S,3318446,0,357489
430208,S,3322282,0,357489
430272,S,3325858,0,357489
430336,S,3329918,0,357489
430400,S,3333422,0,357489
430464,S,3336626,0,357489
430528,S,3340034,0,357489
430592,S,3344018,0,357489
430656,S,3347698,0,357489
430720,S,3351226,0,357489
430784,S,3354902,0,357489
430848,S,3358246,0,357489
430912,S,3361858,0,357489
430976,S,3365662,0,357489
431040,S,3369838,0,357489
431104,S,3373186,0,357489
431168,S,3376822,0,357489
431232,S,3380854,0,357489
431296,S,3384434,0,357489
431360,S,3388258,0,357489
431424,S,3391826,0,357489
431488,S,3395486,0,357489
431552,S,3398914,0,357489
431616,S,3402538,0,357489
431680,S,3405866,0,357489
431744,S,3409922,0,357489
431808,S,3413602,0,357489
431872,S,3417278,0,357489
431936,S,3420818,0,357489
432000,S,3424622,0,357489
432064,S,3428522,0,357489
432128,S,3432178,0,357489
432192,S,3436054,0,357489
432256,S,3439714,0,357489
432320,S,3443278,0,357489
432384,S,3447254,0,357489
432448,S,3450962,0,357489
432512,S,3454442,0,357489
432576,S,3458218,0,357489
432640,S,3461918,0,357489
432704,S,3465758,0,357489
432768,S,3469474,0,357489
432832,S,3473342,0,357489
432896,S,3477134,0,357489
432960,S,3480418,0,357489
433024,S,3484322,0,357489
433088,S,3488014,0,357489
433152,S,3491758,0,357489
433216,S,3495146,0,357489
433280,S,3498538,0,357489
433344,S,3502082,0,357489
433408,S,3505654,0,357489
433472,S,3509218,0,357489
433536,S,3513098,0,357489
433600,S,3516806,0,357489
433664,S,3521134,0,357489
433728,S,3525166,0,357489
433792,S,3528638,0,357489
433856,S,3532462,0,357489
433920,S,3536074,0,357489
433984,S,3539794,0,357489
434048,S,3543502,0,357489
434112,S,3547342,0,357489
434176,S,3550838,0,357489
434240,S,3554494,0,357489
434304,S,3557986,0,357489
434368,S,3561434,0,357489
434432,S,3565222,0,357489
434496,S,3569066,0,357489
434560,S,3572726,0,357489
434624,S,3576434,0,357489
434688,S,3580442,0,357489
434752,S,3583922,0,357489
434816,S,3587462,0,357489
434880,S,3591086,0,357489
434944,S,3594874,0,357489
435008,S,3598234,0,357489
435072,S,3601826,0,357489
435136,S,3605818,0,357489
435200,S,3609626,0,357489
435264,S,3613006,0,357489
435328,S,3616618,0,357489
435392,S,3620114,0,357489
435456,S,3623918,0,357489
435520,S,3627802,0,357489
435584,S,3631262,0,357489
435648,S,3635222,0,357489
435712,S,3639274,0,357489
435776,S,3642746,0,357489
435840,S,3646462,0,357489
435904,S,3649834,0,357489
435968,S,3653374,0,357489
436032,S,3657002,0,357489
436096,S,3660674,0,357489
436160,S,3664058,0,357489
436224,S,3667766,0,357489
436288,S,3671678,0,357489
436352,S,3675758,0,357489
436416,S,3679714,0,357489
436480,S,3683426,0,357489
436544,S,4000826,0,357489
436608,S,4002898,0,357489
436672,S,4004698,0,357489
436736,S,4006546,0,357489
436800,S,4008454,0,357489
436864,S,4010158,0,357489
436928,S,4012018,0,357489
436992,S,4014002,0,357489
437056,S,4015546,0,357489
437120,S,4017142,0,357489
437184,S,4019206,0,357489
437248,S,4020902,0,357489
437312,S,4022882,0,357489
437376,S,4024838,0,357489
437440,S,4026658,0,357489
437504,S,4028366,0,357489
437568,S,4030094,0,357489
437632,S,4031866,0,357489
437696,S,4033706,0,357489
437760,S,4035634,0,357489
437824,S,4037654,0,357489
437888,S,4039534,0,357489
437952,S,4041322,0,357489
438016,S,4043134,0,357489
438080,S,4044806,0,357489
438144,S,4046674,0,357489
438208,S,4048654,0,357489
438272,S,4050818,0,357489
438336,S,4052654,0,357489
438400,S,4054474,0,357489
438464,S,4056238,0,357489
438528,S,4058038,0,357489
438592,S,4059778,0,357489
438656,S,4061762,0,357489
438720,S,4063814,0,357489
438784,S,4065382,0,357489
438848,S,4066922,0,357489
438912,S,4068854,0,357489
438976,S,4070606,0,357489
439040,S,4072598,0,357489
439104,S,4074446,0,357489
439168,S,4076518,0,357489
439232,S,4078442,0,357489
439296,S,4080194,0,357489
439360,S,4082066,0,357489
439424,S,4084154,0,357489
439488,S,4085782,0,357489
439552,S,4087502,0,357489
439616,S,4089574,0,357489
439680,S,4091518,0,357489
439744,S,4093438,0,357489
439808,S,4095142,0,357489
439872,S,4097278,0,357489
439936,S,4099234,0,357489
440000,S,4101022,0,357489
440064,S,4102858,0,357489
440128,S,4105006,0,357489
440192,S,4106842,0,357489
440256,S,4108634,0,357489
440320,S,4110398,0,357489
440384,S,4112578,0,357489
440448,S,4114274,0,357489
440512,S,4116022,0,357489
440576,S,4117714,0,357489
440640,S,4119614,0,357489
440704,S,4121374,0,357489
440768,S,4123346,0,357489
440832,S,4125314,0,357489
440896,S,4127126,0,357489
440960,S,4128742,0,357489
441024,S,4130534,0,357489
441088,S,4132406,0,357489
441152,S,4134166,0,357489
441216,S,4136302,0,357489
441280,S,4138094,0,357489
441344,S,4139906,0,357489
441408,S,4141678,0,357489
441472,S,4143602,0,357489
441536,S,4145546,0,357489
441600,S,4147414,0,357489
441664,S,4149478,0,357489
441728,S,4151426,0,357489
441792,S,4153306,0,357489
441856,S,4155418,0,357489
441920,S,4157242,0,357489
441984,S,4158866,0,357489
442048,S,4160698,0,357489
442112,S,4162702,0,357489
442176,S,4164826,0,357489
442240,S,4166486,0,357489
442304,S,4168438,0,357489
442368,S,4170382,0,357489
442432,S,4172162,0,357489
442496,S,4173914,0,357489
442560,S,4175674,0,357489
442624,S,4177366,0,357489
442688,S,4179254,0,357489
442752,S,4181194,0,357489
442816,S,4183226,0,357489
442880,S,4185058,0,357489
442944,S,4186694,0,357489
443008,S,4188722,0,357489
443072,S,4190798,0,357489
443136,S,4192754,0,357489
443200,S,4194698,0,357489
443264,S,4196498,0,357489
443328,S,4198394,0,357489
443392,S,4200226,0,357489
443456,S,4202014,0,357489
443520,S,4203734,0,357489
443584,S,4205582,0,357489
443648,S,4207582,0,357489
443712,S,4209314,0,357489
443776,S,4211114,0,357489
443840,S,4212854,0,357489
443904,S,4214642,0,357489
443968,S,4216694,0,357489
444032,S,4218334,0,357489
444096,S,4220354,0,357489
444160,S,4222178,0,357489
444224,S,4224026,0,357489
444288,S,4226174,0,357489
444352,S,4228006,0,357489
444416,S,4229926,0,357489
444480,S,4231574,0,357489
444544,S,4233382,0,357489
444608,S,4235194,0,357489
444672,S,4236982,0,357489
444736,S,4239182,0,357489
444800,S,4240846,0,357489
444864,S,4242886,0,357489
444928,S,4244818,0,357489
444992,S,4246618,0,357489
445056,S,4248554,0,357489
445120,S,4250678,0,357489
445184,S,4252334,0,357489
445248,S,4254058,0,357489
445312,S,4255942,0,357489
445376,S,4257674,0,357489
445440,S,4259482,0,357489
445504,S,4261366,0,357489
445568,S,4263302,0,357489
445632,S,4265126,0,357489
445696,S,4267066,0,357489
445760,S,4269038,0,357489
445824,S,4271066,0,357489
445888,S,4272706,0,357489
445952,S,4274486,0,357489
446016,S,4276414,0,357489
446080,S,4278314,0,357489
446144,S,4280218,0,357489
446208,S,4281986,0,357489
446272,S,4283834,0,357489
446336,S,4285546,0,357489
446400,S,4287586,0,357489
446464,S,4289234,0,357489
446528,S,4290778,0,357489
446592,S,4292878,0,357489
446656,S,4294702,0,357489
446720,S,4296758,0,357489
446784,S,4298422,0,357489
446848,S,4300706,0,357489
446912,S,4302538,0,357489
446976,S,4304402,0,357489
447040,S,4306118,0,357489
447104,S,4307986,0,357489
447168,S,4309898,0,357489
447232,S,4311674,0,357489
447296,S,4313462,0,357489
447360,S,4315114,0,357489
447424,S,4316866,0,357489
447488,S,4318498,0,357489
447552,S,4320322,0,357489
447616,S,4322378,0,357489
447680,S,4324238,0,357489
447744,S,4326086,0,357489
447808,S,4327822,0,357489
447872,S,4329982,0,357489
447936,S,4331858,0,357489
448000,S,4333954,0,357489
448064,S,4335946,0,357489
448128,S,4337506,0,357489
448192,S,4339498,0,357489
448256,S,4341314,0,357489
448320,S,4343414,0,357489
448384,S,4345126,0,357489
448448,S,4346726,0,357489
448512,S,4348774,0,357489
448576,S,4350862,0,357489
448640,S,4352626,0,357489
448704,S,4354226,0,357489
448768,S,4356098,0,357489
448832,S,4357966,0,357489
448896,S,4359986,0,357489
448960,S,4361842,0,357489
449024,S,4363778,0,357489
449088,S,4365794,0,357489
449152,S,4367686,0,357489
449216,S,4369538,0,357489
449280,S,4371418,0,357489
449344,S,4373302,0,357489
449408,S,4375258,0,357489
449472,S,4376962,0,357489
449536,S,4378678,0,357489
449600,S,4380622,0,357489
449664,S,4382458,0,357489
449728,S,4384486,0,357489
449792,S,4386254,0,357489
449856,S,4387886,0,357489
449920,S,4389958,0,357489
449984,S,4391846,0,357489
450048,S,4393658,0,357489
450112,S,4395542,0,357489
450176,S,4397726,0,357489
450240,S,4399958,0,357489
450304,S,4401734,0,357489
450368,S,4403614,0,357489
450432,S,4405598,0,357489
450496,S,4407422,0,357489
450560,S,4409206,0,357489
450624,S,4411102,0,357489
450688,S,4413034,0,357489
450752,S,4414598,0,357489
450816,S,4416518,0,357489
450880,S,4418426,0,357489
450944,S,4420054,0,357489
451008,S,4421594,0,357489
451072,S,4423862,0,357489
451136,S,4425506,0,357489
451200,S,4427686,0,357489
451264,S,4429954,0,357489
451328,S,4431706,0,357489
451392,S,4433554,0,357489
451456,S,4435342,0,357489
451520,S,4437542,0,357489
451584,S,4439542,0,357489
451648,S,4441394,0,357489
451712,S,4443506,0,357489
451776,S,4445222,0,357489
451840,S,4447042,0,357489
451904,S,4449034,0,357489
451968,S,4450786,0,357489
452032,S,4452706,0,357489
452096,S,4454462,0,357489
452160,S,4456162,0,357489
452224,S,4457918,0,357489
452288,S,4459766,0,357489
452352,S,4461602,0,357489
452416,S,4463546,0,357489
452480,S,4465618,0,357489
452544,S,4467314,0,357489
452608,S,4469126,0,357489
452672,S,4470982,0,357489
452736,S,4472558,0,357489
452800,S,4474738,0,357489
452864,S,4476578,0,357489
452928,S,4478438,0,357489
452992,S,4480426,0,357489
453056,S,4482242,0,357489
453120,S,4484254,0,357489
453184,S,4486178,0,357489
453248,S,4488262,0,357489
453312,S,4489858,0,357489
453376,S,4491626,0,357489
453440,S,4493582,0,357489
453504,S,4495594,0,357489
453568,S,4497278,0,357489
453632,S,4499114,0,357489
453696,S,4501342,0,357489
453760,S,4503346,0,357489
453824,S,4505278,0,357489
453888,S,4506998,0,357489
453952,S,4508954,0,357489
454016,S,4510642,0,357489
454080,S,4512434,0,357489
454144,S,4514098,0,357489
454208,S,4515878,0,357489
454272,S,4517606,0,357489
454336,S,4519646,0,357489
454400,S,4521262,0,357489
454464,S,4523174,0,357489
454528,S,4525186,0,357489
454592,S,4527106,0,357489
454656,S,4528858,0,357489
454720,S,4530782,0,357489
454784,S,4532534,0,357489
454848,S,4534282,0,357489
454912,S,4536146,0,357489
454976,S,4537982,0,357489
455040,S,4539758,0,357489
455104,S,4541426,0,357489
455168,S,4543138,0,357489
455232,S,4544906,0,357489
455296,S,4546726,0,357489
455360,S,4548542,0,357489
455424,S,4550398,0,357489
455488,S,4552214,0,357489
455552,S,4554254,0,357489
455616,S,4556126,0,357489
455680,S,4558018,0,357489
455744,S,4560058,0,357489
455808,S,4562002,0,357489
455872,S,4563946,0,357489
455936,S,4566038,0,357489
456000,S,4568054,0,357489
456064,S,4570262,0,357489
456128,S,4571902,0,357489
456192,S,4573906,0,357489
456256,S,4575646,0,357489
456320,S,4577546,0,357489
456384,S,4579486,0,357489
456448,S,4581218,0,357489
456512,S,4583134,0,357489
456576,S,4584922,0,357489
456640,S,4586878,0,357489
456704,S,4588642,0,357489
456768,S,4590682,0,357489
456832,S,4592542,0,357489
456896,S,4594622,0,357489
456960,S,4596206,0,357489
457024,S,4598158,0,357489
457088,S,4599902,0,357489
457152,S,4601738,0,357489
457216,S,4603414,0,357489
457280,S,4605262,0,357489
457344,S,4607326,0,357489
457408,S,4609126,0,357489
457472,S,4611254,0,357489
457536,S,4613194,0,357489
457600,S,4615054,0,357489
457664,S,4616834,0,357489
457728,S,4618534,0,357489
457792,S,4620446,0,357489
457856,S,4622234,0,357489
457920,S,4624054,0,357489
457984,S,4626374,0,357489
458048,S,4628186,0,357489
458112,S,4630114,0,357489
458176,S,4632074,0,357489
458240,S,4634114,0,357489
458304,S,4636078,0,357489
458368,S,4637846,0,357489
458432,S,4639766,0,357489
458496,S,4641818,0,357489
458560,S,4643894,0,357489
458624,S,4645594,0,357489
458688,S,4647466,0,357489
458752,S,4649422,0,357489
458816,S,4651586,0,357489
458880,S,4653386,0,357489
458944,S,4655078,0,357489
459008,S,4656802,0,357489
459072,S,4658798,0,357489
459136,S,4660846,0,357489
459200,S,4662782,0,357489
459264,S,4664806,0,357489
459328,S,4666594,0,357489
459392,S,4668182,0,357489
459456,S,4670194,0,357489
459520,S,4672022,0,357489
459584,S,4673846,0,357489
459648,S,4675738,0,357489
459712,S,4677742,0,357489
459776,S,4679758,0,357489
459840,S,4681538,0,357489
459904,S,4683394,0,357489
459968,S,4685222,0,357489
460032,S,4687066,0,357489
460096,S,4688938,0,357489
460160,S,751382,0,357489
460224,S,4691846,0,357489
460288,S,4694134,0,357489
460352,S,4695862,0,357489
460416,S,4697782,0,357489
460480,S,4699834,0,357489
460544,S,4701446,0,357489
460608,S,4703542,0,357489
460672,S,4705346,0,357489
460736,S,4707418,0,357489
460800,S,4709186,0,357489
460864,S,4710878,0,357489
460928,S,4713094,0,357489
460992,S,4714966,0,357489
461056,S,4716706,0,357489
461120,S,4718438,0,357489
461184,S,4720262,0,357489
461248,S,4722238,0,357489
461312,S,4724218,0,357489
461376,S,4726042,0,357489
461440,S,4727818,0,357489
461504,S,4729418,0,357489
461568,S,4731214,0,357489
461632,S,4733254,0,357489
461696,S,4735114,0,357489
461760,S,4736882,0,357489
461824,S,4738826,0,357489
461888,S,4740686,0,357489
461952,S,4742594,0,357489
462016,S,4744826,0,357489
462080,S,4746278,0,357489
462144,S,4748306,0,357489
462208,S,4750498,0,357489
462272,S,4752382,0,357489
462336,S,4754158,0,357489
462400,S,4756222,0,357489
462464,S,4758046,0,357489
462528,S,4760006,0,357489
462592,S,4761754,0,357489
462656,S,4763474,0,357489
462720,S,4765226,0,357489
462784,S,4767146,0,357489
462848,S,4769162,0,357489
462912,S,4771274,0,357489
462976,S,4772918,0,357489
463040,S,4774606,0,357489
463104,S,4776446,0,357489
463168,S,4778362,0,357489
463232,S,4779986,0,357489
463296,S,4781834,0,357489
463360,S,4783762,0,357489
463424,S,4785622,0,357489
463488,S,4787834,0,357489
463552,S,4789726,0,357489
463616,S,4791802,0,357489
463680,S,4793702,0,357489
463744,S,4795298,0,357489
463808,S,4796962,0,357489
463872,S,4798814,0,357489
463936,S,4800622,0,357489
464000,S,4802762,0,357489
464064,S,4804802,0,357489
464128,S,4806602,0,357489
464192,S,4808302,0,357489
464256,S,4810294,0,357489
464320,S,4812194,0,357489
464384,S,4814206,0,357489
464448,S,4816022,0,357489
464512,S,4818218,0,357489
464576,S,4820162,0,357489
464640,S,4821994,0,357489
464704,S,4824046,0,357489
464768,S,4825754,0,357489
464832,S,4827554,0,357489
464896,S,4829378,0,357489
464960,S,4831214,0,357489
465024,S,4833002,0,357489
465088,S,4834954,0,357489
465152,S,4836718,0,357489
465216,S,4838662,0,357489
465280,S,4840538,0,357489
465344,S,4842458,0,357489
465408,S,4844174,0,357489
465472,S,4845898,0,357489
465536,S,4847902,0,357489
465600,S,4850002,0,357489
465664,S,4851922,0,357489
465728,S,4853666,0,357489
465792,S,4855538,0,357489
465856,S,4857458,0,357489
465920,S,4859362,0,357489
465984,S,4861462,0,357489
466048,S,4863266,0,357489
466112,S,4865242,0,357489
466176,S,4867318,0,357489
466240,S,4869118,0,357489
466304,S,4870834,0,357489
466368,S,4872814,0,357489
466432,S,4874854,0,357489
466496,S,4876906,0,357489
466560,S,4878854,0,357489
466624,S,4880662,0,357489
466688,S,4882286,0,357489
466752,S,4884346,0,357489
466816,S,4886234,0,357489
466880,S,4888162,0,357489
466944,S,4889866,0,357489
467008,S,4891598,0,357489
467072,S,4893638,0,357489
467136,S,4895602,0,357489
467200,S,4897474,0,357489
467264,S,4899238,0,357489
467328,S,4901186,0,357489
467392,S,4903078,0,357489
467456,S,4904818,0,357489
467520,S,4906502,0,357489
467584,S,4908298,0,357489
467648,S,4910366,0,357489
467712,S,4912178,0,357489
467776,S,4914158,0,357489
467840,S,4916126,0,357489
467904,S,4917806,0,357489
467968,S,4919578,0,357489
468032,S,4921354,0,357489
468096,S,4923286,0,357489
468160,S,4925398,0,357489
468224,S,4927306,0,357489
468288,S,4929058,0,357489
468352,S,4930654,0,357489
468416,S,4932814,0,357489
468480,S,4934702,0,357489
468544,S,4936622,0,357489
468608,S,4938718,0,357489
468672,S,4940486,0,357489
468736,S,4942402,0,357489
468800,S,4944286,0,357489
468864,S,4946134,0,357489
468928,S,4948142,0,357489
468992,S,4950058,0,357489
469056,S,4952086,0,357489
469120,S,4953974,0,357489
469184,S,4955878,0,357489
469248,S,4957754,0,357489
469312,S,4959622,0,357489
469376,S,4961534,0,357489
469440,S,4963514,0,357489
469504,S,4965494,0,357489
469568,S,4967422,0,357489
469632,S,4969366,0,357489
469696,S,4971118,0,357489
469760,S,4972966,0,357489
469824,S,4974626,0,357489
469888,S,4976386,0,357489
469952,S,4978318,0,357489
470016,S,4980254,0,357489
470080,S,4982062,0,357489
470144,S,4984138,0,357489
470208,S,4986218,0,357489
470272,S,4988162,0,357489
470336,S,4989826,0,357489
470400,S,4991894,0,357489
470464,S,4993658,0,357489
470528,S,4995502,0,357489
470592,S,4997402,0,357489
470656,S,4999286,0,357489
470720,S,2492047,0,357488
470784,S,2335409,0,357488
470848,S,2210561,0,357488
470912,S,2136577,0,357488
470976,S,2833522,0,357488
471040,S,2737298,0,357488
471104,S,2833634,0,357488
471168,S,3792014,0,357488
471232,S,4026634,0,357488
471296,S,3189878,0,357488
471360,S,3352658,0,357488
471424,S,3420286,0,357488
471488,S,4517594,0,357488
471552,S,4746106,0,357488
471616,S,230987,0,357488
471680,S,102919,0,357488
471744,S,2586839,0,357488
471808,S,4893059,0,357488
471872,S,8291461,0,357465
471936,S,8304041,0,357401
472000,S,8318729,0,357337
472064,S,8332057,0,357273
472128,S,8346439,0,357209
472192,S,8360311,0,357145
472256,S,8376019,0,357081
472320,S,8390027,0,357017
472384,S,8404103,0,356953
472448,S,8417533,0,356889
472512,S,8429467,0,356825
472576,S,8445821,0,356761
472640,S,8459149,0,356697
472704,S,8474381,0,356633
472768,S,8485363,0,356581
472832,S,8492333,0,356549
472896,S,8498759,0,356517
472960,S,8505457,0,356485
473024,S,8512597,0,356453
473088,S,8519227,0,356421
473152,S,8526571,0,356389
473216,S,8534221,0,356357
473280,S,8542619,0,356325
473344,S,8550337,0,356293
473408,S,8558021,0,356261
473472,S,8565467,0,356229
473536,S,8572199,0,356197
473600,S,8579407,0,356165
473664,S,8586139,0,356133
473728,S,8592293,0,356101
473792,S,8598787,0,356069
473856,S,8607593,0,356037
473920,S,8613713,0,356005
473984,S,8620921,0,355973
474048,S,8629013,0,355941
474112,S,8636153,0,355909
474176,S,8643463,0,355877
474240,S,8651453,0,355844
474304,S,8664713,0,355783
474368,S,2500649,0,355751
474432,S,155957,0,355737
474496,S,5015629,0,355693
474560,S,5044121,0,355629
474624,S,5071933,0,355565
474688,S,5101513,0,355501
474752,S,8675627,0,355465
474816,S,8690791,0,355401
474880,S,8704799,0,355337
474944,S,8720609,0,355273
475008,S,8733937,0,355209
475072,S,8748557,0,355145
475136,S,8764979,0,355081
475200,S,8778137,0,355017
475264,S,8790547,0,354953
475328,S,8803841,0,354889
475392,S,8818529,0,354825
475456,S,8831959,0,354761
475520,S,8846443,0,354697
475584,S,8860927,0,354633
475648,S,8873983,0,354569
475712,S,8887787,0,354505
475776,S,8903189,0,354441
475840,S,8918081,0,354377
475904,S,8931749,0,354313
475968,S,8945281,0,354249
476032,S,8958167,0,354185
476096,S,8973331,0,354121
476160,S,8988971,0,354057
476224,S,9002843,0,353993
476288,S,9016613,0,353929
476352,S,9030893,0,353865
476416,S,9046771,0,353801
476480,S,9060167,0,353737
476544,S,9075569,0,353673
476608,S,9089033,0,353609
476672,S,9105659,0,353545
476736,S,9119497,0,353481
476800,S,9131261,0,353417
476864,S,9148091,0,353353
476928,S,9161759,0,353289
476992,S,9176549,0,353225
477056,S,9191713,0,353161
477120,S,9206333,0,353097
477184,S,9219491,0,353033
477248,S,9234791,0,352969
477312,S,9247949,0,352905
477376,S,9263759,0,352841
477440,S,9279841,0,352777
477504,S,9293747,0,352713
477568,S,9308911,0,352649
477632,S,9323803,0,352585
477696,S,9336893,0,352521
477760,S,9351241,0,352457
477824,S,9365453,0,352393
477888,S,9379427,0,352329
477952,S,9395033,0,352265
478016,S,9409177,0,352201
478080,S,9422981,0,352137
478144,S,9436649,0,352073
478208,S,9454703,0,352009
478272,S,9466603,0,351945
478336,S,9481699,0,351881
478400,S,9496387,0,351817
478464,S,9511993,0,351753
478528,S,9523961,0,351689
478592,S,9537901,0,351625
478656,S,9555751,0,351561
478720,S,9568297,0,351497
478784,S,9584209,0,351433
478848,S,9598081,0,351369
478912,S,9612293,0,351305
478976,S,9627287,0,351241
479040,S,9642077,0,351177
479104,S,9657173,0,351113
479168,S,9672779,0,351049
479232,S,9686141,0,350985
479296,S,9698959,0,350921
479360,S,9712627,0,350857
479424,S,9727519,0,350793
479488,S,9739963,0,350729
479552,S,9755467,0,350665
479616,S,9770087,0,350601
479680,S,9779437,0,350559
479744,S,307847,0,350548
479808,S,408847,0,350537
479872,S,512341,0,350526
479936,S,332083,0,350516
480000,S,436453,0,350505
480064,S,544829,0,350494
480128,S,352999,0,350484
480192,S,470479,0,350473
480256,S,9804869,0,350427
480320,S,9819863,0,350363
480384,S,9835061,0,350299
480448,S,9850259,0,350235
480512,S,9863927,0,350171
480576,S,9878513,0,350107
480640,S,9891773,0,350043
480704,S,9906971,0,349979
480768,S,9920231,0,349915
480832,S,9936653,0,349851
480896,S,9949913,0,349787
480960,S,9963479,0,349723
481024,S,9977623,0,349659
481088,S,9989761,0,349595
481152,S,7259867,0,349531
481216,S,5121539,0,349482
481280,S,5135887,0,349418
481344,S,5150473,0,349354
481408,S,5162033,0,349290
481472,S,5175769,0,349226
481536,S,5187499,0,349162
481600,S,5201507,0,349098
481664,S,5215277,0,349034
481728,S,5228231,0,348970
481792,S,5244313,0,348906
481856,S,3349657,0,348875
481920,S,1320679,0,348854
481984,S,5259307,0,348832
482048,S,3322309,0,348811
482112,S,1309391,0,348790
482176,S,5273927,0,348768
482240,S,3212057,0,348747
482304,S,1261451,0,348726
482368,S,5287459,0,348704
482432,S,3285329,0,348683
482496,S,5305241,0,348630
482560,S,6330761,0,348577
482624,S,9656303,0,348553
482688,S,447631,0,348532
482752,S,5019863,0,348488
482816,S,9714403,0,348435
482880,S,9746441,0,348371
482944,S,9775657,0,348307
483008,S,9806201,0,348243
483072,S,9839567,0,348179
483136,S,9869281,0,348115
483200,S,9901651,0,348051
483264,S,9935017,0,347987
483328,S,9963901,0,347923
483392,S,9995441,0,347859
483456,S,5205881,0,347795
483520,S,5239679,0,347731
483584,S,5268661,0,347667
483648,S,5303663,0,347603
483712,S,5334881,0,347539
483776,S,5365583,0,347475
483840,S,5400413,0,347411
483904,S,5431201,0,347347
483968,S,5466719,0,347283
484032,S,5496991,0,347219
484096,S,5528209,0,347155
484160,S,5559427,0,347091
484224,S,5592967,0,347027
484288,S,5623841,0,346963
484352,S,5659531,0,346899
484416,S,5691953,0,346835
484480,S,5723171,0,346771
484544,S,5755679,0,346707
484608,S,5788187,0,346645
484672,S,5822329,0,346581
484736,S,5853719,0,346517
484800,S,5881067,0,346453
484864,S,5913317,0,346389
484928,S,5947717,0,346325
484992,S,5981687,0,346261
485056,S,6014023,0,346197
485120,S,6045929,0,346133
485184,S,6076201,0,346069
485248,S,6107677,0,346005
485312,S,6142163,0,345941
485376,S,6177079,0,345877
485440,S,6212597,0,345813
485504,S,6247169,0,345749
485568,S,6278387,0,345685
485632,S,6311411,0,345621
485696,S,6360517,0,345557
485760,S,6395261,0,345493
485824,S,6424673,0,345429
485888,S,6456493,0,345365
485952,S,6489517,0,345301
486016,S,6519187,0,345237
486080,S,6552383,0,345173
486144,S,6582827,0,345109
486208,S,6618947,0,345045
486272,S,6651283,0,344981
486336,S,6684049,0,344917
486400,S,6717761,0,344853
486464,S,4165831,0,344848
486528,S,660263,0,344848
486592,S,1665089,0,344848
486656,S,4134373,0,344848
486720,S,655231,0,344848
486784,S,1649093,0,344848
486848,S,4093927,0,344848
486912,S,7710643,0,344844
486976,S,4083869,0,344783
487040,S,3841939,0,344783
487104,S,1600589,0,344783
487168,S,6115523,0,344735
487232,S,7475717,0,344671
487296,S,7948709,0,344607
487360,S,8425393,0,344543
487424,S,8196949,0,344479
487488,S,8219633,0,344415
487552,S,8239321,0,344351
487616,S,8260507,0,344287
487680,S,8276557,0,344223
487744,S,8294747,0,344159
487808,S,8309513,0,344095
487872,S,8324707,0,344031
487936,S,8347819,0,343967
488000,S,3044191,0,343937
488064,S,6446123,0,343888
488128,S,6848749,0,343824
488192,S,7249741,0,343760
488256,S,8425789,0,343696
488320,S,5352587,0,343632
488384,S,6527933,0,343568
488448,S,6934777,0,343504
488512,S,7339463,0,343440
488576,S,8528231,0,343376
488640,S,5411849,0,343312
488704,S,6602471,0,343248
488768,S,7010747,0,343184
488832,S,7416077,0,343120
488896,S,8610499,0,343056
488960,S,5466961,0,342992
489024,S,6669737,0,342928
489088,S,7080511,0,342864
489152,S,7500149,0,342800
489216,S,8714513,0,342736
489280,S,5531369,0,342672
489344,S,6746497,0,342608
489408,S,7162901,0,342544
489472,S,7579249,0,342480
489536,S,8804641,0,342416
489600,S,5589469,0,342352
489664,S,6815177,0,342288
489728,S,7230953,0,342224
489792,S,7655863,0,342160
489856,S,8890577,0,342096
489920,S,5642257,0,342032
489984,S,6882847,0,341968
490048,S,7311203,0,341904
490112,S,7739483,0,341840
490176,S,8994329,0,341776
490240,S,5707993,0,341712
490304,S,6959809,0,341648
490368,S,7390811,0,341584
490432,S,7823329,0,341520
490496,S,9089959,0,341456
490560,S,5767919,0,341392
490624,S,7043437,0,341328
490688,S,7474913,0,341264
490752,S,7912147,0,341200
490816,S,9190567,0,341136
490880,S,5830667,0,341072
490944,S,7112723,0,341008
491008,S,7548743,0,340944
491072,S,7987631,0,340880
491136,S,9283577,0,340816
491200,S,5890427,0,340752
491264,S,7183019,0,340688
491328,S,7624499,0,340624
491392,S,8063567,0,340560
491456,S,9362963,0,340496
491520,S,5945539,0,340432
491584,S,7250689,0,340368
491648,S,7694263,0,340304
491712,S,8140859,0,340240
491776,S,5989861,0,340177
491840,S,7300987,0,340113
491904,S,7754183,0,340049
491968,S,8208659,0,339985
492032,S,9528809,0,339921
492096,S,6050783,0,339857
492160,S,7374313,0,339793
492224,S,7830367,0,339729
492288,S,8290019,0,339665
492352,S,9631513,0,339601
492416,S,5071403,0,339540
492480,S,1954109,0,339508
492544,S,1415399,0,339508
492608,S,1704779,0,339508
492672,S,1879529,0,339508
492736,S,1363441,0,339508
492800,S,1635089,0,339508
492864,S,1804723,0,339508
492928,S,1309159,0,339508
492992,S,1573883,0,339508
493056,S,1737149,0,339508
493120,S,1263011,0,339508
493184,S,1521161,0,339508
493248,S,1508839,0,339508
493312,S,1675903,0,339508
493376,S,1224001,0,339508
493440,S,1480357,0,339508
493504,S,1644941,0,339508
493568,S,621307,0,339508
493632,S,1539409,0,339508
493696,S,1866619,0,339508
493760,S,606601,0,339508
493824,S,1498963,0,339508
493888,S,1821031,0,339508
493952,S,592927,0,339508
494016,S,1466863,0,339508
494080,S,472217,0,339508
494144,S,9524413,0,339451
494208,S,9584293,0,339387
494272,S,9614233,0,339323
494336,S,9670121,0,339259
494400,S,9694073,0,339195
494464,S,9716029,0,339131
494528,S,956687,0,339077
494592,S,4410661,0,339077
494656,S,886679,0,339077
494720,S,4062433,0,339077
494784,S,977111,0,339077
494848,S,4478449,0,339077
494912,S,905969,0,339077
494976,S,4180123,0,339077
495040,S,837593,0,339077
495104,S,3843877,0,339077
495168,S,678857,0,339077
495232,S,914057,0,339077
495296,S,4180339,0,339077
495360,S,846049,0,339077
495424,S,3906671,0,339077
495488,S,786689,0,339077
495552,S,3608509,0,339077
495616,S,639017,0,339077
495680,S,866597,0,339077
495744,S,3978461,0,339077
495808,S,811381,0,339077
495872,S,3766951,0,339077
495936,S,3169709,0,339077
496000,S,3647143,0,339077
496064,S,2961223,0,339077
496128,S,3416471,0,339077
496192,S,960623,0,339077
496256,S,3163931,0,339077
496320,S,8549369,0,339045
496384,S,8469031,0,338981
496448,S,9328751,0,338917
496512,S,3339023,0,338889
496576,S,7102727,0,338859
496640,S,9367453,0,338837
496704,S,8943577,0,338815
496768,S,3096383,0,338789
496832,S,932851,0,338759
496896,S,8975513,0,338735
496960,S,712757,0,338709
497024,S,3239447,0,338679
497088,S,3661523,0,338649
497152,S,8342717,0,338622
497216,S,252167,0,338609
497280,S,6394631,0,338545
497344,S,5448031,0,338481
497408,S,7207463,0,338417
497472,S,6459077,0,338353
497536,S,5509963,0,338289
497600,S,7280683,0,338225
497664,S,6536599,0,338161
497728,S,5571101,0,338097
497792,S,7367501,0,338033
497856,S,6612253,0,337969
497920,S,5645737,0,337905
497984,S,7480469,0,337841
498048,S,6700049,0,337777
498112,S,5719579,0,337713
498176,S,7555781,0,337649
498240,S,6772901,0,337585
498304,S,5775953,0,337521
498368,S,7632139,0,337457
498432,S,6836413,0,337393
498496,S,5835503,0,337329
498560,S,7709543,0,337265
498624,S,6898057,0,337201
498688,S,5883937,0,337137
498752,S,7776487,0,337073
498816,S,6969041,0,337009
498880,S,5937929,0,336945
498944,S,7872719,0,336881
499008,S,7047497,0,336817
499072,S,6009389,0,336753
499136,S,7945939,0,336689
499200,S,7117547,0,336625
499264,S,6064969,0,336561
499328,S,8011837,0,336497
499392,S,7173587,0,336433
499456,S,6114197,0,336369
499520,S,8086103,0,336305
499584,S,7243637,0,336241
499648,S,6180893,0,336177
499712,S,8173967,0,336113
499776,S,7313687,0,336049
499840,S,6243619,0,335985
499904,S,8243003,0,335921
499968,S,7377199,0,335857
500032,S,6296023,0,335793
500096,S,8319361,0,335729
500160,S,7452853,0,335665
500224,S,6354779,0,335601
500288,S,8404087,0,335537
500352,S,7520101,0,335473
500416,S,6424651,0,335409
500480,S,8487767,0,335345
500544,S,7599491,0,335281
500608,S,6490553,0,335217
500672,S,8586091,0,335153
500736,S,7682617,0,335089
500800,S,8622701,0,335045
500864,S,8639437,0,335021
500928,S,8654081,0,334997
500992,S,8661403,0,334973
501056,S,9330599,0,334951
501120,S,1822627,0,334929
501184,S,3744581,0,334905
501248,S,9380143,0,334843
501312,S,9397033,0,334819
501376,S,9401537,0,334795
501440,S,9418427,0,334771
501504,S,9428561,0,334747
501568,S,9437569,0,334723
501632,S,9464593,0,334699
501696,S,9474727,0,334675
501760,S,9482609,0,334651
501824,S,9502877,0,334627
501888,S,9508507,0,334603
501952,S,9516389,0,334579
502016,S,9529901,0,334555
502080,S,9535531,0,334531
502144,S,9550169,0,334507
502208,S,9560303,0,334483
502272,S,9567059,0,334459
502336,S,9582823,0,334435
502400,S,9587327,0,334411
502464,S,9594083,0,334387
502528,S,9600839,0,334363
502592,S,9623359,0,334339
502656,S,9631241,0,334315
502720,S,9640249,0,334291
502784,S,9660517,0,334267
502848,S,9674029,0,334243
502912,S,9678533,0,334219
502976,S,9687541,0,334195
503040,S,9701053,0,334171
503104,S,9715691,0,334147
503168,S,9735959,0,334123
503232,S,9749471,0,334099
503296,S,9755101,0,334075
503360,S,9762983,0,334051
503424,S,8676113,0,333987
503488,S,3137021,0,333957
503552,S,3126953,0,333933
503616,S,3111851,0,333909
503680,S,3101783,0,333885
503744,S,3085003,0,333861
503808,S,3079969,0,333837
503872,S,3056477,0,333813
503936,S,9172897,0,333775
504000,S,9907111,0,333711
504064,S,8582401,0,333673
504128,S,9000647,0,333609
504192,S,9708703,0,333545
504256,S,9066331,0,333481
504320,S,7890559,0,333417
504384,S,521639,0,333355
504448,S,490517,0,333355
504512,S,8971841,0,333312
504576,S,5005597,0,333249
504640,S,243779,0,333213
504704,S,7790987,0,333150
504768,S,8403953,0,333088
504832,S,9592501,0,333026
504896,S,7496647,0,332963
504960,S,8325221,0,332901
505024,S,428999,0,332846
505088,S,7800011,0,332807
505152,S,6159071,0,332746
505216,S,7134019,0,332688
505280,S,5799751,0,332627
505344,S,6612407,0,332569
505408,S,7867031,0,332511
505472,S,6217217,0,332450
505536,S,7213501,0,332392
505600,S,5874181,0,332331
505664,S,6700861,0,332273
505728,S,7963093,0,332215
505792,S,6300031,0,332154
505856,S,7313363,0,332096
505920,S,5943649,0,332035
505984,S,6781787,0,331977
506048,S,8056921,0,331919
506112,S,6359939,0,331858
506176,S,7374503,0,331800
506240,S,5989961,0,331739
506304,S,6825073,0,331681
506368,S,8150749,0,331623
506432,S,6437467,0,331562
506496,S,7460099,0,331504
506560,S,6062737,0,331443
506624,S,6915409,0,331385
506688,S,8231173,0,331327
506752,S,6513233,0,331266
506816,S,7557923,0,331208
506880,S,6147091,0,331147
506944,S,7017037,0,331089
507008,S,8351809,0,331031
507072,S,6590761,0,330970
507136,S,7631291,0,330912
507200,S,6201673,0,330851
507264,S,7073497,0,330793
507328,S,8409893,0,330735
507392,S,6640097,0,330674
507456,S,7690393,0,330616
507520,S,6243023,0,330555
507584,S,7114901,0,330497
507648,S,8463509,0,330439
507712,S,6680623,0,330378
507776,S,7735229,0,330320
507840,S,6287681,0,330259
507904,S,7171361,0,330201
507968,S,8537231,0,330143
508032,S,6738769,0,330082
508096,S,7818787,0,330024
508160,S,6352187,0,329963
508224,S,7237231,0,329905
508288,S,8604251,0,329847
508352,S,6798677,0,329786
508416,S,7873813,0,329728
508480,S,6401807,0,329667
508544,S,7299337,0,329609
508608,S,8700313,0,329551
508672,S,6865633,0,329490
508736,S,7971637,0,329432
508800,S,6474583,0,329371
508864,S,7389673,0,329313
508928,S,8794141,0,329255
508992,S,6939637,0,329194
509056,S,8032777,0,329136
509120,S,6534127,0,329075
509184,S,7451779,0,329017
509248,S,8861161,0,328959
509312,S,6992497,0,328898
509376,S,8102069,0,328840
509440,S,6585401,0,328779
509504,S,7536469,0,328721
509568,S,8954989,0,328663
509632,S,7082359,0,328602
509696,S,8212121,0,328544
509760,S,6673063,0,328483
509824,S,7609867,0,328425
509888,S,9039881,0,328367
509952,S,7136981,0,328306
510016,S,8271223,0,328248
510080,S,6717721,0,328187
510144,S,7679501,0,328129
510208,S,9127007,0,328071
510272,S,7205699,0,328010
510336,S,8364971,0,327952
510400,S,7175879,0,327891
510464,S,8176349,0,327833
510528,S,9180623,0,327775
510592,S,7242701,0,327714
510656,S,8389427,0,327656
510720,S,6811999,0,327595
510784,S,7775483,0,327537
510848,S,9240941,0,327479
510912,S,7300847,0,327418
510976,S,8450567,0,327360
511040,S,6861619,0,327299
511104,S,7826297,0,327241
511168,S,9330301,0,327183
511232,S,7367803,0,327122
511296,S,8536163,0,327064
511360,S,6936049,0,327003
511424,S,7922279,0,326945
511488,S,9415193,0,326887
511552,S,7427711,0,326826
511616,S,8607493,0,326768
511680,S,6997247,0,326707
511744,S,7999441,0,326649
511808,S,9517957,0,326591
511872,S,7512287,0,326530
511936,S,8701241,0,326472
512000,S,7065061,0,326411
512064,S,8067193,0,326353
512128,S,9602849,0,326295
512192,S,7575719,0,326234
512256,S,8786837,0,326176
512320,S,7134529,0,326115
512384,S,8131181,0,326057
512448,S,9775889,0,325999
512512,S,7629023,0,325937
512576,S,8686861,0,325879
512640,S,7175737,0,325818
512704,S,8186569,0,325760
512768,S,9647941,0,325702
512832,S,7676381,0,325641
512896,S,8752663,0,325582
512960,S,7228409,0,325520
513024,S,4654151,0,325479
513088,S,8657281,0,325467
513152,S,4326983,0,325441
513216,S,7575521,0,325412
513280,S,1950811,0,325403
513344,S,2432873,0,325365
513408,S,3716953,0,325365
513472,S,4540267,0,325327
513536,S,8421661,0,325311
513600,S,4834933,0,325251
513664,S,7829561,0,325189
513728,S,2352907,0,325138
513792,S,9755621,0,325135
513856,S,7664857,0,325072
513920,S,8638211,0,325010
513984,S,4890727,0,324948
514048,S,4473589,0,324910
514112,S,1161583,0,324910
514176,S,4504529,0,324910
514240,S,3316303,0,324910
514304,S,3561491,0,324910
514368,S,3988009,0,324910
514432,S,4279861,0,324910
514496,S,1653629,0,324910
514560,S,792823,0,324910
514624,S,3603497,0,324910
514688,S,3883907,0,324910
514752,S,3016681,0,324910
514816,S,3250447,0,324910
514880,S,3702709,0,324910
514944,S,3953903,0,324910
515008,S,1552717,0,324910
515072,S,3504359,0,324910
515136,S,956411,0,324910
515200,S,4091443,0,324910
515264,S,3136117,0,324910
515328,S,3589393,0,324910
515392,S,3899083,0,324910
515456,S,3120353,0,324910
515520,S,3428291,0,324910
515584,S,9436709,0,324898
515648,S,4456097,0,324839
515712,S,8299813,0,324795
515776,S,9498779,0,324755
515840,S,4485407,0,324695
515904,S,8216261,0,324651
515968,S,9408911,0,324614
516032,S,4503449,0,324555
516096,S,8361473,0,324513
516160,S,9412309,0,324476
516224,S,4991309,0,324413
516288,S,8468987,0,324377
516352,S,2429227,0,324341
516416,S,7429727,0,324277
516480,S,8807191,0,324242
516544,S,4040843,0,324195
516608,S,7836197,0,324143
516672,S,9237731,0,324108
516736,S,4898731,0,324045
516800,S,8491793,0,324009
516864,S,3742663,0,323970
516928,S,6039379,0,323910
516992,S,7173223,0,323875
517056,S,3387259,0,323820
517120,S,6511313,0,323776
517184,S,7914097,0,323741
517248,S,5910263,0,323677
517312,S,7008497,0,323642
517376,S,3215581,0,323595
517440,S,6358421,0,323543
517504,S,7487693,0,323508
517568,S,3970693,0,323445
517632,S,6874123,0,323409
517696,S,3029693,0,323370
517760,S,6165163,0,323310
517824,S,7309777,0,323275
517888,S,3451741,0,323220
517952,S,6642703,0,323176
518016,S,8027447,0,323141
518080,S,5994913,0,323077
518144,S,7104641,0,323042
518208,S,3259693,0,322995
518272,S,6441727,0,322943
518336,S,7577111,0,322908
518400,S,4018111,0,322845
518464,S,6959879,0,322809
518528,S,3067489,0,322770
518592,S,6256007,0,322710
518656,S,7413227,0,322675
518720,S,3500591,0,322620
518784,S,6744061,0,322576
518848,S,8177069,0,322541
518912,S,6106651,0,322477
518976,S,7236839,0,322442
519040,S,3320347,0,322395
519104,S,6550387,0,322343
519168,S,7713367,0,322308
519232,S,4090367,0,322245
519296,S,7076819,0,322209
519360,S,3119029,0,322170
519424,S,6353839,0,322110
519488,S,7537367,0,322075
519552,S,3559211,0,322020
519616,S,6867943,0,321976
519680,S,8322157,0,321941
519744,S,6215003,0,321877
519808,S,7357019,0,321842
519872,S,3375487,0,321795
519936,S,6659047,0,321743
520000,S,7858139,0,321708
520064,S,4167139,0,321645
520128,S,7205453,0,321609
520192,S,3175723,0,321570
520256,S,6465647,0,321510
520320,S,7673921,0,321475
520384,S,3623693,0,321420
520448,S,6980563,0,321376
520512,S,8449109,0,321341
520576,S,6309811,0,321277
520640,S,7477199,0,321242
520704,S,3430627,0,321195
520768,S,6771329,0,321143
520832,S,8007169,0,321108
520896,S,4246169,0,321045
520960,S,7345781,0,321009
521024,S,3237571,0,320970
521088,S,6601913,0,320910
521152,S,7847717,0,320875
521216,S,3705761,0,320820
521280,S,7126969,0,320776
521344,S,8621401,0,320741
521408,S,6438479,0,320677
521472,S,7653463,0,320642
521536,S,3511499,0,320595
521600,S,6923453,0,320543
521664,S,8160457,0,320508
521728,S,4327457,0,320445
521792,S,7497803,0,320409
521856,S,3304573,0,320370
521920,S,6727697,0,320310
521984,S,7971857,0,320275
522048,S,3764381,0,320220
522112,S,7250851,0,320176
522176,S,8789159,0,320141
522240,S,6563761,0,320077
522304,S,7773643,0,320042
522368,S,3566639,0,319995
522432,S,7042979,0,319943
522496,S,8318003,0,319908
522560,S,4411003,0,319845
522624,S,7622539,0,319809
522688,S,3359549,0,319770
522752,S,6842999,0,319710
522816,S,8108411,0,319675
522880,S,3828863,0,319620
522944,S,7363471,0,319576
523008,S,8907043,0,319541
523072,S,6651797,0,319477
523136,S,7873793,0,319442
523200,S,3612589,0,319395
523264,S,7140773,0,319343
523328,S,8403163,0,319308
523392,S,4456163,0,319245
523456,S,7731683,0,319209
523520,S,3407653,0,319170
523584,S,6968783,0,319110
523648,S,8278069,0,319075
523712,S,3908977,0,319020
523776,S,7513631,0,318976
523840,S,9083869,0,318941
523904,S,6783851,0,318877
523968,S,8038039,0,318842
524032,S,3687947,0,318795
524096,S,7278409,0,318743
524160,S,8560709,0,318708
524224,S,4539709,0,318645
524288,S,7848623,0,318609
524352,S,3459193,0,318570
524416,S,7073603,0,318510
524480,S,8381519,0,318475
524544,S,3957827,0,318420
524608,S,7614989,0,318376
524672,S,9233491,0,318341
524736,S,6895589,0,318277
524800,S,8170237,0,318242
524864,S,3748601,0,318195
524928,S,7408801,0,318143
524992,S,8713997,0,318108
525056,S,4620997,0,318045
525120,S,7988951,0,318009
525184,S,3521041,0,317970
525248,S,7181917,0,317910
525312,S,8538763,0,317875
525376,S,4032079,0,317820
525440,S,7750133,0,317776
525504,S,9369511,0,317741
525568,S,6997169,0,317677
525632,S,8290417,0,317642
525696,S,3803741,0,317595
525760,S,7521083,0,317543
525824,S,8850253,0,317508
525888,S,4693253,0,317445
525952,S,8105891,0,317409
526016,S,3572581,0,317370
526080,S,7297219,0,317310
526144,S,8691869,0,317275
526208,S,4104377,0,317220
526272,S,7904047,0,317176
526336,S,9559939,0,317141
526400,S,7139381,0,317077
526464,S,8450657,0,317042
526528,S,3877261,0,316995
526592,S,7658719,0,316943
526656,S,9007799,0,316908
526720,S,4776799,0,316845
526784,S,8265709,0,316809
526848,S,3643019,0,316770
526912,S,7412521,0,316710
526976,S,8799457,0,316675
527040,S,4155181,0,316620
527104,S,7994143,0,316576
527168,S,9659687,0,316541
527232,S,7213873,0,316477
527296,S,8554813,0,316442
527360,S,3925049,0,316395
527424,S,7738403,0,316343
527488,S,9118507,0,316308
527552,S,4835507,0,316245
527616,S,8359261,0,316209
527680,S,3684251,0,316170
527744,S,7506859,0,316110
527808,S,2317837,0,316095
527872,S,2559443,0,316095
527936,S,1944697,0,316095
528000,S,1245287,0,316087
528064,S,1911499,0,316087
528128,S,2475479,0,316074
528192,S,2361841,0,316069
528256,S,1857221,0,316069
528320,S,1127003,0,316067
528384,S,2285617,0,316066
528448,S,1944367,0,316066
528512,S,2005271,0,316066
528576,S,1865789,0,316066
528640,S,1981039,0,316066
528704,S,2051521,0,316066
528768,S,809009,0,316066
528832,S,1888541,0,316066
528896,S,1189619,0,316066
528960,S,1682743,0,316066
529024,S,1933033,0,316066
529088,S,1928981,0,316066
529152,S,1737319,0,316066
529216,S,1930933,0,316066
529280,S,1550239,0,316066
529344,S,1766257,0,316066
529408,S,967921,0,316066
529472,S,776773,0,316066
529536,S,1745591,0,316066
529600,S,1895897,0,316066
529664,S,1528297,0,316066
529728,S,1706303,0,316066
529792,S,1838489,0,316066
529856,S,750089,0,316066
529920,S,1624097,0,316066
529984,S,1747457,0,316066
530048,S,1785787,0,316066
530112,S,777923,0,316066
530176,S,1667177,0,316066
530240,S,922547,0,316066
530304,S,1461059,0,316066
530368,S,779113,0,316066
530432,S,1656581,0,316066
530496,S,929017,0,316066
530560,S,1013963,0,316066
530624,S,1086889,0,316066
530688,S,5000311,0,316030
530752,S,5000797,0,315966
530816,S,5001233,0,315902
530880,S,5001691,0,315838
530944,S,5002313,0,315774
531008,S,5002847,0,315710
531072,S,5003387,0,315646
531136,S,5003819,0,315582
531200,S,5004217,0,315518
531264,S,5004841,0,315454
531328,S,5005367,0,315390
531392,S,5005981,0,315326
531456,S,5006411,0,315262
531520,S,5006773,0,315198
531584,S,5007323,0,315134
531648,S,5007713,0,315070
531712,S,5008193,0,315006
531776,S,5008807,0,314942
531840,S,5009413,0,314878
531904,S,5009839,0,314814
531968,S,5010337,0,314750
532032,S,5010769,0,314686
532096,S,5011313,0,314622
532160,S,5011849,0,314558
532224,S,5012377,0,314494
532288,S,5012857,0,314430
532352,S,5013311,0,314366
532416,S,5013919,0,314302
532480,S,5014421,0,314238
532544,S,5014957,0,314174
532608,S,5015389,0,314110
532672,S,5015809,0,314046
532736,S,5016313,0,313982
532800,S,5016773,0,313918
532864,S,5017321,0,313854
532928,S,5017889,0,313790
532992,S,5018369,0,313726
533056,S,5018837,0,313662
533120,S,5019281,0,313598
533184,S,5019803,0,313534
533248,S,5020229,0,313470
533312,S,5020651,0,313406
533376,S,5021227,0,313342
533440,S,5021693,0,313278
533504,S,5022301,0,313214
533568,S,5022883,0,313150
533632,S,5023363,0,313086
533696,S,5023901,0,313022
533760,S,5024287,0,312958
533824,S,5024783,0,312894
533888,S,5025211,0,312830
533952,S,5025719,0,312766
534016,S,5026157,0,312702
534080,S,5026649,0,312638
534144,S,5027081,0,312574
534208,S,5027591,0,312510
534272,S,5028017,0,312446
534336,S,5028557,0,312382
534400,S,5029067,0,312318
534464,S,5029469,0,312254
534528,S,5030033,0,312190
534592,S,5030471,0,312126
534656,S,5031041,0,312062
534720,S,5031583,0,311998
534784,S,5032031,0,311934
534848,S,5032519,0,311870
534912,S,5033087,0,311806
534976,S,5033593,0,311742
535040,S,5034061,0,311678
535104,S,5034587,0,311614
535168,S,5035027,0,311550
535232,S,5035493,0,311486
535296,S,5036041,0,311422
535360,S,5036621,0,311358
535424,S,5037191,0,311294
535488,S,5037691,0,311230
535552,S,5038091,0,311166
535616,S,5038673,0,311102
535680,S,5039107,0,311038
535744,S,5039549,0,310974
535808,S,5040047,0,310910
535872,S,5040599,0,310846
535936,S,5041103,0,310782
536000,S,5041523,0,310718
536064,S,5041999,0,310654
536128,S,5042507,0,310590
536192,S,5042969,0,310526
536256,S,5043443,0,310462
536320,S,5043971,0,310398
536384,S,5044513,0,310334
536448,S,5045011,0,310270
536512,S,5045567,0,310206
536576,S,5046071,0,310142
536640,S,5046623,0,310078
536704,S,5047127,0,310014
536768,S,5047631,0,309950
536832,S,5048093,0,309886
536896,S,5048713,0,309822
536960,S,5049203,0,309758
537024,S,5049739,0,309694
537088,S,5050217,0,309630
537152,S,5050687,0,309566
537216,S,5051209,0,309502
537280,S,5051687,0,309438
537344,S,5052167,0,309374
537408,S,5052623,0,309310
537472,S,5053193,0,309246
537536,S,5053577,0,309182
537600,S,5054069,0,309118
537664,S,5054453,0,309054
537728,S,5054999,0,308990
537792,S,5055473,0,308926
537856,S,5055949,0,308862
537920,S,5056433,0,308798
537984,S,5056823,0,308734
538048,S,5057243,0,308670
538112,S,5057797,0,308606
538176,S,5058289,0,308542
538240,S,5058667,0,308478
538304,S,5059213,0,308414
538368,S,5059783,0,308350
538432,S,5060249,0,308286
538496,S,5060777,0,308222
538560,S,5061347,0,308158
538624,S,5061911,0,308094
538688,S,5062367,0,308030
538752,S,5062853,0,307966
538816,S,5063287,0,307902
538880,S,5063879,0,307838
538944,S,5064373,0,307774
539008,S,5064877,0,307710
539072,S,5065433,0,307646
539136,S,5065897,0,307582
539200,S,5066353,0,307518
539264,S,5066837,0,307454
539328,S,5067443,0,307390
539392,S,5067859,0,307326
539456,S,5068411,0,307262
539520,S,5068927,0,307198
539584,S,5069413,0,307134
539648,S,5069861,0,307070
539712,S,5070269,0,307006
539776,S,5070707,0,306942
539840,S,5071181,0,306878
539904,S,5071673,0,306814
539968,S,5072161,0,306750
540032,S,5072773,0,306686
540096,S,5073379,0,306622
540160,S,5073857,0,306558
540224,S,5074259,0,306494
540288,S,5074831,0,306430
540352,S,5075177,0,306366
540416,S,5075767,0,306302
540480,S,5076223,0,306238
540544,S,5076683,0,306174
540608,S,5077229,0,306110
540672,S,5077759,0,306046
540736,S,5078279,0,305982
540800,S,5078753,0,305918
540864,S,5079157,0,305854
540928,S,5079703,0,305790
540992,S,5080123,0,305726
541056,S,5080639,0,305662
541120,S,5081149,0,305598
541184,S,5081743,0,305534
541248,S,5082089,0,305470
541312,S,5082593,0,305406
541376,S,5083061,0,305342
541440,S,5083619,0,305278
541504,S,5084141,0,305214
541568,S,5084567,0,305150
541632,S,5085019,0,305086
541696,S,5085497,0,305022
541760,S,5086007,0,304958
541824,S,5086493,0,304894
541888,S,5087021,0,304830
541952,S,5087431,0,304766
542016,S,5087861,0,304702
542080,S,5088401,0,304638
542144,S,5088947,0,304574
542208,S,5089499,0,304510
542272,S,5089943,0,304446
542336,S,5090471,0,304382
542400,S,5090903,0,304318
542464,S,5091473,0,304254
542528,S,5091929,0,304190
542592,S,5092411,0,304126
542656,S,5092909,0,304062
542720,S,5093339,0,303998
542784,S,5093819,0,303934
542848,S,5094329,0,303870
542912,S,5094899,0,303806
542976,S,5095361,0,303742
543040,S,5095939,0,303678
543104,S,5096473,0,303614
543168,S,5096911,0,303550
543232,S,5097401,0,303486
543296,S,5097887,0,303422
543360,S,5098279,0,303358
543424,S,5098903,0,303294
543488,S,5099309,0,303230
543552,S,5099879,0,303166
543616,S,5100409,0,303102
543680,S,5100899,0,303038
543744,S,5101357,0,302974
543808,S,5101711,0,302910
543872,S,5102371,0,302846
543936,S,5102953,0,302782
544000,S,5103403,0,302718
544064,S,5103887,0,302654
544128,S,5104349,0,302590
544192,S,5104867,0,302526
544256,S,5105393,0,302462
544320,S,5106083,0,302398
544384,S,5106571,0,302334
544448,S,5107129,0,302270
544512,S,5107601,0,302206
544576,S,5108023,0,302142
544640,S,5108447,0,302078
544704,S,5109029,0,302014
544768,S,5109491,0,301950
544832,S,5109989,0,301886
544896,S,5110517,0,301822
544960,S,5110933,0,301758
545024,S,5111459,0,301694
545088,S,5112001,0,301630
545152,S,5112473,0,301566
545216,S,5112979,0,301502
545280,S,5113391,0,301438
545344,S,5113891,0,301374
545408,S,5114419,0,301310
545472,S,5114833,0,301246
545536,S,5115449,0,301182
545600,S,5115881,0,301118
545664,S,5116493,0,301054
545728,S,5116981,0,300990
545792,S,5117509,0,300926
545856,S,5117977,0,300862
545920,S,5118431,0,300798
545984,S,5119019,0,300734
546048,S,5119507,0,300670
546112,S,5119973,0,300606
546176,S,5120441,0,300542
546240,S,5121031,0,300478
546304,S,5121511,0,300414
546368,S,5121901,0,300350
546432,S,5122339,0,300286
546496,S,5122787,0,300222
546560,S,5123221,0,300158
546624,S,5123719,0,300094
546688,S,5124131,0,300030
546752,S,5124593,0,299966
546816,S,5125187,0,299902
546880,S,5125693,0,299838
546944,S,5126117,0,299774
547008,S,5126579,0,299710
547072,S,5126983,0,299646
547136,S,5127641,0,299582
547200,S,5128283,0,299518
547264,S,5128667,0,299454
547328,S,5129147,0,299390
547392,S,5129737,0,299326
547456,S,5130269,0,299262
547520,S,5130773,0,299198
547584,S,5131219,0,299134
547648,S,5131781,0,299070
547712,S,5132201,0,299006
547776,S,5132653,0,298942
547840,S,5133091,0,298878
547904,S,5133529,0,298814
547968,S,5134043,0,298750
548032,S,5134487,0,298686
548096,S,5134993,0,298622
548160,S,5135437,0,298558
548224,S,5135917,0,298494
548288,S,5136491,0,298430
548352,S,5137019,0,298366
548416,S,5137499,0,298302
548480,S,5138053,0,298238
548544,S,5138503,0,298174
548608,S,5139019,0,298110
548672,S,5139517,0,298046
548736,S,5139917,0,297982
548800,S,5140397,0,297918
548864,S,5140901,0,297854
548928,S,5141363,0,297790
548992,S,5141947,0,297726
549056,S,5142349,0,297662
549120,S,5142899,0,297598
549184,S,5143403,0,297534
549248,S,5143849,0,297470
549312,S,5144441,0,297406
549376,S,5144849,0,297342
549440,S,5145311,0,297278
549504,S,5145809,0,297214
549568,S,5146381,0,297150
549632,S,5146789,0,297086
549696,S,5147357,0,297022
549760,S,5147897,0,296958
549824,S,5148499,0,296894
549888,S,5149021,0,296830
549952,S,5149519,0,296766
550016,S,5149961,0,296702
550080,S,5150441,0,296638
550144,S,5151001,0,296574
550208,S,5151437,0,296510
550272,S,5151889,0,296446
550336,S,5152397,0,296382
550400,S,5152841,0,296318
550464,S,5153437,0,296254
550528,S,5153903,0,296190
550592,S,5154389,0,296126
550656,S,5154823,0,296062
550720,S,5155309,0,295998
550784,S,5156017,0,295934
550848,S,5156441,0,295870
550912,S,5156911,0,295806
550976,S,5157487,0,295742
551040,S,5157983,0,295678
551104,S,5158411,0,295614
551168,S,5158903,0,295550
551232,S,5159443,0,295486
551296,S,5159881,0,295422
551360,S,5160377,0,295358
551424,S,5160829,0,295294
551488,S,5161337,0,295230
551552,S,5161813,0,295166
551616,S,5162299,0,295102
551680,S,5162767,0,295038
551744,S,5163343,0,294974
551808,S,5163911,0,294910
551872,S,5164361,0,294846
551936,S,5164807,0,294782
552000,S,5165431,0,294718
552064,S,5165833,0,294654
552128,S,5166311,0,294590
552192,S,5166893,0,294526
552256,S,5167427,0,294462
552320,S,5167853,0,294398
552384,S,5168333,0,294334
552448,S,5168879,0,294270
552512,S,5169383,0,294206
552576,S,5169793,0,294142
552640,S,5170289,0,294078
552704,S,5170777,0,294014
552768,S,5171293,0,293950
552832,S,5171753,0,293886
552896,S,5172163,0,293822
552960,S,5172647,0,293758
553024,S,5173213,0,293694
553088,S,5173787,0,293630
553152,S,5174243,0,293566
553216,S,5174723,0,293502
553280,S,5175193,0,293438
553344,S,5175721,0,293374
553408,S,5176307,0,293310
553472,S,5176799,0,293246
553536,S,5177387,0,293182
553600,S,5177881,0,293118
553664,S,5178379,0,293054
553728,S,5178919,0,292990
553792,S,5179351,0,292926
553856,S,5179943,0,292862
553920,S,5180449,0,292798
553984,S,5180933,0,292734
554048,S,5181391,0,292670
554112,S,5181893,0,292606
554176,S,5182417,0,292542
554240,S,5182949,0,292478
554304,S,5183473,0,292414
554368,S,5183933,0,292350
554432,S,5184427,0,292286
554496,S,5184871,0,292222
554560,S,5185399,0,292158
554624,S,5185913,0,292094
554688,S,5186351,0,292030
554752,S,5186833,0,291966
554816,S,5187383,0,291902
554880,S,5187913,0,291838
554944,S,5188429,0,291774
555008,S,5188933,0,291710
555072,S,5189441,0,291646
555136,S,5189923,0,291582
555200,S,5190347,0,291518
555264,S,5190973,0,291454
555328,S,5191369,0,291390
555392,S,5191867,0,291326
555456,S,5192387,0,291262
555520,S,5193043,0,291198
555584,S,5193499,0,291134
555648,S,5193983,0,291070
555712,S,5194433,0,291006
555776,S,5194913,0,290942
555840,S,5195467,0,290878
555904,S,5195977,0,290814
555968,S,5196343,0,290750
556032,S,5196839,0,290686
556096,S,5197363,0,290622
556160,S,5197879,0,290558
556224,S,5198377,0,290494
556288,S,5198797,0,290430
556352,S,5199269,0,290366
556416,S,5199781,0,290302
556480,S,5200337,0,290238
556544,S,5200859,0,290174
556608,S,5201299,0,290110
556672,S,5201731,0,290046
556736,S,5202293,0,289982
556800,S,5202727,0,289918
556864,S,5203181,0,289854
556928,S,5203669,0,289790
556992,S,5204039,0,289726
557056,S,5204491,0,289662
557120,S,5205019,0,289598
557184,S,5205491,0,289534
557248,S,5205979,0,289470
557312,S,5206373,0,289406
557376,S,5206837,0,289342
557440,S,5207261,0,289278
557504,S,5207803,0,289214
557568,S,5208433,0,289150
557632,S,5208923,0,289086
557696,S,5209481,0,289022
557760,S,5210003,0,288958
557824,S,5210473,0,288894
557888,S,5211071,0,288830
557952,S,5211581,0,288766
558016,S,5212057,0,288702
558080,S,5212579,0,288638
558144,S,5213081,0,288574
558208,S,5213399,0,288510
558272,S,5213941,0,288446
558336,S,5214413,0,288382
558400,S,5214953,0,288318
558464,S,5215369,0,288254
558528,S,5215801,0,288190
558592,S,5216269,0,288126
558656,S,5216801,0,288062
558720,S,5217379,0,287998
558784,S,5217881,0,287934
558848,S,5218361,0,287870
558912,S,5218823,0,287806
558976,S,5219381,0,287742
559040,S,5219881,0,287678
559104,S,5220251,0,287614
559168,S,5220797,0,287550
559232,S,5221231,0,287486
559296,S,5221717,0,287422
559360,S,5222197,0,287358
559424,S,5222753,0,287294
559488,S,5223299,0,287230
559552,S,5223859,0,287166
559616,S,5224367,0,287102
559680,S,5224811,0,287038
559744,S,5225183,0,286974
559808,S,5225699,0,286910
559872,S,5226257,0,286846
559936,S,5226799,0,286782
560000,S,5227283,0,286718
560064,S,5227757,0,286654
560128,S,5228297,0,286590
560192,S,5228761,0,286526
560256,S,5229269,0,286462
560320,S,5229709,0,286398
560384,S,5230213,0,286334
560448,S,5230651,0,286270
560512,S,5231111,0,286206
560576,S,5231623,0,286142
560640,S,5232127,0,286078
560704,S,5232697,0,286014
560768,S,5233223,0,285950
560832,S,5233727,0,285886
560896,S,5234189,0,285822
560960,S,5234659,0,285758
561024,S,5235193,0,285694
561088,S,5235679,0,285630
561152,S,5236193,0,285566
561216,S,5236753,0,285502
561280,S,5237279,0,285438
561344,S,5237753,0,285374
561408,S,5238151,0,285310
561472,S,5238671,0,285246
561536,S,5239097,0,285182
561600,S,5239529,0,285118
561664,S,5240101,0,285054
561728,S,5240593,0,284990
561792,S,5240959,0,284926
561856,S,5241517,0,284862
561920,S,5242163,0,284798
561984,S,5242673,0,284734
562048,S,5243071,0,284670
562112,S,5243489,0,284606
562176,S,5243891,0,284542
562240,S,5244427,0,284478
562304,S,5244917,0,284414
562368,S,5245421,0,284350
562432,S,5245969,0,284286
562496,S,5246431,0,284222
562560,S,5246867,0,284158
562624,S,5247323,0,284094
562688,S,5247919,0,284030
562752,S,5248283,0,283966
562816,S,5248759,0,283902
562880,S,5249269,0,283838
562944,S,5249663,0,283774
563008,S,5250109,0,283710
563072,S,5250541,0,283646
563136,S,5251009,0,283582
563200,S,5251549,0,283518
563264,S,5252087,0,283454
563328,S,5252537,0,283390
563392,S,5252957,0,283326
563456,S,5253467,0,283262
563520,S,5254019,0,283198
563584,S,5254559,0,283134
563648,S,5255069,0,283070
563712,S,5255603,0,283006
563776,S,5256131,0,282942
563840,S,5256599,0,282878
563904,S,5257117,0,282814
563968,S,5257723,0,282750
564032,S,5258249,0,282686
564096,S,5258741,0,282622
564160,S,5259251,0,282558
564224,S,5259721,0,282494
564288,S,5260247,0,282430
564352,S,5260691,0,282366
564416,S,5261129,0,282302
564480,S,5261717,0,282238
564544,S,5262121,0,282174
564608,S,5262617,0,282110
564672,S,5263169,0,282046
564736,S,5263639,0,281982
564800,S,5264071,0,281918
564864,S,5264489,0,281854
564928,S,5264977,0,281790
564992,S,5265499,0,281726
565056,S,5266031,0,281662
565120,S,5266507,0,281598
565184,S,5267083,0,281534
565248,S,5267539,0,281470
565312,S,5268013,0,281406
565376,S,5268607,0,281342
565440,S,5269051,0,281278
565504,S,5269567,0,281214
565568,S,5270113,0,281150
565632,S,5270557,0,281086
565696,S,5270971,0,281022
565760,S,5271463,0,280958
565824,S,5271913,0,280894
565888,S,5272369,0,280830
565952,S,5272843,0,280766
566016,S,5273347,0,280702
566080,S,5273819,0,280638
566144,S,5274329,0,280574
566208,S,5274713,0,280510
566272,S,5275381,0,280446
566336,S,5275889,0,280382
566400,S,5276399,0,280318
566464,S,5276833,0,280254
566528,S,5277341,0,280190
566592,S,5277947,0,280126
566656,S,5278439,0,280062
566720,S,5278927,0,279998
566784,S,5279341,0,279934
566848,S,5279899,0,279870
566912,S,5280413,0,279806
566976,S,5280853,0,279742
567040,S,5281447,0,279678
567104,S,5281979,0,279614
567168,S,5282531,0,279550
567232,S,5282933,0,279486
567296,S,5283479,0,279422
567360,S,5284117,0,279358
567424,S,5284607,0,279294
567488,S,5285183,0,279230
567552,S,5285713,0,279166
567616,S,5286277,0,279102
567680,S,5286797,0,279038
567744,S,5287253,0,278974
567808,S,5287693,0,278910
567872,S,5288167,0,278846
567936,S,5288609,0,278782
568000,S,5289131,0,278718
568064,S,5289589,0,278654
568128,S,5290049,0,278590
568192,S,5290541,0,278526
568256,S,5290921,0,278462
568320,S,5291413,0,278398
568384,S,5291857,0,278334
568448,S,5292439,0,278270
568512,S,5292857,0,278206
568576,S,5293447,0,278142
568640,S,5293877,0,278078
568704,S,5294339,0,278014
568768,S,5294801,0,277950
568832,S,5295307,0,277886
568896,S,5295811,0,277822
568960,S,5296309,0,277758
569024,S,5296777,0,277694
569088,S,5297317,0,277630
569152,S,5297813,0,277566
569216,S,5298281,0,277502
569280,S,5298779,0,277438
569344,S,5299337,0,277374
569408,S,5299823,0,277310
569472,S,5300329,0,277246
569536,S,5300837,0,277182
569600,S,5301253,0,277118
569664,S,5301727,0,277054
569728,S,5302151,0,276990
569792,S,5302663,0,276926
569856,S,5303209,0,276862
569920,S,5303707,0,276798
569984,S,5304149,0,276734
570048,S,5304581,0,276670
570112,S,5305063,0,276606
570176,S,5305591,0,276542
570240,S,5306069,0,276478
570304,S,5306531,0,276414
570368,S,5307011,0,276350
570432,S,5307557,0,276286
570496,S,5308033,0,276222
570560,S,5308553,0,276158
570624,S,5309041,0,276094
570688,S,5309693,0,276030
570752,S,5310157,0,275966
570816,S,5310727,0,275902
570880,S,5311303,0,275838
570944,S,5311883,0,275774
571008,S,5312317,0,275710
571072,S,5312807,0,275646
571136,S,5313251,0,275582
571200,S,5313769,0,275518
571264,S,5314213,0,275454
571328,S,5314711,0,275390
571392,S,5315287,0,275326
571456,S,5315797,0,275262
571520,S,5316203,0,275198
571584,S,5316677,0,275134
571648,S,5317099,0,275070
571712,S,5317757,0,275006
571776,S,5318237,0,274942
571840,S,5318717,0,274878
571904,S,5319089,0,274814
571968,S,5319683,0,274750
572032,S,5320223,0,274686
572096,S,5320709,0,274622
572160,S,5321347,0,274558
572224,S,5321851,0,274494
572288,S,5322263,0,274430
572352,S,5322721,0,274366
572416,S,5323231,0,274302
572480,S,5323763,0,274238
572544,S,5324273,0,274174
572608,S,5324773,0,274110
572672,S,5325181,0,274046
572736,S,5325659,0,273982
572800,S,5326127,0,273918
572864,S,5326687,0,273854
572928,S,5327303,0,273790
572992,S,5327713,0,273726
573056,S,5328079,0,273662
573120,S,5328581,0,273598
573184,S,5329187,0,273534
573248,S,5329699,0,273470
573312,S,5330153,0,273406
573376,S,5330557,0,273342
573440,S,5331043,0,273278
573504,S,5331581,0,273214
573568,S,5332069,0,273150
573632,S,5332553,0,273086
573696,S,5333057,0,273022
573760,S,5333467,0,272958
573824,S,5334011,0,272894
573888,S,5334533,0,272830
573952,S,5334929,0,272766
574016,S,5335459,0,272702
574080,S,5335963,0,272638
574144,S,5336447,0,272574
574208,S,5336971,0,272510
574272,S,5337523,0,272446
574336,S,5338009,0,272382
574400,S,5338441,0,272318
574464,S,5339039,0,272254
574528,S,5339539,0,272190
574592,S,5339993,0,272126
574656,S,5340427,0,272062
574720,S,5340943,0,271998
574784,S,5341379,0,271934
574848,S,5341877,0,271870
574912,S,5342377,0,271806
574976,S,5342861,0,271742
575040,S,5343343,0,271678
575104,S,5343757,0,271614
575168,S,5344247,0,271550
575232,S,5344813,0,271486
575296,S,5345363,0,271422
575360,S,5345777,0,271358
575424,S,5346139,0,271294
575488,S,5346647,0,271230
575552,S,5347099,0,271166
575616,S,5347681,0,271102
575680,S,5348281,0,271038
575744,S,5348839,0,270974
575808,S,5349371,0,270910
575872,S,5349899,0,270846
575936,S,5350399,0,270782
576000,S,5350979,0,270718
576064,S,5351519,0,270654
576128,S,5351953,0,270590
576192,S,5352341,0,270526
576256,S,5352953,0,270462
576320,S,5353399,0,270398
576384,S,5353949,0,270334
576448,S,5354449,0,270270
576512,S,5354873,0,270206
576576,S,5355407,0,270142
576640,S,5355841,0,270078
576704,S,5356259,0,270014
576768,S,5356783,0,269950
576832,S,5357309,0,269886
576896,S,5357857,0,269822
576960,S,5358343,0,269758
577024,S,5358811,0,269694
577088,S,5359427,0,269630
577152,S,5359831,0,269566
577216,S,5360269,0,269502
577280,S,5360731,0,269438
577344,S,5361217,0,269374
577408,S,5361677,0,269310
577472,S,5362111,0,269246
577536,S,5362711,0,269182
577600,S,5363243,0,269118
577664,S,5363741,0,269054
577728,S,5364301,0,268990
577792,S,5364851,0,268926
577856,S,5365253,0,268862
577920,S,5365837,0,268798
577984,S,5366327,0,268734
578048,S,5366807,0,268670
578112,S,5367413,0,268606
578176,S,5367877,0,268542
578240,S,5368327,0,268478
578304,S,5368871,0,268414
578368,S,5369311,0,268350
578432,S,5369783,0,268286
578496,S,5370359,0,268222
578560,S,5370899,0,268158
578624,S,5371469,0,268094
578688,S,5372011,0,268030
578752,S,5372449,0,267966
578816,S,5372971,0,267902
578880,S,5373427,0,267838
578944,S,5373859,0,267774
579008,S,5374331,0,267710
579072,S,5374819,0,267646
579136,S,5375327,0,267582
579200,S,5375707,0,267518
579264,S,5376209,0,267454
579328,S,5376593,0,267390
579392,S,5377061,0,267326
579456,S,5377597,0,267262
579520,S,5378089,0,267198
579584,S,5378551,0,267134
579648,S,5379037,0,267070
579712,S,5379557,0,267006
579776,S,5380103,0,266942
579840,S,5380637,0,266878
579904,S,5381113,0,266814
579968,S,5381627,0,266750
580032,S,5382037,0,266686
580096,S,5382449,0,266622
580160,S,5382899,0,266558
580224,S,5383361,0,266494
580288,S,5383811,0,266430
580352,S,5384303,0,266366
580416,S,5384707,0,266302
580480,S,5385253,0,266238
580544,S,5385769,0,266174
580608,S,5386351,0,266110
580672,S,5386993,0,266046
580736,S,5387381,0,265982
580800,S,5387747,0,265918
580864,S,5388241,0,265854
580928,S,5388853,0,265790
580992,S,5389333,0,265726
581056,S,5389847,0,265662
581120,S,5390381,0,265598
581184,S,5390783,0,265534
581248,S,5391389,0,265470
581312,S,5391803,0,265406
581376,S,5392351,0,265342
581440,S,5392817,0,265278
581504,S,5393351,0,265214
581568,S,5393911,0,265150
581632,S,5394439,0,265086
581696,S,5394941,0,265022
581760,S,5395483,0,264958
581824,S,5395921,0,264894
581888,S,5396533,0,264830
581952,S,5396959,0,264766
582016,S,5397499,0,264702
582080,S,5397961,0,264638
582144,S,5398409,0,264574
582208,S,5398933,0,264510
582272,S,5399389,0,264446
582336,S,5399861,0,264382
582400,S,5400359,0,264318
582464,S,5400949,0,264254
582528,S,5401373,0,264190
582592,S,5401969,0,264126
582656,S,5402429,0,264062
582720,S,5403061,0,263998
582784,S,5403553,0,263934
582848,S,5404031,0,263870
582912,S,5404537,0,263806
582976,S,5405041,0,263742
583040,S,5405591,0,263678
583104,S,5406091,0,263614
583168,S,5406623,0,263550
583232,S,5407091,0,263486
583296,S,5407469,0,263422
583360,S,5408047,0,263358
583424,S,5408569,0,263294
583488,S,5408987,0,263230
583552,S,5409461,0,263166
583616,S,5410033,0,263102
583680,S,5410519,0,263038
583744,S,5410943,0,262974
583808,S,5411347,0,262910
583872,S,5411869,0,262846
583936,S,5412481,0,262782
584000,S,5412973,0,262718
584064,S,5413481,0,262654
584128,S,5414051,0,262590
584192,S,5414359,0,262526
584256,S,5414951,0,262462
584320,S,5415457,0,262398
584384,S,5415913,0,262334
584448,S,5416363,0,262270
584512,S,5416889,0,262206
584576,S,5417383,0,262142
584640,S,5417833,0,262078
584704,S,5418407,0,262014
584768,S,5418977,0,261950
584832,S,5419573,0,261886
584896,S,5420029,0,261822
584960,S,5420509,0,261758
585024,S,5420951,0,261694
585088,S,5421467,0,261630
585152,S,5421907,0,261566
585216,S,5422393,0,261502
585280,S,5422891,0,261438
585344,S,5423401,0,261374
585408,S,5423843,0,261310
585472,S,5424313,0,261246
585536,S,5424847,0,261182
585600,S,5425327,0,261118
585664,S,5425759,0,261054
585728,S,5426327,0,260990
585792,S,5426717,0,260926
585856,S,5427281,0,260862
585920,S,5427857,0,260798
585984,S,5428331,0,260734
586048,S,5428727,0,260670
586112,S,5429209,0,260606
586176,S,5429759,0,260542
586240,S,5430241,0,260478
586304,S,5430661,0,260414
586368,S,5431159,0,260350
586432,S,5431763,0,260286
586496,S,5432201,0,260222
586560,S,5432699,0,260158
586624,S,5433229,0,260094
586688,S,5433731,0,260030
586752,S,5434129,0,259966
586816,S,5434697,0,259902
586880,S,5435333,0,259838
586944,S,5435851,0,259774
587008,S,5436331,0,259710
587072,S,5436799,0,259646
587136,S,5437207,0,259582
587200,S,5437717,0,259518
587264,S,5438141,0,259454
587328,S,5438627,0,259390
587392,S,5439227,0,259326
587456,S,5439653,0,259262
587520,S,5440103,0,259198
587584,S,5440573,0,259134
587648,S,5441083,0,259070
587712,S,5441641,0,259006
587776,S,5442149,0,258942
587840,S,5442641,0,258878
587904,S,5443301,0,258814
587968,S,5443831,0,258750
588032,S,5444357,0,258686
588096,S,5444737,0,258622
588160,S,5445197,0,258558
588224,S,5445679,0,258494
588288,S,5446271,0,258430
588352,S,5446789,0,258366
588416,S,5447249,0,258302
588480,S,5447789,0,258238
588544,S,5448127,0,258174
588608,S,5448673,0,258110
588672,S,5449153,0,258046
588736,S,5449727,0,257982
588800,S,5450129,0,257918
588864,S,5450503,0,257854
588928,S,5450969,0,257790
588992,S,5451473,0,257726
589056,S,5451947,0,257662
589120,S,5452571,0,257598
589184,S,5453083,0,257534
589248,S,5453531,0,257470
589312,S,5453989,0,257406
589376,S,5454497,0,257342
589440,S,5455133,0,257278
589504,S,5455573,0,257214
589568,S,5456111,0,257150
589632,S,5456557,0,257086
589696,S,5456993,0,257022
589760,S,5457547,0,256958
589824,S,5458009,0,256894
589888,S,5458441,0,256830
589952,S,5458907,0,256766
590016,S,5459513,0,256702
590080,S,5459921,0,256638
590144,S,5460437,0,256574
590208,S,5460841,0,256510
590272,S,5461333,0,256446
590336,S,5461909,0,256382
590400,S,5462311,0,256318
590464,S,5462783,0,256254
590528,S,5463181,0,256190
590592,S,5463743,0,256126
590656,S,5464307,0,256062
590720,S,5464729,0,255998
590784,S,5465281,0,255934
590848,S,5465617,0,255870
590912,S,5466277,0,255806
590976,S,5466701,0,255742
591040,S,5467349,0,255678
591104,S,5467849,0,255614
591168,S,5468317,0,255550
591232,S,5468851,0,255486
591296,S,5469353,0,255422
591360,S,5469899,0,255358
591424,S,5470427,0,255294
591488,S,5471003,0,255230
591552,S,5471527,0,255166
591616,S,5471969,0,255102
591680,S,5472457,0,255038
591744,S,5472917,0,254974
591808,S,5473409,0,254910
591872,S,5473879,0,254846
591936,S,5474411,0,254782
592000,S,5474947,0,254718
592064,S,5475473,0,254654
592128,S,5475979,0,254590
592192,S,5476459,0,254526
592256,S,5476931,0,254462
592320,S,5477399,0,254398
592384,S,5477959,0,254334
592448,S,5478527,0,254270
592512,S,5479091,0,254206
592576,S,5479667,0,254142
592640,S,5480089,0,254078
592704,S,5480567,0,254014
592768,S,5480957,0,253950
592832,S,5481409,0,253886
592896,S,5481907,0,253822
592960,S,5482423,0,253758
593024,S,5482927,0,253694
593088,S,5483461,0,253630
593152,S,5483953,0,253566
593216,S,5484403,0,253502
593280,S,5485057,0,253438
593344,S,5485451,0,253374
593408,S,5485873,0,253310
593472,S,5486407,0,253246
593536,S,5486891,0,253182
593600,S,5487487,0,253118
593664,S,5488001,0,253054
593728,S,5488447,0,252990
593792,S,5488949,0,252926
593856,S,5489443,0,252862
593920,S,5489989,0,252798
593984,S,5490593,0,252734
594048,S,5491117,0,252670
594112,S,5491613,0,252606
594176,S,5492087,0,252542
594240,S,5492573,0,252478
594304,S,5493119,0,252414
594368,S,5493559,0,252350
594432,S,5494057,0,252286
594496,S,5494481,0,252222
594560,S,5494913,0,252158
594624,S,5495473,0,252094
594688,S,5495891,0,252030
594752,S,5496443,0,251966
594816,S,5496983,0,251902
594880,S,5497469,0,251838
594944,S,5497969,0,251774
595008,S,5498431,0,251710
595072,S,5498921,0,251646
595136,S,5499343,0,251582
595200,S,5499877,0,251518
595264,S,5500321,0,251454
595328,S,5500837,0,251390
595392,S,5501389,0,251326
595456,S,5501819,0,251262
595520,S,5502353,0,251198
595584,S,5502859,0,251134
595648,S,5503297,0,251070
595712,S,5503769,0,251006
595776,S,5504321,0,250942
595840,S,5504881,0,250878
595904,S,5505343,0,250814
595968,S,5505751,0,250750
596032,S,5506199,0,250686
596096,S,5506687,0,250622
596160,S,5507179,0,250558
596224,S,5507657,0,250494
596288,S,5508149,0,250430
596352,S,5508739,0,250366
596416,S,5509177,0,250302
596480,S,5509741,0,250238
596544,S,5510311,0,250174
596608,S,5510761,0,250110
596672,S,5511299,0,250046
596736,S,5511833,0,249982
596800,S,5512321,0,249918
596864,S,5512919,0,249854
596928,S,5513437,0,249790
596992,S,5513947,0,249726
597056,S,5514391,0,249662
597120,S,5514893,0,249598
597184,S,5515319,0,249534
597248,S,5515789,0,249470
597312,S,5516267,0,249406
597376,S,5516899,0,249342
597440,S,5517319,0,249278
597504,S,5517767,0,249214
597568,S,5518273,0,249150
597632,S,5518927,0,249086
597696,S,5519489,0,249022
597760,S,5520059,0,248958
597824,S,5520589,0,248894
597888,S,5521003,0,248830
597952,S,5521543,0,248766
598016,S,5522057,0,248702
598080,S,5522471,0,248638
598144,S,5523061,0,248574
598208,S,5523559,0,248510
598272,S,5524069,0,248446
598336,S,5524501,0,248382
598400,S,5525041,0,248318
598464,S,5525491,0,248254
598528,S,5526107,0,248190
598592,S,5526607,0,248126
598656,S,5527163,0,248062
598720,S,5527649,0,247998
598784,S,5528101,0,247934
598848,S,5528687,0,247870
598912,S,5529113,0,247806
598976,S,5529739,0,247742
599040,S,5530201,0,247678
599104,S,5530799,0,247614
599168,S,5531291,0,247550
599232,S,5531723,0,247486
599296,S,5532283,0,247422
599360,S,5532691,0,247358
599424,S,5533289,0,247294
599488,S,5533673,0,247230
599552,S,5534131,0,247166
599616,S,5534611,0,247102
599680,S,5535037,0,247038
599744,S,5535401,0,246974
599808,S,5535841,0,246910
599872,S,5536381,0,246846
599936,S,5536837,0,246782
600000,S,5537353,0,246718
600064,S,5537837,0,246654
600128,S,5538223,0,246590
600192,S,5538721,0,246526
600256,S,5539277,0,246462
600320,S,5539861,0,246398
600384,S,5540243,0,246334
600448,S,5540701,0,246270
600512,S,5541311,0,246206
600576,S,5541841,0,246142
600640,S,5542417,0,246078
600704,S,5542909,0,246014
600768,S,5543449,0,245950
600832,S,5544031,0,245886
600896,S,5544557,0,245822
600960,S,5545027,0,245758
601024,S,5545531,0,245694
601088,S,5546069,0,245630
601152,S,5546647,0,245566
601216,S,5547169,0,245502
601280,S,5547701,0,245438
601344,S,5548189,0,245374
601408,S,5548661,0,245310
601472,S,5549059,0,245246
601536,S,5549611,0,245182
601600,S,5550133,0,245118
601664,S,5550553,0,245054
601728,S,5551121,0,244990
601792,S,5551669,0,244926
601856,S,5552147,0,244862
601920,S,5552669,0,244798
601984,S,5553173,0,244734
602048,S,5553601,0,244670
602112,S,5554079,0,244606
602176,S,5554553,0,244542
602240,S,5555189,0,244478
602304,S,5555701,0,244414
602368,S,5556233,0,244350
602432,S,5556709,0,244286
602496,S,5557297,0,244222
602560,S,5557753,0,244158
602624,S,5558219,0,244094
602688,S,5558627,0,244030
602752,S,5559251,0,243966
602816,S,5559737,0,243902
602880,S,5560157,0,243838
602944,S,5560591,0,243774
603008,S,5561219,0,243710
603072,S,5561639,0,243646
603136,S,5562083,0,243582
603200,S,5562551,0,243518
603264,S,5563093,0,243454
603328,S,5563651,0,243390
603392,S,5564177,0,243326
603456,S,5564747,0,243262
603520,S,5565227,0,243198
603584,S,5565719,0,243134
603648,S,5566181,0,243070
603712,S,5566597,0,243006
603776,S,5567117,0,242942
603840,S,5567567,0,242878
603904,S,5568053,0,242814
603968,S,5568523,0,242750
604032,S,5569001,0,242686
604096,S,5569411,0,242622
604160,S,5569981,0,242558
604224,S,5570417,0,242494
604288,S,5570801,0,242430
604352,S,5571211,0,242366
604416,S,5571721,0,242302
604480,S,5572129,0,242238
604544,S,5572717,0,242174
604608,S,5573179,0,242110
604672,S,5573693,0,242046
604736,S,5574253,0,241982
604800,S,5574857,0,241918
604864,S,5575369,0,241854
604928,S,5575783,0,241790
604992,S,5576353,0,241726
605056,S,5576891,0,241662
605120,S,5577437,0,241598
605184,S,5578031,0,241534
605248,S,5578589,0,241470
605312,S,5579191,0,241406
605376,S,5579641,0,241342
605440,S,5580019,0,241278
605504,S,5580409,0,241214
605568,S,5580917,0,241150
605632,S,5581451,0,241086
605696,S,5581937,0,241022
605760,S,5582483,0,240958
605824,S,5582999,0,240894
605888,S,5583499,0,240830
605952,S,5583911,0,240766
606016,S,5584357,0,240702
606080,S,5584807,0,240638
606144,S,5585287,0,240574
606208,S,5585813,0,240510
606272,S,5586313,0,240446
606336,S,5586853,0,240382
606400,S,5587411,0,240318
606464,S,5587793,0,240254
606528,S,5588371,0,240190
606592,S,5588857,0,240126
606656,S,5589557,0,240062
606720,S,5590037,0,239998
606784,S,5590567,0,239934
606848,S,5591021,0,239870
606912,S,5591497,0,239806
606976,S,5591969,0,239742
607040,S,5592469,0,239678
607104,S,5592991,0,239614
607168,S,5593409,0,239550
607232,S,5593859,0,239486
607296,S,5594423,0,239422
607360,S,5594837,0,239358
607424,S,5595419,0,239294
607488,S,5595893,0,239230
607552,S,5596319,0,239166
607616,S,5596831,0,239102
607680,S,5597413,0,239038
607744,S,5597927,0,238974
607808,S,5598379,0,238910
607872,S,5598883,0,238846
607936,S,5599381,0,238782
608000,S,5599807,0,238718
608064,S,5600249,0,238654
608128,S,5600809,0,238590
608192,S,5601361,0,238526
608256,S,5601881,0,238462
608320,S,5602393,0,238398
608384,S,5602811,0,238334
608448,S,5603419,0,238270
608512,S,5603869,0,238206
608576,S,5604451,0,238142
608640,S,5604997,0,238078
608704,S,5605559,0,238014
608768,S,5606033,0,237950
608832,S,5606537,0,237886
608896,S,5607097,0,237822
608960,S,5607487,0,237758
609024,S,5607893,0,237694
609088,S,5608409,0,237630
609152,S,5608871,0,237566
609216,S,5609381,0,237502
609280,S,5609839,0,237438
609344,S,5610389,0,237374
609408,S,5610797,0,237310
609472,S,5611273,0,237246
609536,S,5611763,0,237182
609600,S,5612263,0,237118
609664,S,5612731,0,237054
609728,S,5613329,0,236990
609792,S,5613799,0,236926
609856,S,5614321,0,236862
609920,S,5614957,0,236798
609984,S,5615437,0,236734
610048,S,5615851,0,236670
610112,S,5616353,0,236606
610176,S,5616883,0,236542
610240,S,5617373,0,236478
610304,S,5617879,0,236414
610368,S,5618323,0,236350
610432,S,5618863,0,236286
610496,S,5619343,0,236222
610560,S,5619919,0,236158
610624,S,5620457,0,236094
610688,S,5620969,0,236030
610752,S,5621443,0,235966
610816,S,5622047,0,235902
610880,S,5622571,0,235838
610944,S,5623021,0,235774
611008,S,5623531,0,235710
611072,S,5624053,0,235646
611136,S,5624473,0,235582
611200,S,5624939,0,235518
611264,S,5625509,0,235454
611328,S,5626129,0,235390
611392,S,5626561,0,235326
611456,S,5626967,0,235262
611520,S,5627467,0,235198
611584,S,5627899,0,235134
611648,S,5628397,0,235070
611712,S,5628863,0,235006
611776,S,5629441,0,234942
611840,S,5629937,0,234878
611904,S,5630431,0,234814
611968,S,5630861,0,234750
612032,S,5631341,0,234686
612096,S,5631793,0,234622
612160,S,5632327,0,234558
612224,S,5632853,0,234494
612288,S,5633333,0,234430
612352,S,5633867,0,234366
612416,S,5634311,0,234302
612480,S,5634799,0,234238
612544,S,5635283,0,234174
612608,S,5635717,0,234110
612672,S,5636233,0,234046
612736,S,5636773,0,233982
612800,S,5637173,0,233918
612864,S,5637817,0,233854
612928,S,5638223,0,233790
612992,S,5638757,0,233726
613056,S,5639377,0,233662
613120,S,5639867,0,233598
613184,S,5640389,0,233534
613248,S,5640881,0,233470
613312,S,5641393,0,233406
613376,S,5642027,0,233342
613440,S,5642509,0,233278
613504,S,5643047,0,233214
613568,S,5643563,0,233150
613632,S,5644061,0,233086
613696,S,5644547,0,233022
613760,S,5645011,0,232958
613824,S,5645501,0,232894
613888,S,5646073,0,232830
613952,S,5646659,0,232766
614016,S,5647129,0,232702
614080,S,5647573,0,232638
614144,S,5648017,0,232574
614208,S,5648527,0,232510
614272,S,5649079,0,232446
614336,S,5649673,0,232382
614400,S,5650097,0,232318
614464,S,5650583,0,232254
614528,S,5651069,0,232190
614592,S,5651479,0,232126
614656,S,5651953,0,232062
614720,S,5652533,0,231998
614784,S,5653111,0,231934
614848,S,5653643,0,231870
614912,S,5654161,0,231806
614976,S,5654581,0,231742
615040,S,5655071,0,231678
615104,S,5655491,0,231614
615168,S,5655997,0,231550
615232,S,5656603,0,231486
615296,S,5657147,0,231422
615360,S,5657693,0,231358
615424,S,5658187,0,231294
615488,S,5658673,0,231230
615552,S,5659117,0,231166
615616,S,5659651,0,231102
615680,S,5660153,0,231038
615744,S,5660657,0,230974
615808,S,5661163,0,230910
615872,S,5661589,0,230846
615936,S,5662093,0,230782
616000,S,5662609,0,230718
616064,S,5663039,0,230654
616128,S,5663459,0,230590
616192,S,5664013,0,230526
616256,S,5664499,0,230462
616320,S,5665081,0,230398
616384,S,5665559,0,230334
616448,S,5666197,0,230270
616512,S,5666623,0,230206
616576,S,5667133,0,230142
616640,S,5667689,0,230078
616704,S,5668211,0,230014
616768,S,5668681,0,229950
616832,S,5669273,0,229886
616896,S,5669773,0,229822
616960,S,5670229,0,229758
617024,S,5670671,0,229694
617088,S,5671213,0,229630
617152,S,5671763,0,229566
617216,S,5672239,0,229502
617280,S,5672627,0,229438
617344,S,5673043,0,229374
617408,S,5673673,0,229310
617472,S,5674219,0,229246
617536,S,5674759,0,229182
617600,S,5675221,0,229118
617664,S,5675599,0,229054
617728,S,5676107,0,228990
617792,S,5676667,0,228926
617856,S,5677121,0,228862
617920,S,5677603,0,228798
617984,S,5678143,0,228734
618048,S,5678713,0,228670
618112,S,5679217,0,228606
618176,S,5679673,0,228542
618240,S,5680187,0,228478
618304,S,5680739,0,228414
618368,S,5681309,0,228350
618432,S,5681777,0,228286
618496,S,5682329,0,228222
618560,S,5682829,0,228158
618624,S,5683351,0,228094
618688,S,5683817,0,228030
618752,S,5684279,0,227966
618816,S,5684759,0,227902
618880,S,5685283,0,227838
618944,S,5685697,0,227774
619008,S,5686193,0,227710
619072,S,5686693,0,227646
619136,S,5687191,0,227582
619200,S,5687761,0,227518
619264,S,5688259,0,227454
619328,S,5688757,0,227390
619392,S,5689183,0,227326
619456,S,5689799,0,227262
619520,S,5690303,0,227198
619584,S,5690689,0,227134
619648,S,5691053,0,227070
619712,S,5691493,0,227006
619776,S,5691943,0,226942
619840,S,5692471,0,226878
619904,S,5693033,0,226814
619968,S,5693543,0,226750
620032,S,5693971,0,226686
620096,S,5694407,0,226622
620160,S,5695097,0,226558
620224,S,5695499,0,226494
620288,S,5696021,0,226430
620352,S,5696459,0,226366
620416,S,5696861,0,226302
620480,S,5697421,0,226238
620544,S,5697883,0,226174
620608,S,5698289,0,226110
620672,S,5698807,0,226046
620736,S,5699191,0,225982
620800,S,5699761,0,225918
620864,S,5700173,0,225854
620928,S,5700659,0,225790
620992,S,5701177,0,225726
621056,S,5701651,0,225662
621120,S,5702063,0,225598
621184,S,5702623,0,225534
621248,S,5703197,0,225470
621312,S,5703521,0,225406
621376,S,5704109,0,225342
621440,S,5704607,0,225278
621504,S,5705069,0,225214
621568,S,5705599,0,225150
621632,S,5706131,0,225086
621696,S,5706647,0,225022
621760,S,5707157,0,224958
621824,S,5707721,0,224894
621888,S,5708203,0,224830
621952,S,5708783,0,224766
622016,S,5709281,0,224702
622080,S,5709751,0,224638
622144,S,5710337,0,224574
622208,S,5710823,0,224510
622272,S,5711327,0,224446
622336,S,5711831,0,224382
622400,S,5712283,0,224318
622464,S,5712737,0,224254
622528,S,5713217,0,224190
622592,S,5713633,0,224126
622656,S,5714083,0,224062
622720,S,5714581,0,223998
622784,S,5715091,0,223934
622848,S,5715583,0,223870
622912,S,5716049,0,223806
622976,S,5716583,0,223742
623040,S,5717053,0,223678
623104,S,5717533,0,223614
623168,S,5717963,0,223550
623232,S,5718407,0,223486
623296,S,5718847,0,223422
623360,S,5719291,0,223358
623424,S,5719849,0,223294
623488,S,5720371,0,223230
623552,S,5720893,0,223166
623616,S,5721431,0,223102
623680,S,5721839,0,223038
623744,S,5722303,0,222974
623808,S,5722799,0,222910
623872,S,5723299,0,222846
623936,S,5723899,0,222782
624000,S,5724373,0,222718
624064,S,5724931,0,222654
624128,S,5725453,0,222590
624192,S,5725883,0,222526
624256,S,5726447,0,222462
624320,S,5726873,0,222398
624384,S,5727347,0,222334
624448,S,5727803,0,222270
624512,S,5728319,0,222206
624576,S,5728871,0,222142
624640,S,5729419,0,222078
624704,S,5729959,0,222014
624768,S,5730407,0,221950
624832,S,5730871,0,221886
624896,S,5731421,0,221822
624960,S,5731823,0,221758
625024,S,5732249,0,221694
625088,S,5732809,0,221630
625152,S,5733449,0,221566
625216,S,5733941,0,221502
625280,S,5734571,0,221438
625344,S,5735029,0,221374
625408,S,5735627,0,221310
625472,S,5736067,0,221246
625536,S,5736589,0,221182
625600,S,5737187,0,221118
625664,S,5737631,0,221054
625728,S,5738207,0,220990
625792,S,5738687,0,220926
625856,S,5739161,0,220862
625920,S,5739667,0,220798
625984,S,5740099,0,220734
626048,S,5740519,0,220670
626112,S,5741039,0,220606
626176,S,5741573,0,220542
626240,S,5742053,0,220478
626304,S,5742509,0,220414
626368,S,5742973,0,220350
626432,S,5743459,0,220286
626496,S,5743901,0,220222
626560,S,5744429,0,220158
626624,S,5744911,0,220094
626688,S,5745521,0,220030
626752,S,5745967,0,219966
626816,S,5746511,0,219902
626880,S,5747089,0,219838
626944,S,5747549,0,219774
627008,S,5748047,0,219710
627072,S,5748517,0,219646
627136,S,5748961,0,219582
627200,S,5749531,0,219518
627264,S,5749943,0,219454
627328,S,5750389,0,219390
627392,S,5750993,0,219326
627456,S,5751377,0,219262
627520,S,5751887,0,219198
627584,S,5752363,0,219134
627648,S,5752961,0,219070
627712,S,5753441,0,219006
627776,S,5753821,0,218942
627840,S,5754373,0,218878
627904,S,5754779,0,218814
627968,S,5755261,0,218750
628032,S,5755907,0,218686
628096,S,5756341,0,218622
628160,S,5756951,0,218558
628224,S,5757317,0,218494
628288,S,5757901,0,218430
628352,S,5758447,0,218366
628416,S,5758943,0,218302
628480,S,5759473,0,218238
628544,S,5759927,0,218174
628608,S,5760523,0,218110
628672,S,5761001,0,218046
628736,S,5761439,0,217982
628800,S,5761927,0,217918
628864,S,5762411,0,217854
628928,S,5763019,0,217790
628992,S,5763577,0,217726
629056,S,5764027,0,217662
629120,S,5764541,0,217598
629184,S,5765041,0,217534
629248,S,5765563,0,217470
629312,S,5766053,0,217406
629376,S,5766611,0,217342
629440,S,5767169,0,217278
629504,S,5767577,0,217214
629568,S,5768159,0,217150
629632,S,5768677,0,217086
629696,S,5769161,0,217022
629760,S,5769809,0,216958
629824,S,5770279,0,216894
629888,S,5770717,0,216830
629952,S,5771281,0,216766
630016,S,5771723,0,216702
630080,S,5772167,0,216638
630144,S,5772511,0,216574
630208,S,5773049,0,216510
630272,S,5773561,0,216446
630336,S,5774099,0,216382
630400,S,5774597,0,216318
630464,S,5775149,0,216254
630528,S,5775709,0,216190
630592,S,5776109,0,216126
630656,S,5776783,0,216062
630720,S,5777279,0,215998
630784,S,5777797,0,215934
630848,S,5778277,0,215870
630912,S,5778763,0,215806
630976,S,5779307,0,215742
631040,S,5779799,0,215678
631104,S,5780393,0,215614
631168,S,5780857,0,215550
631232,S,5781323,0,215486
631296,S,5781847,0,215422
631360,S,5782319,0,215358
631424,S,5782787,0,215294
631488,S,5783273,0,215230
631552,S,5783891,0,215166
631616,S,5784349,0,215102
631680,S,5784871,0,215038
631744,S,5785411,0,214974
631808,S,5785873,0,214910
631872,S,5786413,0,214846
631936,S,5786947,0,214782
632000,S,5787389,0,214718
632064,S,5787949,0,214654
632128,S,5788427,0,214590
632192,S,5788931,0,214526
632256,S,5789453,0,214462
632320,S,5789929,0,214398
632384,S,5790439,0,214334
632448,S,5790919,0,214270
632512,S,5791463,0,214206
632576,S,5791931,0,214142
632640,S,5792407,0,214078
632704,S,5792867,0,214014
632768,S,5793391,0,213950
632832,S,5793883,0,213886
632896,S,5794357,0,213822
632960,S,5794819,0,213758
633024,S,5795369,0,213694
633088,S,5795957,0,213630
633152,S,5796503,0,213566
633216,S,5797007,0,213502
633280,S,5797417,0,213438
633344,S,5797943,0,213374
633408,S,5798371,0,213310
633472,S,5798867,0,213246
633536,S,5799341,0,213182
633600,S,5799929,0,213118
633664,S,5800477,0,213054
633728,S,5801041,0,212990
633792,S,5801507,0,212926
633856,S,5801941,0,212862
633920,S,5802413,0,212798
633984,S,5803019,0,212734
634048,S,5803459,0,212670
634112,S,5803927,0,212606
634176,S,5804339,0,212542
634240,S,5804831,0,212478
634304,S,5805377,0,212414
634368,S,5805851,0,212350
634432,S,5806253,0,212286
634496,S,5806769,0,212222
634560,S,5807257,0,212158
634624,S,5807741,0,212094
634688,S,5808227,0,212030
634752,S,5808689,0,211966
634816,S,5809159,0,211902
634880,S,5809681,0,211838
634944,S,5810183,0,211774
635008,S,5810587,0,211710
635072,S,5811121,0,211646
635136,S,5811661,0,211582
635200,S,5812199,0,211518
635264,S,5812649,0,211454
635328,S,5813173,0,211390
635392,S,5813789,0,211326
635456,S,5814313,0,211262
635520,S,5814737,0,211198
635584,S,5815151,0,211134
635648,S,5815699,0,211070
635712,S,5816183,0,211006
635776,S,5816651,0,210942
635840,S,5817263,0,210878
635904,S,5817767,0,210814
635968,S,5818321,0,210750
636032,S,5818853,0,210686
636096,S,5819279,0,210622
636160,S,5819777,0,210558
636224,S,5820349,0,210494
636288,S,5820751,0,210430
636352,S,5821177,0,210366
636416,S,5821693,0,210302
636480,S,5822249,0,210238
636544,S,5822741,0,210174
636608,S,5823247,0,210110
636672,S,5823757,0,210046
636736,S,5824309,0,209982
636800,S,5824831,0,209918
636864,S,5825399,0,209854
636928,S,5825891,0,209790
636992,S,5826433,0,209726
637056,S,5827007,0,209662
637120,S,5827499,0,209598
637184,S,5827999,0,209534
637248,S,5828479,0,209470
637312,S,5828983,0,209406
637376,S,5829413,0,209342
637440,S,5830001,0,209278
637504,S,5830453,0,209214
637568,S,5830879,0,209150
637632,S,5831513,0,209086
637696,S,5831909,0,209022
637760,S,5832331,0,208958
637824,S,5832767,0,208894
637888,S,5833459,0,208830
637952,S,5834027,0,208766
638016,S,5834371,0,208702
638080,S,5834921,0,208638
638144,S,5835329,0,208574
638208,S,5835857,0,208510
638272,S,5836409,0,208446
638336,S,5836939,0,208382
638400,S,5837543,0,208318
638464,S,5838097,0,208254
638528,S,5838551,0,208190
638592,S,5839037,0,208126
638656,S,5839543,0,208062
638720,S,5839979,0,207998
638784,S,5840521,0,207934
638848,S,5840903,0,207870
638912,S,5841401,0,207806
638976,S,5842051,0,207742
639040,S,5842537,0,207678
639104,S,5842997,0,207614
639168,S,5843441,0,207550
639232,S,5843857,0,207486
639296,S,5844317,0,207422
639360,S,5844899,0,207358
639424,S,5845481,0,207294
639488,S,5846051,0,207230
639552,S,5846443,0,207166
639616,S,5846873,0,207102
639680,S,5847301,0,207038
639744,S,5847691,0,206974
639808,S,5848303,0,206910
639872,S,5848723,0,206846
639936,S,5849191,0,206782
640000,S,5849699,0,206718
640064,S,5850323,0,206654
640128,S,5850791,0,206590
640192,S,5851333,0,206526
640256,S,5851693,0,206462
640320,S,5852167,0,206398
640384,S,5852617,0,206334
640448,S,5853059,0,206270
640512,S,5853623,0,206206
640576,S,5854169,0,206142
640640,S,5854697,0,206078
640704,S,5855189,0,206014
640768,S,5855737,0,205950
640832,S,5856121,0,205886
640896,S,5856689,0,205822
640960,S,5857259,0,205758
641024,S,5857717,0,205694
641088,S,5858269,0,205630
641152,S,5858753,0,205566
641216,S,5859367,0,205502
641280,S,5859947,0,205438
641344,S,5860343,0,205374
641408,S,5860843,0,205310
641472,S,5861279,0,205246
641536,S,5861813,0,205182
641600,S,5862419,0,205118
641664,S,5863043,0,205054
641728,S,5863573,0,204990
641792,S,5863927,0,204926
641856,S,5864449,0,204862
641920,S,5864891,0,204798
641984,S,5865473,0,204734
642048,S,5865973,0,204670
642112,S,5866423,0,204606
642176,S,5867003,0,204542
642240,S,5867443,0,204478
642304,S,5867929,0,204414
642368,S,5868479,0,204350
642432,S,5869067,0,204286
642496,S,5869441,0,204222
642560,S,5870017,0,204158
642624,S,5870467,0,204094
642688,S,5870987,0,204030
642752,S,5871479,0,203966
642816,S,5871917,0,203902
642880,S,5872403,0,203838
642944,S,5872813,0,203774
643008,S,5873239,0,203710
643072,S,5873807,0,203646
643136,S,5874397,0,203582
643200,S,5874941,0,203518
643264,S,5875469,0,203454
643328,S,5875939,0,203390
643392,S,5876371,0,203326
643456,S,5876929,0,203262
643520,S,5877353,0,203198
643584,S,5877853,0,203134
643648,S,5878417,0,203070
643712,S,5878877,0,203006
643776,S,5879413,0,202942
643840,S,5879983,0,202878
643904,S,5880437,0,202814
643968,S,5880883,0,202750
644032,S,5881367,0,202686
644096,S,5881801,0,202622
644160,S,5882237,0,202558
644224,S,5882651,0,202494
644288,S,5883089,0,202430
644352,S,5883509,0,202366
644416,S,5884061,0,202302
644480,S,5884559,0,202238
644544,S,5884943,0,202174
644608,S,5885431,0,202110
644672,S,5885981,0,202046
644736,S,5886481,0,201982
644800,S,5886911,0,201918
644864,S,5887367,0,201854
644928,S,5887811,0,201790
644992,S,5888369,0,201726
645056,S,5888969,0,201662
645120,S,5889451,0,201598
645184,S,5889913,0,201534
645248,S,5890537,0,201470
645312,S,5891077,0,201406
645376,S,5891453,0,201342
645440,S,5891983,0,201278
645504,S,5892461,0,201214
645568,S,5892949,0,201150
645632,S,5893399,0,201086
645696,S,5893907,0,201022
645760,S,5894347,0,200958
645824,S,5894891,0,200894
645888,S,5895319,0,200830
645952,S,5895731,0,200766
646016,S,5896207,0,200702
646080,S,5896819,0,200638
646144,S,5897303,0,200574
646208,S,5897819,0,200510
646272,S,5898311,0,200446
646336,S,5898859,0,200382
646400,S,5899379,0,200318
646464,S,5899837,0,200254
646528,S,5900381,0,200190
646592,S,5900863,0,200126
646656,S,5901347,0,200062
646720,S,5901757,0,199998
646784,S,5902291,0,199934
646848,S,5902759,0,199870
646912,S,5903321,0,199806
646976,S,5903687,0,199742
647040,S,5904323,0,199678
647104,S,5904827,0,199614
647168,S,5905247,0,199550
647232,S,5905727,0,199486
647296,S,5906261,0,199422
647360,S,5906839,0,199358
647424,S,5907277,0,199294
647488,S,5907749,0,199230
647552,S,5908237,0,199166
647616,S,5908697,0,199102
647680,S,5909179,0,199038
647744,S,5909767,0,198974
647808,S,5910293,0,198910
647872,S,5910659,0,198846
647936,S,5911127,0,198782
648000,S,5911651,0,198718
648064,S,5912033,0,198654
648128,S,5912609,0,198590
648192,S,5913097,0,198526
648256,S,5913463,0,198462
648320,S,5913953,0,198398
648384,S,5914409,0,198334
648448,S,5914921,0,198270
648512,S,5915447,0,198206
648576,S,5915939,0,198142
648640,S,5916401,0,198078
648704,S,5916871,0,198014
648768,S,5917349,0,197950
648832,S,5917829,0,197886
648896,S,5918243,0,197822
648960,S,5918699,0,197758
649024,S,5919271,0,197694
649088,S,5919787,0,197630
649152,S,5920253,0,197566
649216,S,5920693,0,197502
649280,S,5921257,0,197438
649344,S,5921789,0,197374
649408,S,5922251,0,197310
649472,S,5922677,0,197246
649536,S,5923097,0,197182
649600,S,5923691,0,197118
649664,S,5924173,0,197054
649728,S,5924707,0,196990
649792,S,5925173,0,196926
649856,S,5925611,0,196862
649920,S,5926093,0,196798
649984,S,5926601,0,196734
650048,S,5927143,0,196670
650112,S,5927617,0,196606
650176,S,5928079,0,196542
650240,S,5928707,0,196478
650304,S,5929201,0,196414
650368,S,5929621,0,196350
650432,S,5930179,0,196286
650496,S,5930653,0,196222
650560,S,5931169,0,196158
650624,S,5931763,0,196094
650688,S,5932181,0,196030
650752,S,5932561,0,195966
650816,S,5933101,0,195902
650880,S,5933539,0,195838
650944,S,5934059,0,195774
651008,S,5934553,0,195710
651072,S,5935079,0,195646
651136,S,5935561,0,195582
651200,S,5935933,0,195518
651264,S,5936563,0,195454
651328,S,5937157,0,195390
651392,S,5937587,0,195326
651456,S,5938057,0,195262
651520,S,5938501,0,195198
651584,S,5939033,0,195134
651648,S,5939513,0,195070
651712,S,5940047,0,195006
651776,S,5940569,0,194942
651840,S,5941049,0,194878
651904,S,5941487,0,194814
651968,S,5942023,0,194750
652032,S,5942513,0,194686
652096,S,5943043,0,194622
652160,S,5943493,0,194558
652224,S,5943937,0,194494
652288,S,5944469,0,194430
652352,S,5944949,0,194366
652416,S,5945573,0,194302
652480,S,5946047,0,194238
652544,S,5946593,0,194174
652608,S,5947153,0,194110
652672,S,5947573,0,194046
652736,S,5948101,0,193982
652800,S,5948483,0,193918
652864,S,5949067,0,193854
652928,S,5949529,0,193790
652992,S,5950159,0,193726
653056,S,5950589,0,193662
653120,S,5951107,0,193598
653184,S,5951689,0,193534
653248,S,5952157,0,193470
653312,S,5952613,0,193406
653376,S,5953081,0,193342
653440,S,5953657,0,193278
653504,S,5954177,0,193214
653568,S,5954591,0,193150
653632,S,5955071,0,193086
653696,S,5955533,0,193022
653760,S,5956141,0,192958
653824,S,5956663,0,192894
653888,S,5957143,0,192830
653952,S,5957711,0,192766
654016,S,5958247,0,192702
654080,S,5958749,0,192638
654144,S,5959211,0,192574
654208,S,5959687,0,192510
654272,S,5960203,0,192446
654336,S,5960777,0,192382
654400,S,5961217,0,192318
654464,S,5961583,0,192254
654528,S,5962109,0,192190
654592,S,5962601,0,192126
654656,S,5963147,0,192062
654720,S,5963653,0,191998
654784,S,5964163,0,191934
654848,S,5964661,0,191870
654912,S,5965139,0,191806
654976,S,5965693,0,191742
655040,S,5966143,0,191678
655104,S,5966561,0,191614
655168,S,5967109,0,191550
655232,S,5967743,0,191486
655296,S,5968141,0,191422
655360,S,5968801,0,191358
655424,S,5969239,0,191294
655488,S,5969779,0,191230
655552,S,5970227,0,191166
655616,S,5970773,0,191102
655680,S,5971337,0,191038
655744,S,5971793,0,190974
655808,S,5972377,0,190910
655872,S,5972917,0,190846
655936,S,5973433,0,190782
656000,S,5973893,0,190718
656064,S,5974363,0,190654
656128,S,5974877,0,190590
656192,S,5975401,0,190526
656256,S,5975953,0,190462
656320,S,5976557,0,190398
656384,S,5977073,0,190334
656448,S,5977607,0,190270
656512,S,5977963,0,190206
656576,S,5978377,0,190142
656640,S,5978831,0,190078
656704,S,5979361,0,190014
656768,S,5979899,0,189950
656832,S,5980363,0,189886
656896,S,5981021,0,189822
656960,S,5981441,0,189758
657024,S,5981971,0,189694
657088,S,5982611,0,189630
657152,S,5983051,0,189566
657216,S,5983511,0,189502
657280,S,5984059,0,189438
657344,S,5984567,0,189374
657408,S,5984977,0,189310
657472,S,5985461,0,189246
657536,S,5985929,0,189182
657600,S,5986433,0,189118
657664,S,5986891,0,189054
657728,S,5987347,0,188990
657792,S,5987749,0,188926
657856,S,5988221,0,188862
657920,S,5988793,0,188798
657984,S,5989367,0,188734
658048,S,5989817,0,188670
658112,S,5990357,0,188606
658176,S,5990731,0,188542
658240,S,5991253,0,188478
658304,S,5991827,0,188414
658368,S,5992267,0,188350
658432,S,5992901,0,188286
658496,S,5993419,0,188222
658560,S,5993927,0,188158
658624,S,5994437,0,188094
658688,S,5994887,0,188030
658752,S,5995427,0,187966
658816,S,5996009,0,187902
658880,S,5996521,0,187838
658944,S,5997151,0,187774
659008,S,5997647,0,187710
659072,S,5998141,0,187646
659136,S,5998639,0,187582
659200,S,5999137,0,187518
659264,S,5999569,0,187454
659328,S,6000023,0,187390
659392,S,6000457,0,187326
659456,S,6000977,0,187262
659520,S,6001531,0,187198
659584,S,6002083,0,187134
659648,S,6002527,0,187070
659712,S,6003077,0,187006
659776,S,6003643,0,186942
659840,S,6004069,0,186878
659904,S,6004499,0,186814
659968,S,6004903,0,186750
660032,S,6005429,0,186686
660096,S,6005917,0,186622
660160,S,6006431,0,186558
660224,S,6006943,0,186494
660288,S,6007427,0,186430
660352,S,6007741,0,186366
660416,S,6008231,0,186302
660480,S,6008791,0,186238
660544,S,6009359,0,186174
660608,S,6009733,0,186110
660672,S,6010189,0,186046
660736,S,6010679,0,185982
660800,S,6011147,0,185918
660864,S,6011587,0,185854
660928,S,6012191,0,185790
660992,S,6012697,0,185726
661056,S,6013309,0,185662
661120,S,6013829,0,185598
661184,S,6014233,0,185534
661248,S,6014677,0,185470
661312,S,6015221,0,185406
661376,S,6015701,0,185342
661440,S,6016123,0,185278
661504,S,6016789,0,185214
661568,S,6017189,0,185150
661632,S,6017719,0,185086
661696,S,6018239,0,185022
661760,S,6018703,0,184958
661824,S,6019201,0,184894
661888,S,6019757,0,184830
661952,S,6020263,0,184766
662016,S,6020741,0,184702
662080,S,6021227,0,184638
662144,S,6021751,0,184574
662208,S,6022283,0,184510
662272,S,6022739,0,184446
662336,S,6023123,0,184382
662400,S,6023653,0,184318
662464,S,6024049,0,184254
662528,S,6024611,0,184190
662592,S,6025087,0,184126
662656,S,6025577,0,184062
662720,S,6025967,0,183998
662784,S,6026341,0,183934
662848,S,6026939,0,183870
662912,S,6027409,0,183806
662976,S,6027887,0,183742
663040,S,6028327,0,183678
663104,S,6028747,0,183614
663168,S,6029299,0,183550
663232,S,6029851,0,183486
663296,S,6030317,0,183422
663360,S,6030797,0,183358
663424,S,6031321,0,183294
663488,S,6031843,0,183230
663552,S,6032393,0,183166
663616,S,6033023,0,183102
663680,S,6033527,0,183038
663744,S,6034109,0,182974
663808,S,6034741,0,182910
663872,S,6035321,0,182846
663936,S,6035899,0,182782
664000,S,6036427,0,182718
664064,S,6036991,0,182654
664128,S,6037489,0,182590
664192,S,6037943,0,182526
664256,S,6038407,0,182462
664320,S,6039001,0,182398
664384,S,6039487,0,182334
664448,S,6039941,0,182270
664512,S,6040451,0,182206
664576,S,6040829,0,182142
664640,S,6041447,0,182078
664704,S,6041927,0,182014
664768,S,6042401,0,181950
664832,S,6042823,0,181886
664896,S,6043379,0,181822
664960,S,6043847,0,181758
665024,S,6044351,0,181694
665088,S,6044893,0,181630
665152,S,6045419,0,181566
665216,S,6045887,0,181502
665280,S,6046483,0,181438
665344,S,6047023,0,181374
665408,S,6047603,0,181310
665472,S,6048113,0,181246
665536,S,6048661,0,181182
665600,S,6049151,0,181118
665664,S,6049709,0,181054
665728,S,6050159,0,180990
665792,S,6050599,0,180926
665856,S,6051079,0,180862
665920,S,6051497,0,180798
665984,S,6051917,0,180734
666048,S,6052429,0,180670
666112,S,6052927,0,180606
666176,S,6053461,0,180542
666240,S,6053911,0,180478
666304,S,6054379,0,180414
666368,S,6054833,0,180350
666432,S,6055453,0,180286
666496,S,6055853,0,180222
666560,S,6056293,0,180158
666624,S,6056833,0,180094
666688,S,6057229,0,180030
666752,S,6057749,0,179966
666816,S,6058369,0,179902
666880,S,6058837,0,179838
666944,S,6059243,0,179774
667008,S,6059771,0,179710
667072,S,6060337,0,179646
667136,S,6060949,0,179582
667200,S,6061421,0,179518
667264,S,6061921,0,179454
667328,S,6062503,0,179390
667392,S,6062993,0,179326
667456,S,6063553,0,179262
667520,S,6064049,0,179198
667584,S,6064523,0,179134
667648,S,6065053,0,179070
667712,S,6065489,0,179006
667776,S,6066077,0,178942
667840,S,6066589,0,178878
667904,S,6067081,0,178814
667968,S,6067613,0,178750
668032,S,6068173,0,178686
668096,S,6068651,0,178622
668160,S,6069199,0,178558
668224,S,6069727,0,178494
668288,S,6070159,0,178430
668352,S,6070613,0,178366
668416,S,6071113,0,178302
668480,S,6071561,0,178238
668544,S,6071993,0,178174
668608,S,6072431,0,178110
668672,S,6073003,0,178046
668736,S,6073531,0,177982
668800,S,6073999,0,177918
668864,S,6074527,0,177854
668928,S,6075031,0,177790
668992,S,6075469,0,177726
669056,S,6075931,0,177662
669120,S,6076381,0,177598
669184,S,6076883,0,177534
669248,S,6077507,0,177470
669312,S,6078029,0,177406
669376,S,6078481,0,177342
669440,S,6078889,0,177278
669504,S,6079481,0,177214
669568,S,6079963,0,177150
669632,S,6080519,0,177086
669696,S,6080957,0,177022
669760,S,6081409,0,176958
669824,S,6082003,0,176894
669888,S,6082457,0,176830
669952,S,6083113,0,176766
670016,S,6083579,0,176702
670080,S,6084019,0,176638
670144,S,6084641,0,176574
670208,S,6085223,0,176510
670272,S,6085897,0,176446
670336,S,6086387,0,176382
670400,S,6086879,0,176318
670464,S,6087287,0,176254
670528,S,6087839,0,176190
670592,S,6088207,0,176126
670656,S,6088661,0,176062
670720,S,6089131,0,175998
670784,S,6089591,0,175934
670848,S,6090137,0,175870
670912,S,6090611,0,175806
670976,S,6091213,0,175742
671040,S,6091663,0,175678
671104,S,6092101,0,175614
671168,S,6092609,0,175550
671232,S,6093077,0,175486
671296,S,6093713,0,175422
671360,S,6094181,0,175358
671424,S,6094807,0,175294
671488,S,6095291,0,175230
671552,S,6095743,0,175166
671616,S,6096199,0,175102
671680,S,6096721,0,175038
671744,S,6097199,0,174974
671808,S,6097687,0,174910
671872,S,6098167,0,174846
671936,S,6098669,0,174782
672000,S,6099091,0,174718
672064,S,6099559,0,174654
672128,S,6100043,0,174590
672192,S,6100511,0,174526
672256,S,6100973,0,174462
672320,S,6101507,0,174398
672384,S,6101903,0,174334
672448,S,6102449,0,174270
672512,S,6102913,0,174206
672576,S,6103397,0,174142
672640,S,6103859,0,174078
672704,S,6104389,0,174014
672768,S,6104869,0,173950
672832,S,6105391,0,173886
672896,S,6105899,0,173822
672960,S,6106423,0,173758
673024,S,6106993,0,173694
673088,S,6107579,0,173630
673152,S,6108013,0,173566
673216,S,6108511,0,173502
673280,S,6109003,0,173438
673344,S,6109423,0,173374
673408,S,6109907,0,173310
673472,S,6110411,0,173246
673536,S,6110969,0,173182
673600,S,6111437,0,173118
673664,S,6111803,0,173054
673728,S,6112339,0,172990
673792,S,6112919,0,172926
673856,S,6113339,0,172862
673920,S,6113927,0,172798
673984,S,6114463,0,172734
674048,S,6114929,0,172670
674112,S,6115387,0,172606
674176,S,6115877,0,172542
674240,S,6116323,0,172478
674304,S,6116921,0,172414
674368,S,6117367,0,172350
674432,S,6117851,0,172286
674496,S,6118327,0,172222
674560,S,6118823,0,172158
674624,S,6119401,0,172094
674688,S,6119821,0,172030
674752,S,6120427,0,171966
674816,S,6120911,0,171902
674880,S,6121517,0,171838
674944,S,6121943,0,171774
675008,S,6122477,0,171710
675072,S,6122983,0,171646
675136,S,6123487,0,171582
675200,S,6123937,0,171518
675264,S,6124477,0,171454
675328,S,6125023,0,171390
675392,S,6125489,0,171326
675456,S,6126019,0,171262
675520,S,6126541,0,171198
675584,S,6127067,0,171134
675648,S,6127559,0,171070
675712,S,6127969,0,171006
675776,S,6128467,0,170942
675840,S,6128951,0,170878
675904,S,6129433,0,170814
675968,S,6129947,0,170750
676032,S,6130477,0,170686
676096,S,6130981,0,170622
676160,S,6131549,0,170558
676224,S,6132107,0,170494
676288,S,6132569,0,170430
676352,S,6133037,0,170366
676416,S,6133537,0,170302
676480,S,6134083,0,170238
676544,S,6134641,0,170174
676608,S,6135133,0,170110
676672,S,6135581,0,170046
676736,S,6136111,0,169982
676800,S,6136619,0,169918
676864,S,6137081,0,169854
676928,S,6137603,0,169790
676992,S,6138131,0,169726
677056,S,6138571,0,169662
677120,S,6139037,0,169598
677184,S,6139547,0,169534
677248,S,6139993,0,169470
677312,S,6140467,0,169406
677376,S,6140957,0,169342
677440,S,6141467,0,169278
677504,S,6141983,0,169214
677568,S,6142463,0,169150
677632,S,6143063,0,169086
677696,S,6143521,0,169022
677760,S,6144041,0,168958
677824,S,6144539,0,168894
677888,S,6145159,0,168830
677952,S,6145609,0,168766
678016,S,6146081,0,168702
678080,S,6146627,0,168638
678144,S,6147179,0,168574
678208,S,6147737,0,168510
678272,S,6148273,0,168446
678336,S,6148621,0,168382
678400,S,6149161,0,168318
678464,S,6149551,0,168254
678528,S,6150013,0,168190
678592,S,6150437,0,168126
678656,S,6150997,0,168062
678720,S,6151507,0,167998
678784,S,6151961,0,167934
678848,S,6152459,0,167870
678912,S,6152921,0,167806
678976,S,6153311,0,167742
679040,S,6153799,0,167678
679104,S,6154403,0,167614
679168,S,6154793,0,167550
679232,S,6155447,0,167486
679296,S,6155977,0,167422
679360,S,6156509,0,167358
679424,S,6157013,0,167294
679488,S,6157507,0,167230
679552,S,6157939,0,167166
679616,S,6158389,0,167102
679680,S,6159079,0,167038
679744,S,6159523,0,166974
679808,S,6159953,0,166910
679872,S,6160423,0,166846
679936,S,6160927,0,166782
680000,S,6161383,0,166718
680064,S,6161959,0,166654
680128,S,6162493,0,166590
680192,S,6163037,0,166526
680256,S,6163483,0,166462
680320,S,6164017,0,166398
680384,S,6164507,0,166334
680448,S,6164929,0,166270
680512,S,6165491,0,166206
680576,S,6166037,0,166142
680640,S,6166451,0,166078
680704,S,6166913,0,166014
680768,S,6167347,0,165950
680832,S,6167831,0,165886
680896,S,6168277,0,165822
680960,S,6168713,0,165758
681024,S,6169321,0,165694
681088,S,6169733,0,165630
681152,S,6170221,0,165566
681216,S,6170743,0,165502
681280,S,6171239,0,165438
681344,S,6171727,0,165374
681408,S,6172291,0,165310
681472,S,6172759,0,165246
681536,S,6173257,0,165182
681600,S,6173809,0,165118
681664,S,6174331,0,165054
681728,S,6174827,0,164990
681792,S,6175313,0,164926
681856,S,6175787,0,164862
681920,S,6176323,0,164798
681984,S,6176837,0,164734
682048,S,6177389,0,164670
682112,S,6177889,0,164606
682176,S,6178343,0,164542
682240,S,6178853,0,164478
682304,S,6179317,0,164414
682368,S,6179791,0,164350
682432,S,6180319,0,164286
682496,S,6180827,0,164222
682560,S,6181349,0,164158
682624,S,6181943,0,164094
682688,S,6182389,0,164030
682752,S,6183017,0,163966
682816,S,6183599,0,163902
682880,S,6184169,0,163838
682944,S,6184639,0,163774
683008,S,6185159,0,163710
683072,S,6185579,0,163646
683136,S,6186157,0,163582
683200,S,6186679,0,163518
683264,S,6187199,0,163454
683328,S,6187639,0,163390
683392,S,6188179,0,163326
683456,S,6188789,0,163262
683520,S,6189217,0,163198
683584,S,6189643,0,163134
683648,S,6190147,0,163070
683712,S,6190747,0,163006
683776,S,6191291,0,162942
683840,S,6191803,0,162878
683904,S,6192337,0,162814
683968,S,6192961,0,162750
684032,S,6193427,0,162686
684096,S,6193961,0,162622
684160,S,6194387,0,162558
684224,S,6194869,0,162494
684288,S,6195337,0,162430
684352,S,6195853,0,162366
684416,S,6196321,0,162302
684480,S,6196777,0,162238
684544,S,6197209,0,162174
684608,S,6197753,0,162110
684672,S,6198193,0,162046
684736,S,6198631,0,161982
684800,S,6199043,0,161918
684864,S,6199559,0,161854
684928,S,6200059,0,161790
684992,S,6200443,0,161726
685056,S,6201047,0,161662
685120,S,6201497,0,161598
685184,S,6202013,0,161534
685248,S,6202459,0,161470
685312,S,6202853,0,161406
685376,S,6203459,0,161342
685440,S,6203927,0,161278
685504,S,6204421,0,161214
685568,S,6204977,0,161150
685632,S,6205453,0,161086
685696,S,6205931,0,161022
685760,S,6206461,0,160958
685824,S,6207017,0,160894
685888,S,6207569,0,160830
685952,S,6208109,0,160766
686016,S,6208603,0,160702
686080,S,6209089,0,160638
686144,S,6209537,0,160574
686208,S,6209971,0,160510
686272,S,6210497,0,160446
686336,S,6210979,0,160382
686400,S,6211609,0,160318
686464,S,6212153,0,160254
686528,S,6212681,0,160190
686592,S,6213157,0,160126
686656,S,6213637,0,160062
686720,S,6214181,0,159998
686784,S,6214753,0,159934
686848,S,6215213,0,159870
686912,S,6215653,0,159806
686976,S,6216227,0,159742
687040,S,6216757,0,159678
687104,S,6217261,0,159614
687168,S,6217873,0,159550
687232,S,6218357,0,159486
687296,S,6218951,0,159422
687360,S,6219509,0,159358
687424,S,6220063,0,159294
687488,S,6220457,0,159230
687552,S,6221009,0,159166
687616,S,6221459,0,159102
687680,S,6221951,0,159038
687744,S,6222383,0,158974
687808,S,6222967,0,158910
687872,S,6223471,0,158846
687936,S,6223993,0,158782
688000,S,6224417,0,158718
688064,S,6224909,0,158654
688128,S,6225551,0,158590
688192,S,6226021,0,158526
688256,S,6226559,0,158462
688320,S,6227033,0,158398
688384,S,6227521,0,158334
688448,S,6227911,0,158270
688512,S,6228449,0,158206
688576,S,6228853,0,158142
688640,S,6229303,0,158078
688704,S,6229859,0,158014
688768,S,6230443,0,157950
688832,S,6230929,0,157886
688896,S,6231451,0,157822
688960,S,6231913,0,157758
689024,S,6232459,0,157694
689088,S,6232939,0,157630
689152,S,6233477,0,157566
689216,S,6233893,0,157502
689280,S,6234377,0,157438
689344,S,6234841,0,157374
689408,S,6235337,0,157310
689472,S,6235771,0,157246
689536,S,6236327,0,157182
689600,S,6236911,0,157118
689664,S,6237373,0,157054
689728,S,6237949,0,156990
689792,S,6238423,0,156926
689856,S,6238931,0,156862
689920,S,6239461,0,156798
689984,S,6239957,0,156734
690048,S,6240401,0,156670
690112,S,6240967,0,156606
690176,S,6241421,0,156542
690240,S,6241831,0,156478
690304,S,6242437,0,156414
690368,S,6242921,0,156350
690432,S,6243443,0,156286
690496,S,6243893,0,156222
690560,S,6244487,0,156158
690624,S,6245017,0,156094
690688,S,6245513,0,156030
690752,S,6245963,0,155966
690816,S,6246437,0,155902
690880,S,6247019,0,155838
690944,S,6247477,0,155774
691008,S,6247999,0,155710
691072,S,6248609,0,155646
691136,S,6249151,0,155582
691200,S,6249673,0,155518
691264,S,6250087,0,155454
691328,S,6250493,0,155390
691392,S,6250957,0,155326
691456,S,6251527,0,155262
691520,S,6251873,0,155198
691584,S,6252451,0,155134
691648,S,6253123,0,155070
691712,S,6253573,0,155006
691776,S,6254009,0,154942
691840,S,6254447,0,154878
691904,S,6254917,0,154814
691968,S,6255527,0,154750
692032,S,6256021,0,154686
692096,S,6256501,0,154622
692160,S,6256949,0,154558
692224,S,6257431,0,154494
692288,S,6257879,0,154430
692352,S,6258331,0,154366
692416,S,6258817,0,154302
692480,S,6259301,0,154238
692544,S,6259867,0,154174
692608,S,6260383,0,154110
692672,S,6260911,0,154046
692736,S,6261401,0,153982
692800,S,6261877,0,153918
692864,S,6262397,0,153854
692928,S,6262847,0,153790
692992,S,6263311,0,153726
693056,S,6263773,0,153662
693120,S,6264277,0,153598
693184,S,6264631,0,153534
693248,S,6265213,0,153470
693312,S,6265733,0,153406
693376,S,6266269,0,153342
693440,S,6266779,0,153278
693504,S,6267329,0,153214
693568,S,6267889,0,153150
693632,S,6268331,0,153086
693696,S,6268883,0,153022
693760,S,6269303,0,152958
693824,S,6269819,0,152894
693888,S,6270197,0,152830
693952,S,6270767,0,152766
694016,S,6271247,0,152702
694080,S,6271757,0,152638
694144,S,6272219,0,152574
694208,S,6272683,0,152510
694272,S,6273101,0,152446
694336,S,6273637,0,152382
694400,S,6274249,0,152318
694464,S,6274799,0,152254
694528,S,6275233,0,152190
694592,S,6275651,0,152126
694656,S,6276269,0,152062
694720,S,6276763,0,151998
694784,S,6277303,0,151934
694848,S,6277787,0,151870
694912,S,6278353,0,151806
694976,S,6278851,0,151742
695040,S,6279389,0,151678
695104,S,6279839,0,151614
695168,S,6280291,0,151550
695232,S,6280763,0,151486
695296,S,6281137,0,151422
695360,S,6281621,0,151358
695424,S,6282109,0,151294
695488,S,6282569,0,151230
695552,S,6283093,0,151166
695616,S,6283493,0,151102
695680,S,6283961,0,151038
695744,S,6284491,0,150974
695808,S,6284963,0,150910
695872,S,6285497,0,150846
695936,S,6286009,0,150782
696000,S,6286499,0,150718
696064,S,6287041,0,150654
696128,S,6287509,0,150590
696192,S,6287921,0,150526
696256,S,6288391,0,150462
696320,S,6288899,0,150398
696384,S,6289477,0,150334
696448,S,6289981,0,150270
696512,S,6290573,0,150206
696576,S,6291059,0,150142
696640,S,6291529,0,150078
696704,S,6291941,0,150014
696768,S,6292483,0,149950
696832,S,6293057,0,149886
696896,S,6293597,0,149822
696960,S,6294083,0,149758
697024,S,6294511,0,149694
697088,S,6294979,0,149630
697152,S,6295417,0,149566
697216,S,6295907,0,149502
697280,S,6296387,0,149438
697344,S,6296819,0,149374
697408,S,6297253,0,149310
697472,S,6297779,0,149246
697536,S,6298213,0,149182
697600,S,6298657,0,149118
697664,S,6299131,0,149054
697728,S,6299669,0,148990
697792,S,6300121,0,148926
697856,S,6300601,0,148862
697920,S,6301147,0,148798
697984,S,6301553,0,148734
698048,S,6302033,0,148670
698112,S,6302519,0,148606
698176,S,6302977,0,148542
698240,S,6303397,0,148478
698304,S,6303901,0,148414
698368,S,6304381,0,148350
698432,S,6304973,0,148286
698496,S,6305401,0,148222
698560,S,6305857,0,148158
698624,S,6306401,0,148094
698688,S,6306829,0,148030
698752,S,6307409,0,147966
698816,S,6307979,0,147902
698880,S,6308483,0,147838
698944,S,6309103,0,147774
699008,S,6309599,0,147710
699072,S,6310069,0,147646
699136,S,6310517,0,147582
699200,S,6311023,0,147518
699264,S,6311441,0,147454
699328,S,6312041,0,147390
699392,S,6312659,0,147326
699456,S,6313129,0,147262
699520,S,6313691,0,147198
699584,S,6314263,0,147134
699648,S,6314887,0,147070
699712,S,6315371,0,147006
699776,S,6315713,0,146942
699840,S,6316153,0,146878
699904,S,6316649,0,146814
699968,S,6317197,0,146750
700032,S,6317681,0,146686
700096,S,6318181,0,146622
700160,S,6318623,0,146558
700224,S,6319177,0,146494
700288,S,6319657,0,146430
700352,S,6320113,0,146366
700416,S,6320627,0,146302
700480,S,6321089,0,146238
700544,S,6321563,0,146174
700608,S,6322091,0,146110
700672,S,6322681,0,146046
700736,S,6323179,0,145982
700800,S,6323657,0,145918
700864,S,6324079,0,145854
700928,S,6324551,0,145790
700992,S,6325087,0,145726
701056,S,6325559,0,145662
701120,S,6326063,0,145598
701184,S,6326561,0,145534
701248,S,6327073,0,145470
701312,S,6327509,0,145406
701376,S,6327947,0,145342
701440,S,6328601,0,145278
701504,S,6329077,0,145214
701568,S,6329507,0,145150
701632,S,6330017,0,145086
701696,S,6330407,0,145022
701760,S,6330859,0,144958
701824,S,6331337,0,144894
701888,S,6331903,0,144830
701952,S,6332399,0,144766
702016,S,6332923,0,144702
702080,S,6333389,0,144638
702144,S,6334037,0,144574
702208,S,6334639,0,144510
702272,S,6335041,0,144446
702336,S,6335591,0,144382
702400,S,6336041,0,144318
702464,S,6336467,0,144254
702528,S,6337031,0,144190
702592,S,6337589,0,144126
702656,S,6338009,0,144062
702720,S,6338417,0,143998
702784,S,6338971,0,143934
702848,S,6339577,0,143870
702912,S,6340127,0,143806
702976,S,6340721,0,143742
703040,S,6341219,0,143678
703104,S,6341669,0,143614
703168,S,6342191,0,143550
703232,S,6342647,0,143486
703296,S,6343177,0,143422
703360,S,6343651,0,143358
703424,S,6344161,0,143294
703488,S,6344641,0,143230
703552,S,6345149,0,143166
703616,S,6345701,0,143102
703680,S,6346211,0,143038
703744,S,6346727,0,142974
703808,S,6347339,0,142910
703872,S,6347941,0,142846
703936,S,6348373,0,142782
704000,S,6348863,0,142718
704064,S,6349271,0,142654
704128,S,6349727,0,142590
704192,S,6350221,0,142526
704256,S,6350719,0,142462
704320,S,6351271,0,142398
704384,S,6351781,0,142334
704448,S,6352249,0,142270
704512,S,6352837,0,142206
704576,S,6353383,0,142142
704640,S,6353783,0,142078
704704,S,6354307,0,142014
704768,S,6354773,0,141950
704832,S,6355259,0,141886
704896,S,6355903,0,141822
704960,S,6356323,0,141758
705024,S,6356821,0,141694
705088,S,6357289,0,141630
705152,S,6357839,0,141566
705216,S,6358211,0,141502
705280,S,6358679,0,141438
705344,S,6359239,0,141374
705408,S,6359789,0,141310
705472,S,6360317,0,141246
705536,S,6360833,0,141182
705600,S,6361379,0,141118
705664,S,6361981,0,141054
705728,S,6362561,0,140990
705792,S,6363059,0,140926
705856,S,6363509,0,140862
705920,S,6363991,0,140798
705984,S,6364549,0,140734
706048,S,6364961,0,140670
706112,S,6365423,0,140606
706176,S,6365959,0,140542
706240,S,6366361,0,140478
706304,S,6366907,0,140414
706368,S,6367379,0,140350
706432,S,6367873,0,140286
706496,S,6368311,0,140222
706560,S,6368977,0,140158
706624,S,6369529,0,140094
706688,S,6370027,0,140030
706752,S,6370541,0,139966
706816,S,6371063,0,139902
706880,S,6371723,0,139838
706944,S,6372217,0,139774
707008,S,6372749,0,139710
707072,S,6373273,0,139646
707136,S,6373781,0,139582
707200,S,6374293,0,139518
707264,S,6374831,0,139454
707328,S,6375233,0,139390
707392,S,6375763,0,139326
707456,S,6376369,0,139262
707520,S,6376813,0,139198
707584,S,6377411,0,139134
707648,S,6377957,0,139070
707712,S,6378403,0,139006
707776,S,6378989,0,138942
707840,S,6379531,0,138878
707904,S,6380053,0,138814
707968,S,6380509,0,138750
708032,S,6380999,0,138686
708096,S,6381509,0,138622
708160,S,6381961,0,138558
708224,S,6382393,0,138494
708288,S,6382969,0,138430
708352,S,6383459,0,138366
708416,S,6383969,0,138302
708480,S,6384509,0,138238
708544,S,6384991,0,138174
708608,S,6385469,0,138110
708672,S,6386041,0,138046
708736,S,6386557,0,137982
708800,S,6387187,0,137918
708864,S,6387739,0,137854
708928,S,6388337,0,137790
708992,S,6388859,0,137726
709056,S,6389351,0,137662
709120,S,6389777,0,137598
709184,S,6390239,0,137534
709248,S,6390749,0,137470
709312,S,6391247,0,137406
709376,S,6391789,0,137342
709440,S,6392327,0,137278
709504,S,6392839,0,137214
709568,S,6393383,0,137150
709632,S,6393809,0,137086
709696,S,6394249,0,137022
709760,S,6394763,0,136958
709824,S,6395299,0,136894
709888,S,6395743,0,136830
709952,S,6396347,0,136766
710016,S,6396851,0,136702
710080,S,6397301,0,136638
710144,S,6397759,0,136574
710208,S,6398237,0,136510
710272,S,6398723,0,136446
710336,S,6399119,0,136382
710400,S,6399643,0,136318
710464,S,6400151,0,136254
710528,S,6400753,0,136190
710592,S,6401327,0,136126
710656,S,6401771,0,136062
710720,S,6402181,0,135998
710784,S,6402751,0,135934
710848,S,6403279,0,135870
710912,S,6403847,0,135806
710976,S,6404263,0,135742
711040,S,6404701,0,135678
711104,S,6405131,0,135614
711168,S,6405653,0,135550
711232,S,6406193,0,135486
711296,S,6406747,0,135422
711360,S,6407209,0,135358
711424,S,6407809,0,135294
711488,S,6408223,0,135230
711552,S,6408799,0,135166
711616,S,6409201,0,135102
711680,S,6409681,0,135038
711744,S,6410267,0,134974
711808,S,6410699,0,134910
711872,S,6411149,0,134846
711936,S,6411751,0,134782
712000,S,6412313,0,134718
712064,S,6412807,0,134654
712128,S,6413339,0,134590
712192,S,6413821,0,134526
712256,S,6414407,0,134462
712320,S,6414857,0,134398
712384,S,6415411,0,134334
712448,S,6415859,0,134270
712512,S,6416383,0,134206
712576,S,6416831,0,134142
712640,S,6417319,0,134078
712704,S,6417779,0,134014
712768,S,6418303,0,133950
712832,S,6418873,0,133886
712896,S,6419267,0,133822
712960,S,6419741,0,133758
713024,S,6420353,0,133694
713088,S,6420881,0,133630
713152,S,6421279,0,133566
713216,S,6421787,0,133502
713280,S,6422387,0,133438
713344,S,6422837,0,133374
713408,S,6423377,0,133310
713472,S,6423799,0,133246
713536,S,6424309,0,133182
713600,S,6424807,0,133118
713664,S,6425227,0,133054
713728,S,6425701,0,132990
713792,S,6426247,0,132926
713856,S,6426659,0,132862
713920,S,6427247,0,132798
713984,S,6427709,0,132734
714048,S,6428207,0,132670
714112,S,6428819,0,132606
714176,S,6429347,0,132542
714240,S,6429769,0,132478
714304,S,6430309,0,132414
714368,S,6430841,0,132350
714432,S,6431437,0,132286
714496,S,6431891,0,132222
714560,S,6432401,0,132158
714624,S,6432989,0,132094
714688,S,6433421,0,132030
714752,S,6434039,0,131966
714816,S,6434567,0,131902
714880,S,6435059,0,131838
714944,S,6435581,0,131774
715008,S,6436063,0,131710
715072,S,6436613,0,131646
715136,S,6437177,0,131582
715200,S,6437701,0,131518
715264,S,6438191,0,131454
715328,S,6438697,0,131390
715392,S,6439163,0,131326
715456,S,6439703,0,131262
715520,S,6440249,0,131198
715584,S,6440737,0,131134
715648,S,6441229,0,131070
715712,S,6441629,0,131006
715776,S,6442127,0,130942
715840,S,6442673,0,130878
715904,S,6443167,0,130814
715968,S,6443791,0,130750
716032,S,6444199,0,130686
716096,S,6444689,0,130622
716160,S,6445169,0,130558
716224,S,6445729,0,130494
716288,S,6446189,0,130430
716352,S,6446659,0,130366
716416,S,6447253,0,130302
716480,S,6447787,0,130238
716544,S,6448307,0,130174
716608,S,6448789,0,130110
716672,S,6449309,0,130046
716736,S,6449887,0,129982
716800,S,6450317,0,129918
716864,S,6450757,0,129854
716928,S,6451183,0,129790
716992,S,6451633,0,129726
717056,S,6452119,0,129662
717120,S,6452687,0,129598
717184,S,6453077,0,129534
717248,S,6453571,0,129470
717312,S,6454121,0,129406
717376,S,6454621,0,129342
717440,S,6455063,0,129278
717504,S,6455567,0,129214
717568,S,6456083,0,129150
717632,S,6456529,0,129086
717696,S,6456971,0,129022
717760,S,6457601,0,128958
717824,S,6458117,0,128894
717888,S,6458713,0,128830
717952,S,6459223,0,128766
718016,S,6459623,0,128702
718080,S,6460141,0,128638
718144,S,6460613,0,128574
718208,S,6461129,0,128510
718272,S,6461549,0,128446
718336,S,6462047,0,128382
718400,S,6462587,0,128318
718464,S,6463151,0,128254
718528,S,6463693,0,128190
718592,S,6464167,0,128126
718656,S,6464609,0,128062
718720,S,6465101,0,127998
718784,S,6465607,0,127934
718848,S,6466129,0,127870
718912,S,6466531,0,127806
718976,S,6467141,0,127742
719040,S,6467611,0,127678
719104,S,6468089,0,127614
719168,S,6468613,0,127550
719232,S,6469159,0,127486
719296,S,6469703,0,127422
719360,S,6470231,0,127358
719424,S,6470731,0,127294
719488,S,6471173,0,127230
719552,S,6471677,0,127166
719616,S,6472199,0,127102
719680,S,6472757,0,127038
719744,S,6473321,0,126974
719808,S,6473861,0,126910
719872,S,6474361,0,126846
719936,S,6474829,0,126782
720000,S,6475321,0,126718
720064,S,6475883,0,126654
720128,S,6476357,0,126590
720192,S,6476849,0,126526
720256,S,6477269,0,126462
720320,S,6477739,0,126398
720384,S,6478363,0,126334
720448,S,6478831,0,126270
720512,S,6479357,0,126206
720576,S,6479923,0,126142
720640,S,6480373,0,126078
720704,S,6480997,0,126014
720768,S,6481457,0,125950
720832,S,6481939,0,125886
720896,S,6482299,0,125822
720960,S,6482789,0,125758
721024,S,6483359,0,125694
721088,S,6483833,0,125630
721152,S,6484253,0,125566
721216,S,6484763,0,125502
721280,S,6485261,0,125438
721344,S,6485863,0,125374
721408,S,6486377,0,125310
721472,S,6486841,0,125246
721536,S,6487427,0,125182
721600,S,6488023,0,125118
721664,S,6488527,0,125054
721728,S,6488987,0,124990
721792,S,6489487,0,124926
721856,S,6489949,0,124862
721920,S,6490409,0,124798
721984,S,6490903,0,124734
722048,S,6491377,0,124670
722112,S,6491873,0,124606
722176,S,6492383,0,124542
722240,S,6492911,0,124478
722304,S,6493433,0,124414
722368,S,6494039,0,124350
722432,S,6494503,0,124286
722496,S,6494959,0,124222
722560,S,6495529,0,124158
722624,S,6496001,0,124094
722688,S,6496517,0,124030
722752,S,6496981,0,123966
722816,S,6497461,0,123902
722880,S,6498013,0,123838
722944,S,6498491,0,123774
723008,S,6498923,0,123710
723072,S,6499399,0,123646
723136,S,6499943,0,123582
723200,S,6500339,0,123518
723264,S,6500807,0,123454
723328,S,6501301,0,123390
723392,S,6501773,0,123326
723456,S,6502271,0,123262
723520,S,6502679,0,123198
723584,S,6503173,0,123134
723648,S,6503617,0,123070
723712,S,6504109,0,123006
723776,S,6504647,0,122942
723840,S,6505199,0,122878
723904,S,6505717,0,122814
723968,S,6506261,0,122750
724032,S,6506909,0,122686
724096,S,6507341,0,122622
724160,S,6507901,0,122558
724224,S,6508283,0,122494
724288,S,6508871,0,122430
724352,S,6509429,0,122366
724416,S,6509903,0,122302
724480,S,6510373,0,122238
724544,S,6510857,0,122174
724608,S,6511363,0,122110
724672,S,6511871,0,122046
724736,S,6512329,0,121982
724800,S,6512731,0,121918
724864,S,6513281,0,121854
724928,S,6513809,0,121790
724992,S,6514259,0,121726
725056,S,6514897,0,121662
725120,S,6515503,0,121598
725184,S,6516011,0,121534
725248,S,6516439,0,121470
725312,S,6516907,0,121406
725376,S,6517331,0,121342
725440,S,6517787,0,121278
725504,S,6518299,0,121214
725568,S,6518801,0,121150
725632,S,6519361,0,121086
725696,S,6519941,0,121022
725760,S,6520417,0,120958
725824,S,6520883,0,120894
725888,S,6521321,0,120830
725952,S,6521909,0,120766
726016,S,6522437,0,120702
726080,S,6522931,0,120638
726144,S,6523381,0,120574
726208,S,6523969,0,120510
726272,S,6524437,0,120446
726336,S,6524891,0,120382
726400,S,6525499,0,120318
726464,S,6525907,0,120254
726528,S,6526423,0,120190
726592,S,6526981,0,120126
726656,S,6527537,0,120062
726720,S,6528091,0,119998
726784,S,6528583,0,119934
726848,S,6528937,0,119870
726912,S,6529469,0,119806
726976,S,6529877,0,119742
727040,S,6530399,0,119678
727104,S,6530899,0,119614
727168,S,6531373,0,119550
727232,S,6531761,0,119486
727296,S,6532319,0,119422
727360,S,6532871,0,119358
727424,S,6533411,0,119294
727488,S,6533911,0,119230
727552,S,6534439,0,119166
727616,S,6535049,0,119102
727680,S,6535619,0,119038
727744,S,6536077,0,118974
727808,S,6536561,0,118910
727872,S,6536947,0,118846
727936,S,6537407,0,118782
728000,S,6537991,0,118718
728064,S,6538459,0,118654
728128,S,6538979,0,118590
728192,S,6539473,0,118526
728256,S,6540007,0,118462
728320,S,6540511,0,118398
728384,S,6541069,0,118334
728448,S,6541523,0,118270
728512,S,6542077,0,118206
728576,S,6542527,0,118142
728640,S,6542993,0,118078
728704,S,6543479,0,118014
728768,S,6543893,0,117950
728832,S,6544453,0,117886
728896,S,6545081,0,117822
728960,S,6545573,0,117758
729024,S,6545947,0,117694
729088,S,6546437,0,117630
729152,S,6546961,0,117566
729216,S,6547399,0,117502
729280,S,6547867,0,117438
729344,S,6548447,0,117374
729408,S,6548929,0,117310
729472,S,6549467,0,117246
729536,S,6549979,0,117182
729600,S,6550417,0,117118
729664,S,6551063,0,117054
729728,S,6551693,0,116990
729792,S,6552151,0,116926
729856,S,6552529,0,116862
729920,S,6553039,0,116798
729984,S,6553541,0,116734
730048,S,6554239,0,116670
730112,S,6554641,0,116606
730176,S,6555097,0,116542
730240,S,6555581,0,116478
730304,S,6556061,0,116414
730368,S,6556657,0,116350
730432,S,6557203,0,116286
730496,S,6557723,0,116222
730560,S,6558229,0,116158
730624,S,6558683,0,116094
730688,S,6559153,0,116030
730752,S,6559643,0,115966
730816,S,6559981,0,115902
730880,S,6560513,0,115838
730944,S,6560959,0,115774
731008,S,6561311,0,115710
731072,S,6561827,0,115646
731136,S,6562333,0,115582
731200,S,6562823,0,115518
731264,S,6563443,0,115454
731328,S,6563939,0,115390
731392,S,6564449,0,115326
731456,S,6565037,0,115262
731520,S,6565561,0,115198
731584,S,6566033,0,115134
731648,S,6566563,0,115070
731712,S,6567013,0,115006
731776,S,6567527,0,114942
731840,S,6568073,0,114878
731904,S,6568543,0,114814
731968,S,6568999,0,114750
732032,S,6569593,0,114686
732096,S,6570103,0,114622
732160,S,6570581,0,114558
732224,S,6571051,0,114494
732288,S,6571489,0,114430
732352,S,6572039,0,114366
732416,S,6572513,0,114302
732480,S,6573041,0,114238
732544,S,6573631,0,114174
732608,S,6574033,0,114110
732672,S,6574577,0,114046
732736,S,6575081,0,113982
732800,S,6575567,0,113918
732864,S,6576013,0,113854
732928,S,6576469,0,113790
732992,S,6577013,0,113726
733056,S,6577559,0,113662
733120,S,6578017,0,113598
733184,S,6578581,0,113534
733248,S,6579077,0,113470
733312,S,6579631,0,113406
733376,S,6580081,0,113342
733440,S,6580597,0,113278
733504,S,6581041,0,113214
733568,S,6581441,0,113150
733632,S,6581987,0,113086
733696,S,6582437,0,113022
733760,S,6582841,0,112958
733824,S,6583321,0,112894
733888,S,6583769,0,112830
733952,S,6584173,0,112766
734016,S,6584749,0,112702
734080,S,6585251,0,112638
734144,S,6585661,0,112574
734208,S,6586241,0,112510
734272,S,6586739,0,112446
734336,S,6587219,0,112382
734400,S,6587701,0,112318
734464,S,6588233,0,112254
734528,S,6588779,0,112190
734592,S,6589243,0,112126
734656,S,6589747,0,112062
734720,S,6590317,0,111998
734784,S,6590939,0,111934
734848,S,6591493,0,111870
734912,S,6591863,0,111806
734976,S,6592427,0,111742
735040,S,6592897,0,111678
735104,S,6593417,0,111614
735168,S,6593911,0,111550
735232,S,6594403,0,111486
735296,S,6594911,0,111422
735360,S,6595409,0,111358
735424,S,6595973,0,111294
735488,S,6596519,0,111230
735552,S,6596981,0,111166
735616,S,6597467,0,111102
735680,S,6598063,0,111038
735744,S,6598511,0,110974
735808,S,6598951,0,110910
735872,S,6599449,0,110846
735936,S,6599953,0,110782
736000,S,6600439,0,110718
736064,S,6600989,0,110654
736128,S,6601459,0,110590
736192,S,6601927,0,110526
736256,S,6602413,0,110462
736320,S,6602879,0,110398
736384,S,6603439,0,110334
736448,S,6603943,0,110270
736512,S,6604421,0,110206
736576,S,6604903,0,110142
736640,S,6605399,0,110078
736704,S,6605903,0,110014
736768,S,6606293,0,109950
736832,S,6606811,0,109886
736896,S,6607301,0,109822
736960,S,6607919,0,109758
737024,S,6608351,0,109694
737088,S,6608863,0,109630
737152,S,6609313,0,109566
737216,S,6609877,0,109502
737280,S,6610393,0,109438
737344,S,6610789,0,109374
737408,S,6611383,0,109310
737472,S,6611873,0,109246
737536,S,6612401,0,109182
737600,S,6612871,0,109118
737664,S,6613207,0,109054
737728,S,6613631,0,108990
737792,S,6614203,0,108926
737856,S,6614701,0,108862
737920,S,6615199,0,108798
737984,S,6615649,0,108734
738048,S,6616189,0,108670
738112,S,6616583,0,108606
738176,S,6617087,0,108542
738240,S,6617581,0,108478
738304,S,6618077,0,108414
738368,S,6618533,0,108350
738432,S,6618991,0,108286
738496,S,6619513,0,108222
738560,S,6620057,0,108158
738624,S,6620611,0,108094
738688,S,6621151,0,108030
738752,S,6621731,0,107966
738816,S,6622211,0,107902
738880,S,6622801,0,107838
738944,S,6623297,0,107774
739008,S,6623833,0,107710
739072,S,6624463,0,107646
739136,S,6624931,0,107582
739200,S,6625387,0,107518
739264,S,6625859,0,107454
739328,S,6626513,0,107390
739392,S,6626941,0,107326
739456,S,6627431,0,107262
739520,S,6627911,0,107198
739584,S,6628409,0,107134
739648,S,6628879,0,107070
739712,S,6629393,0,107006
739776,S,6629941,0,106942
739840,S,6630433,0,106878
739904,S,6630887,0,106814
739968,S,6631447,0,106750
740032,S,6631979,0,106686
740096,S,6632467,0,106622
740160,S,6633019,0,106558
740224,S,6633503,0,106494
740288,S,6634081,0,106430
740352,S,6634613,0,106366
740416,S,6635093,0,106302
740480,S,6635663,0,106238
740544,S,6636109,0,106174
740608,S,6636769,0,106110
740672,S,6637229,0,106046
740736,S,6637691,0,105982
740800,S,6638153,0,105918
740864,S,6638633,0,105854
740928,S,6639293,0,105790
740992,S,6639799,0,105726
741056,S,6640241,0,105662
741120,S,6640651,0,105598
741184,S,6641177,0,105534
741248,S,6641573,0,105470
741312,S,6642079,0,105406
741376,S,6642539,0,105342
741440,S,6643123,0,105278
741504,S,6643649,0,105214
741568,S,6644101,0,105150
741632,S,6644579,0,105086
741696,S,6645139,0,105022
741760,S,6645641,0,104958
741824,S,6646153,0,104894
741888,S,6646669,0,104830
741952,S,6647107,0,104766
742016,S,6647579,0,104702
742080,S,6648007,0,104638
742144,S,6648599,0,104574
742208,S,6649189,0,104510
742272,S,6649693,0,104446
742336,S,6650333,0,104382
742400,S,6650843,0,104318
742464,S,6651377,0,104254
742528,S,6651857,0,104190
742592,S,6652307,0,104126
742656,S,6652813,0,104062
742720,S,6653351,0,103998
742784,S,6653891,0,103934
742848,S,6654391,0,103870
742912,S,6654937,0,103806
742976,S,6655367,0,103742
743040,S,6655897,0,103678
743104,S,6656471,0,103614
743168,S,6656927,0,103550
743232,S,6657451,0,103486
743296,S,6657953,0,103422
743360,S,6658511,0,103358
743424,S,6659111,0,103294
743488,S,6659663,0,103230
743552,S,6660197,0,103166
743616,S,6660613,0,103102
743680,S,6661117,0,103038
743744,S,6661601,0,102974
743808,S,6662087,0,102910
743872,S,6662563,0,102846
743936,S,6663073,0,102782
744000,S,6663599,0,102718
744064,S,6664121,0,102654
744128,S,6664631,0,102590
744192,S,6665063,0,102526
744256,S,6665611,0,102462
744320,S,6666061,0,102398
744384,S,6666599,0,102334
744448,S,6667169,0,102270
744512,S,6667643,0,102206
744576,S,6668113,0,102142
744640,S,6668659,0,102078
744704,S,6669067,0,102014
744768,S,6669587,0,101950
744832,S,6670067,0,101886
744896,S,6670637,0,101822
744960,S,6671167,0,101758
745024,S,6671647,0,101694
745088,S,6672157,0,101630
745152,S,6672749,0,101566
745216,S,6673193,0,101502
745280,S,6673631,0,101438
745344,S,6674177,0,101374
745408,S,6674561,0,101310
745472,S,6675079,0,101246
745536,S,6675649,0,101182
745600,S,6676123,0,101118
745664,S,6676711,0,101054
745728,S,6677213,0,100990
745792,S,6677677,0,100926
745856,S,6678209,0,100862
745920,S,6678751,0,100798
745984,S,6679271,0,100734
746048,S,6679693,0,100670
746112,S,6680183,0,100606
746176,S,6680731,0,100542
746240,S,6681329,0,100478
746304,S,6681817,0,100414
746368,S,6682219,0,100350
746432,S,6682801,0,100286
746496,S,6683359,0,100222
746560,S,6683903,0,100158
746624,S,6684343,0,100094
746688,S,6684913,0,100030
746752,S,6685517,0,99966
746816,S,6685907,0,99902
746880,S,6686453,0,99838
746944,S,6686983,0,99774
747008,S,6687523,0,99710
747072,S,6688079,0,99646
747136,S,6688573,0,99582
747200,S,6689099,0,99518
747264,S,6689567,0,99454
747328,S,6690107,0,99390
747392,S,6690583,0,99326
747456,S,6691049,0,99262
747520,S,6691471,0,99198
747584,S,6692051,0,99134
747648,S,6692423,0,99070
747712,S,6692897,0,99006
747776,S,6693457,0,98942
747840,S,6693917,0,98878
747904,S,6694399,0,98814
747968,S,6694993,0,98750
748032,S,6695489,0,98686
748096,S,6695987,0,98622
748160,S,6696463,0,98558
748224,S,6696953,0,98494
748288,S,6697423,0,98430
748352,S,6697837,0,98366
748416,S,6698413,0,98302
748480,S,6698831,0,98238
748544,S,6699389,0,98174
748608,S,6699919,0,98110
748672,S,6700417,0,98046
748736,S,6700937,0,97982
748800,S,6701377,0,97918
748864,S,6701873,0,97854
748928,S,6702379,0,97790
748992,S,6702847,0,97726
749056,S,6703357,0,97662
749120,S,6703889,0,97598
749184,S,6704471,0,97534
749248,S,6704921,0,97470
749312,S,6705389,0,97406
749376,S,6705911,0,97342
749440,S,6706339,0,97278
749504,S,6706771,0,97214
749568,S,6707291,0,97150
749632,S,6707783,0,97086
749696,S,6708277,0,97022
749760,S,6708791,0,96958
749824,S,6709181,0,96894
749888,S,6709699,0,96830
749952,S,6710203,0,96766
750016,S,6710723,0,96702
750080,S,6711163,0,96638
750144,S,6711643,0,96574
750208,S,6712193,0,96510
750272,S,6712723,0,96446
750336,S,6713221,0,96382
750400,S,6713747,0,96318
750464,S,6714181,0,96254
750528,S,6714647,0,96190
750592,S,6715129,0,96126
750656,S,6715589,0,96062
750720,S,6715997,0,95998
750784,S,6716551,0,95934
750848,S,6717083,0,95870
750912,S,6717551,0,95806
750976,S,6718099,0,95742
751040,S,6718567,0,95678
751104,S,6719159,0,95614
751168,S,6719729,0,95550
751232,S,6720299,0,95486
751296,S,6720731,0,95422
751360,S,6721213,0,95358
751424,S,6721609,0,95294
751488,S,6722117,0,95230
751552,S,6722623,0,95166
751616,S,6723053,0,95102
751680,S,6723583,0,95038
751744,S,6724037,0,94974
751808,S,6724621,0,94910
751872,S,6725063,0,94846
751936,S,6725443,0,94782
752000,S,6725963,0,94718
752064,S,6726539,0,94654
752128,S,6727139,0,94590
752192,S,6727559,0,94526
752256,S,6728027,0,94462
752320,S,6728539,0,94398
752384,S,6729169,0,94334
752448,S,6729607,0,94270
752512,S,6730177,0,94206
752576,S,6730663,0,94142
752640,S,6731083,0,94078
752704,S,6731633,0,94014
752768,S,6732181,0,93950
752832,S,6732679,0,93886
752896,S,6733127,0,93822
752960,S,6733637,0,93758
753024,S,6734081,0,93694
753088,S,6734599,0,93630
753152,S,6735097,0,93566
753216,S,6735623,0,93502
753280,S,6736069,0,93438
753344,S,6736547,0,93374
753408,S,6737123,0,93310
753472,S,6737611,0,93246
753536,S,6738089,0,93182
753600,S,6738631,0,93118
753664,S,6739199,0,93054
753728,S,6739723,0,92990
753792,S,6740273,0,92926
753856,S,6740813,0,92862
753920,S,6741269,0,92798
753984,S,6741767,0,92734
754048,S,6742313,0,92670
754112,S,6742913,0,92606
754176,S,6743369,0,92542
754240,S,6743887,0,92478
754304,S,6744307,0,92414
754368,S,6744847,0,92350
754432,S,6745289,0,92286
754496,S,6745801,0,92222
754560,S,6746339,0,92158
754624,S,6746737,0,92094
754688,S,6747263,0,92030
754752,S,6747707,0,91966
754816,S,6748207,0,91902
754880,S,6748639,0,91838
754944,S,6749191,0,91774
755008,S,6749747,0,91710
755072,S,6750251,0,91646
755136,S,6750781,0,91582
755200,S,6751181,0,91518
755264,S,6751739,0,91454
755328,S,6752177,0,91390
755392,S,6752623,0,91326
755456,S,6753293,0,91262
755520,S,6753767,0,91198
755584,S,6754213,0,91134
755648,S,6754679,0,91070
755712,S,6755149,0,91006
755776,S,6755561,0,90942
755840,S,6756137,0,90878
755904,S,6756577,0,90814
755968,S,6757133,0,90750
756032,S,6757573,0,90686
756096,S,6758047,0,90622
756160,S,6758513,0,90558
756224,S,6759019,0,90494
756288,S,6759463,0,90430
756352,S,6759947,0,90366
756416,S,6760343,0,90302
756480,S,6760861,0,90238
756544,S,6761399,0,90174
756608,S,6762011,0,90110
756672,S,6762541,0,90046
756736,S,6763153,0,89982
756800,S,6763607,0,89918
756864,S,6764041,0,89854
756928,S,6764573,0,89790
756992,S,6765107,0,89726
757056,S,6765559,0,89662
757120,S,6766141,0,89598
757184,S,6766691,0,89534
757248,S,6767251,0,89470
757312,S,6767797,0,89406
757376,S,6768277,0,89342
757440,S,6768721,0,89278
757504,S,6769277,0,89214
757568,S,6769733,0,89150
757632,S,6770201,0,89086
757696,S,6770723,0,89022
757760,S,6771197,0,88958
757824,S,6771701,0,88894
757888,S,6772313,0,88830
757952,S,6772793,0,88766
758016,S,6773279,0,88702
758080,S,6773807,0,88638
758144,S,6774331,0,88574
758208,S,6774827,0,88510
758272,S,6775393,0,88446
758336,S,6775927,0,88382
758400,S,6776443,0,88318
758464,S,6776921,0,88254
758528,S,6777413,0,88190
758592,S,6777959,0,88126
758656,S,6778339,0,88062
758720,S,6778841,0,87998
758784,S,6779393,0,87934
758848,S,6779837,0,87870
758912,S,6780329,0,87806
758976,S,6780881,0,87742
759040,S,6781319,0,87678
759104,S,6781939,0,87614
759168,S,6782443,0,87550
759232,S,6782939,0,87486
759296,S,6783461,0,87422
759360,S,6783929,0,87358
759424,S,6784363,0,87294
759488,S,6784933,0,87230
759552,S,6785461,0,87166
759616,S,6785969,0,87102
759680,S,6786509,0,87038
759744,S,6786943,0,86974
759808,S,6787589,0,86910
759872,S,6788063,0,86846
759936,S,6788527,0,86782
760000,S,6788983,0,86718
760064,S,6789499,0,86654
760128,S,6790171,0,86590
760192,S,6790799,0,86526
760256,S,6791353,0,86462
760320,S,6791933,0,86398
760384,S,6792419,0,86334
760448,S,6792917,0,86270
760512,S,6793363,0,86206
760576,S,6793807,0,86142
760640,S,6794449,0,86078
760704,S,6794927,0,86014
760768,S,6795421,0,85950
760832,S,6795883,0,85886
760896,S,6796541,0,85822
760960,S,6797023,0,85758
761024,S,6797423,0,85694
761088,S,6797957,0,85630
761152,S,6798373,0,85566
761216,S,6798901,0,85502
761280,S,6799301,0,85438
761344,S,6799783,0,85374
761408,S,6800279,0,85310
761472,S,6800743,0,85246
761536,S,6801383,0,85182
761600,S,6801937,0,85118
761664,S,6802321,0,85054
761728,S,6802721,0,84990
761792,S,6803161,0,84926
761856,S,6803743,0,84862
761920,S,6804313,0,84798
761984,S,6804767,0,84734
762048,S,6805349,0,84670
762112,S,6805693,0,84606
762176,S,6806257,0,84542
762240,S,6806777,0,84478
762304,S,6807277,0,84414
762368,S,6807707,0,84350
762432,S,6808171,0,84286
762496,S,6808793,0,84222
762560,S,6809393,0,84158
762624,S,6809899,0,84094
762688,S,6810371,0,84030
762752,S,6810803,0,83966
762816,S,6811313,0,83902
762880,S,6811733,0,83838
762944,S,6812231,0,83774
763008,S,6812759,0,83710
763072,S,6813227,0,83646
763136,S,6813739,0,83582
763200,S,6814183,0,83518
763264,S,6814627,0,83454
763328,S,6815227,0,83390
763392,S,6815777,0,83326
763456,S,6816239,0,83262
763520,S,6816757,0,83198
763584,S,6817313,0,83134
763648,S,6817807,0,83070
763712,S,6818257,0,83006
763776,S,6818743,0,82942
763840,S,6819107,0,82878
763904,S,6819641,0,82814
763968,S,6820127,0,82750
764032,S,6820643,0,82686
764096,S,6821159,0,82622
764160,S,6821599,0,82558
764224,S,6822061,0,82494
764288,S,6822713,0,82430
764352,S,6823139,0,82366
764416,S,6823759,0,82302
764480,S,6824359,0,82238
764544,S,6824891,0,82174
764608,S,6825383,0,82110
764672,S,6825829,0,82046
764736,S,6826361,0,81982
764800,S,6826823,0,81918
764864,S,6827281,0,81854
764928,S,6827759,0,81790
764992,S,6828293,0,81726
765056,S,6828761,0,81662
765120,S,6829283,0,81598
765184,S,6829751,0,81534
765248,S,6830303,0,81470
765312,S,6830833,0,81406
765376,S,6831343,0,81342
765440,S,6831829,0,81278
765504,S,6832303,0,81214
765568,S,6832811,0,81150
765632,S,6833257,0,81086
765696,S,6833777,0,81022
765760,S,6834277,0,80958
765824,S,6834761,0,80894
765888,S,6835319,0,80830
765952,S,6835891,0,80766
766016,S,6836369,0,80702
766080,S,6836969,0,80638
766144,S,6837377,0,80574
766208,S,6837863,0,80510
766272,S,6838367,0,80446
766336,S,6838883,0,80382
766400,S,6839401,0,80318
766464,S,6839923,0,80254
766528,S,6840371,0,80190
766592,S,6841019,0,80126
766656,S,6841453,0,80062
766720,S,6842081,0,79998
766784,S,6842417,0,79934
766848,S,6842833,0,79870
766912,S,6843329,0,79806
766976,S,6843821,0,79742
767040,S,6844289,0,79678
767104,S,6844703,0,79614
767168,S,6845287,0,79550
767232,S,6845843,0,79486
767296,S,6846283,0,79422
767360,S,6846787,0,79358
767424,S,6847349,0,79294
767488,S,6847837,0,79230
767552,S,6848449,0,79166
767616,S,6848939,0,79102
767680,S,6849541,0,79038
767744,S,6850087,0,78974
767808,S,6850559,0,78910
767872,S,6851023,0,78846
767936,S,6851503,0,78782
768000,S,6852061,0,78718
768064,S,6852499,0,78654
768128,S,6852971,0,78590
768192,S,6853523,0,78526
768256,S,6853939,0,78462
768320,S,6854413,0,78398
768384,S,6854873,0,78334
768448,S,6855293,0,78270
768512,S,6855799,0,78206
768576,S,6856261,0,78142
768640,S,6856757,0,78078
768704,S,6857281,0,78014
768768,S,6857707,0,77950
768832,S,6858289,0,77886
768896,S,6858793,0,77822
768960,S,6859271,0,77758
769024,S,6859709,0,77694
769088,S,6860237,0,77630
769152,S,6860753,0,77566
769216,S,6861187,0,77502
769280,S,6861709,0,77438
769344,S,6862139,0,77374
769408,S,6862489,0,77310
769472,S,6863063,0,77246
769536,S,6863501,0,77182
769600,S,6864019,0,77118
769664,S,6864449,0,77054
769728,S,6864997,0,76990
769792,S,6865519,0,76926
769856,S,6865967,0,76862
769920,S,6866449,0,76798
769984,S,6866887,0,76734
770048,S,6867331,0,76670
770112,S,6867871,0,76606
770176,S,6868373,0,76542
770240,S,6868843,0,76478
770304,S,6869413,0,76414
770368,S,6869869,0,76350
770432,S,6870473,0,76286
770496,S,6871003,0,76222
770560,S,6871567,0,76158
770624,S,6872137,0,76094
770688,S,6872633,0,76030
770752,S,6873089,0,75966
770816,S,6873571,0,75902
770880,S,6874061,0,75838
770944,S,6874573,0,75774
771008,S,6874997,0,75710
771072,S,6875567,0,75646
771136,S,6876073,0,75582
771200,S,6876533,0,75518
771264,S,6876979,0,75454
771328,S,6877649,0,75390
771392,S,6878087,0,75326
771456,S,6878569,0,75262
771520,S,6878959,0,75198
771584,S,6879541,0,75134
771648,S,6880127,0,75070
771712,S,6880613,0,75006
771776,S,6881081,0,74942
771840,S,6881509,0,74878
771904,S,6882079,0,74814
771968,S,6882583,0,74750
772032,S,6882971,0,74686
772096,S,6883523,0,74622
772160,S,6884039,0,74558
772224,S,6884431,0,74494
772288,S,6884893,0,74430
772352,S,6885407,0,74366
772416,S,6885889,0,74302
772480,S,6886471,0,74238
772544,S,6886933,0,74174
772608,S,6887453,0,74110
772672,S,6888113,0,74046
772736,S,6888571,0,73982
772800,S,6889019,0,73918
772864,S,6889481,0,73854
772928,S,6889969,0,73790
772992,S,6890519,0,73726
773056,S,6891011,0,73662
773120,S,6891499,0,73598
773184,S,6891949,0,73534
773248,S,6892313,0,73470
773312,S,6892867,0,73406
773376,S,6893431,0,73342
773440,S,6894053,0,73278
773504,S,6894529,0,73214
773568,S,6894991,0,73150
773632,S,6895411,0,73086
773696,S,6895909,0,73022
773760,S,6896399,0,72958
773824,S,6896833,0,72894
773888,S,6897521,0,72830
773952,S,6898033,0,72766
774016,S,6898609,0,72702
774080,S,6899069,0,72638
774144,S,6899573,0,72574
774208,S,6900151,0,72510
774272,S,6900659,0,72446
774336,S,6901073,0,72382
774400,S,6901597,0,72318
774464,S,6902131,0,72254
774528,S,6902659,0,72190
774592,S,6903161,0,72126
774656,S,6903643,0,72062
774720,S,6904367,0,71998
774784,S,6904883,0,71934
774848,S,6905299,0,71870
774912,S,6905779,0,71806
774976,S,6906223,0,71742
775040,S,6906793,0,71678
775104,S,6907223,0,71614
775168,S,6907741,0,71550
775232,S,6908329,0,71486
775296,S,6908779,0,71422
775360,S,6909257,0,71358
775424,S,6909647,0,71294
775488,S,6910237,0,71230
775552,S,6910801,0,71166
775616,S,6911263,0,71102
775680,S,6911743,0,71038
775744,S,6912223,0,70974
775808,S,6912797,0,70910
775872,S,6913331,0,70846
775936,S,6913793,0,70782
776000,S,6914293,0,70718
776064,S,6914863,0,70654
776128,S,6915407,0,70590
776192,S,6915913,0,70526
776256,S,6916451,0,70462
776320,S,6916961,0,70398
776384,S,6917489,0,70334
776448,S,6917923,0,70270
776512,S,6918343,0,70206
776576,S,6918761,0,70142
776640,S,6919279,0,70078
776704,S,6919691,0,70014
776768,S,6920203,0,69950
776832,S,6920741,0,69886
776896,S,6921209,0,69822
776960,S,6921727,0,69758
777024,S,6922273,0,69694
777088,S,6922739,0,69630
777152,S,6923263,0,69566
777216,S,6923767,0,69502
777280,S,6924251,0,69438
777344,S,6924901,0,69374
777408,S,6925441,0,69310
777472,S,6925901,0,69246
777536,S,6926443,0,69182
777600,S,6926947,0,69118
777664,S,6927559,0,69054
777728,S,6928073,0,68990
777792,S,6928541,0,68926
777856,S,6929093,0,68862
777920,S,6929561,0,68798
777984,S,6930037,0,68734
778048,S,6930529,0,68670
778112,S,6931013,0,68606
778176,S,6931453,0,68542
778240,S,6932117,0,68478
778304,S,6932609,0,68414
778368,S,6933071,0,68350
778432,S,6933539,0,68286
778496,S,6934021,0,68222
778560,S,6934441,0,68158
778624,S,6934903,0,68094
778688,S,6935353,0,68030
778752,S,6935921,0,67966
778816,S,6936499,0,67902
778880,S,6936863,0,67838
778944,S,6937369,0,67774
779008,S,6937939,0,67710
779072,S,6938339,0,67646
779136,S,6938779,0,67582
779200,S,6939223,0,67518
779264,S,6939799,0,67454
779328,S,6940379,0,67390
779392,S,6940943,0,67326
779456,S,6941413,0,67262
779520,S,6941843,0,67198
779584,S,6942413,0,67134
779648,S,6942883,0,67070
779712,S,6943421,0,67006
779776,S,6943897,0,66942
779840,S,6944471,0,66878
779904,S,6944999,0,66814
779968,S,6945511,0,66750
780032,S,6946019,0,66686
780096,S,6946633,0,66622
780160,S,6947053,0,66558
780224,S,6947489,0,66494
780288,S,6947893,0,66430
780352,S,6948373,0,66366
780416,S,6948791,0,66302
780480,S,6949339,0,66238
780544,S,6949793,0,66174
780608,S,6950369,0,66110
780672,S,6950873,0,66046
780736,S,6951293,0,65982
780800,S,6951757,0,65918
780864,S,6952207,0,65854
780928,S,6952679,0,65790
780992,S,6953117,0,65726
781056,S,6953537,0,65662
781120,S,6953957,0,65598
781184,S,6954439,0,65534
781248,S,6955051,0,65470
781312,S,6955537,0,65406
781376,S,6956057,0,65342
781440,S,6956597,0,65278
781504,S,6957133,0,65214
781568,S,6957689,0,65150
781632,S,6958261,0,65086
781696,S,6958837,0,65022
781760,S,6959497,0,64958
781824,S,6959983,0,64894
781888,S,6960347,0,64830
781952,S,6960887,0,64766
782016,S,6961373,0,64702
782080,S,6961879,0,64638
782144,S,6962419,0,64574
782208,S,6962849,0,64510
782272,S,6963331,0,64446
782336,S,6963839,0,64382
782400,S,6964291,0,64318
782464,S,6964709,0,64254
782528,S,6965089,0,64190
782592,S,6965617,0,64126
782656,S,6966173,0,64062
782720,S,6966737,0,63998
782784,S,6967273,0,63934
782848,S,6967717,0,63870
782912,S,6968257,0,63806
782976,S,6968791,0,63742
783040,S,6969349,0,63678
783104,S,6969839,0,63614
783168,S,6970349,0,63550
783232,S,6970889,0,63486
783296,S,6971351,0,63422
783360,S,6971827,0,63358
783424,S,6972401,0,63294
783488,S,6972871,0,63230
783552,S,6973397,0,63166
783616,S,6973849,0,63102
783680,S,6974419,0,63038
783744,S,6974791,0,62974
783808,S,6975281,0,62910
783872,S,6975743,0,62846
783936,S,6976289,0,62782
784000,S,6976877,0,62718
784064,S,6977297,0,62654
784128,S,6977891,0,62590
784192,S,6978469,0,62526
784256,S,6978991,0,62462
784320,S,6979481,0,62398
784384,S,6979957,0,62334
784448,S,6980419,0,62270
784512,S,6980971,0,62206
784576,S,6981539,0,62142
784640,S,6982021,0,62078
784704,S,6982553,0,62014
784768,S,6983021,0,61950
784832,S,6983597,0,61886
784896,S,6984163,0,61822
784960,S,6984689,0,61758
785024,S,6985183,0,61694
785088,S,6985687,0,61630
785152,S,6986299,0,61566
785216,S,6986719,0,61502
785280,S,6987241,0,61438
785344,S,6987703,0,61374
785408,S,6988169,0,61310
785472,S,6988643,0,61246
785536,S,6989183,0,61182
785600,S,6989599,0,61118
785664,S,6990187,0,61054
785728,S,6990673,0,60990
785792,S,6991111,0,60926
785856,S,6991711,0,60862
785920,S,6992201,0,60798
785984,S,6992753,0,60734
786048,S,6993293,0,60670
786112,S,6993781,0,60606
786176,S,6994291,0,60542
786240,S,6994703,0,60478
786304,S,6995161,0,60414
786368,S,6995693,0,60350
786432,S,6996137,0,60286
786496,S,6996709,0,60222
786560,S,6997231,0,60158
786624,S,6997649,0,60094
786688,S,6998153,0,60030
786752,S,6998617,0,59966
786816,S,6999103,0,59902
786880,S,6999599,0,59838
786944,S,7000129,0,59774
787008,S,7000703,0,59710
787072,S,7001279,0,59646
787136,S,7001779,0,59582
787200,S,7002293,0,59518
787264,S,7002781,0,59454
787328,S,7003313,0,59390
787392,S,7003783,0,59326
787456,S,7004197,0,59262
787520,S,7004741,0,59198
787584,S,7005359,0,59134
787648,S,7005863,0,59070
787712,S,7006381,0,59006
787776,S,7006849,0,58942
787840,S,7007317,0,58878
787904,S,7007867,0,58814
787968,S,7008317,0,58750
788032,S,7008851,0,58686
788096,S,7009363,0,58622
788160,S,7009801,0,58558
788224,S,7010351,0,58494
788288,S,7010879,0,58430
788352,S,7011503,0,58366
788416,S,7012063,0,58302
788480,S,7012507,0,58238
788544,S,7012981,0,58174
788608,S,7013453,0,58110
788672,S,7014121,0,58046
788736,S,7014583,0,57982
788800,S,7015049,0,57918
788864,S,7015627,0,57854
788928,S,7016101,0,57790
788992,S,7016599,0,57726
789056,S,7017089,0,57662
789120,S,7017541,0,57598
789184,S,7018019,0,57534
789248,S,7018471,0,57470
789312,S,7018931,0,57406
789376,S,7019473,0,57342
789440,S,7019993,0,57278
789504,S,7020397,0,57214
789568,S,7020829,0,57150
789632,S,7021433,0,57086
789696,S,7021999,0,57022
789760,S,7022507,0,56958
789824,S,7022993,0,56894
789888,S,7023421,0,56830
789952,S,7023943,0,56766
790016,S,7024513,0,56702
790080,S,7024999,0,56638
790144,S,7025489,0,56574
790208,S,7026007,0,56510
790272,S,7026493,0,56446
790336,S,7026973,0,56382
790400,S,7027567,0,56318
790464,S,7027981,0,56254
790528,S,7028341,0,56190
790592,S,7028767,0,56126
790656,S,7029233,0,56062
790720,S,7029797,0,55998
790784,S,7030357,0,55934
790848,S,7030783,0,55870
790912,S,7031347,0,55806
790976,S,7031681,0,55742
791040,S,7032247,0,55678
791104,S,7032829,0,55614
791168,S,7033303,0,55550
791232,S,7033799,0,55486
791296,S,7034249,0,55422
791360,S,7034669,0,55358
791424,S,7035253,0,55294
791488,S,7035659,0,55230
791552,S,7036199,0,55166
791616,S,7036769,0,55102
791680,S,7037207,0,55038
791744,S,7037791,0,54974
791808,S,7038179,0,54910
791872,S,7038623,0,54846
791936,S,7039183,0,54782
792000,S,7039693,0,54718
792064,S,7040179,0,54654
792128,S,7040687,0,54590
792192,S,7041101,0,54526
792256,S,7041523,0,54462
792320,S,7042031,0,54398
792384,S,7042523,0,54334
792448,S,7043123,0,54270
792512,S,7043539,0,54206
792576,S,7044109,0,54142
792640,S,7044589,0,54078
792704,S,7045037,0,54014
792768,S,7045601,0,53950
792832,S,7045999,0,53886
792896,S,7046519,0,53822
792960,S,7046989,0,53758
793024,S,7047421,0,53694
793088,S,7047857,0,53630
793152,S,7048403,0,53566
793216,S,7048883,0,53502
793280,S,7049453,0,53438
793344,S,7049879,0,53374
793408,S,7050553,0,53310
793472,S,7050959,0,53246
793536,S,7051397,0,53182
793600,S,7051937,0,53118
793664,S,7052429,0,53054
793728,S,7052957,0,52990
793792,S,7053481,0,52926
793856,S,7054067,0,52862
793920,S,7054591,0,52798
793984,S,7054981,0,52734
794048,S,7055449,0,52670
794112,S,7056029,0,52606
794176,S,7056523,0,52542
794240,S,7057013,0,52478
794304,S,7057489,0,52414
794368,S,7058059,0,52350
794432,S,7058561,0,52286
794496,S,7059047,0,52222
794560,S,7059491,0,52158
794624,S,7060073,0,52094
794688,S,7060639,0,52030
794752,S,7061167,0,51966
794816,S,7061641,0,51902
794880,S,7062323,0,51838
794944,S,7062827,0,51774
795008,S,7063429,0,51710
795072,S,7063897,0,51646
795136,S,7064509,0,51582
795200,S,7064957,0,51518
795264,S,7065467,0,51454
795328,S,7065881,0,51390
795392,S,7066463,0,51326
795456,S,7067117,0,51262
795520,S,7067623,0,51198
795584,S,7068137,0,51134
795648,S,7068653,0,51070
795712,S,7069151,0,51006
795776,S,7069781,0,50942
795840,S,7070209,0,50878
795904,S,7070689,0,50814
795968,S,7071149,0,50750
796032,S,7071607,0,50686
796096,S,7072033,0,50622
796160,S,7072567,0,50558
796224,S,7073023,0,50494
796288,S,7073527,0,50430
796352,S,7074071,0,50366
796416,S,7074523,0,50302
796480,S,7075021,0,50238
796544,S,7075603,0,50174
796608,S,7076033,0,50110
796672,S,7076611,0,50046
796736,S,7077071,0,49982
796800,S,7077467,0,49918
796864,S,7077911,0,49854
796928,S,7078439,0,49790
796992,S,7078957,0,49726
797056,S,7079459,0,49662
797120,S,7080001,0,49598
797184,S,7080569,0,49534
797248,S,7081117,0,49470
797312,S,7081619,0,49406
797376,S,7082069,0,49342
797440,S,7082599,0,49278
797504,S,7083113,0,49214
797568,S,7083581,0,49150
797632,S,7084123,0,49086
797696,S,7084559,0,49022
797760,S,7085053,0,48958
797824,S,7085569,0,48894
797888,S,7086113,0,48830
797952,S,7086557,0,48766
798016,S,7087099,0,48702
798080,S,7087667,0,48638
798144,S,7088149,0,48574
798208,S,7088671,0,48510
798272,S,7089133,0,48446
798336,S,7089553,0,48382
798400,S,7090001,0,48318
798464,S,7090427,0,48254
798528,S,7090981,0,48190
798592,S,7091419,0,48126
798656,S,7091879,0,48062
798720,S,7092511,0,47998
798784,S,7093091,0,47934
798848,S,7093621,0,47870
798912,S,7094063,0,47806
798976,S,7094587,0,47742
799040,S,7095119,0,47678
799104,S,7095667,0,47614
799168,S,7096181,0,47550
799232,S,7096699,0,47486
799296,S,7097161,0,47422
799360,S,7097693,0,47358
799424,S,7098193,0,47294
799488,S,7098629,0,47230
799552,S,7099087,0,47166
799616,S,7099633,0,47102
799680,S,7100141,0,47038
799744,S,7100617,0,46974
799808,S,7100971,0,46910
799872,S,7101443,0,46846
799936,S,7101989,0,46782
800000,S,7102373,0,46718
800064,S,7102867,0,46654
800128,S,7103401,0,46590
800192,S,7103851,0,46526
800256,S,7104311,0,46462
800320,S,7104751,0,46398
800384,S,7105243,0,46334
800448,S,7105837,0,46270
800512,S,7106419,0,46206
800576,S,7106857,0,46142
800640,S,7107337,0,46078
800704,S,7107833,0,46014
800768,S,7108469,0,45950
800832,S,7108897,0,45886
800896,S,7109371,0,45822
800960,S,7109849,0,45758
801024,S,7110379,0,45694
801088,S,7110877,0,45630
801152,S,7111427,0,45566
801216,S,7111957,0,45502
801280,S,7112507,0,45438
801344,S,7113023,0,45374
801408,S,7113569,0,45310
801472,S,7113983,0,45246
801536,S,7114451,0,45182
801600,S,7114951,0,45118
801664,S,7115357,0,45054
801728,S,7115891,0,44990
801792,S,7116379,0,44926
801856,S,7116983,0,44862
801920,S,7117567,0,44798
801984,S,7118101,0,44734
802048,S,7118591,0,44670
802112,S,7119247,0,44606
802176,S,7119797,0,44542
802240,S,7120277,0,44478
802304,S,7120781,0,44414
802368,S,7121347,0,44350
802432,S,7121773,0,44286
802496,S,7122263,0,44222
802560,S,7122743,0,44158
802624,S,7123231,0,44094
802688,S,7123703,0,44030
802752,S,7124269,0,43966
802816,S,7124669,0,43902
802880,S,7125199,0,43838
802944,S,7125803,0,43774
803008,S,7126331,0,43710
803072,S,7126897,0,43646
803136,S,7127383,0,43582
803200,S,7127993,0,43518
803264,S,7128601,0,43454
803328,S,7129117,0,43390
803392,S,7129583,0,43326
803456,S,7130231,0,43262
803520,S,7130797,0,43198
803584,S,7131337,0,43134
803648,S,7131847,0,43070
803712,S,7132267,0,43006
803776,S,7132781,0,42942
803840,S,7133339,0,42878
803904,S,7133851,0,42814
803968,S,7134317,0,42750
804032,S,7134887,0,42686
804096,S,7135327,0,42622
804160,S,7135847,0,42558
804224,S,7136221,0,42494
804288,S,7136743,0,42430
804352,S,7137301,0,42366
804416,S,7137827,0,42302
804480,S,7138367,0,42238
804544,S,7138853,0,42174
804608,S,7139543,0,42110
804672,S,7140083,0,42046
804736,S,7140473,0,41982
804800,S,7140953,0,41918
804864,S,7141451,0,41854
804928,S,7141931,0,41790
804992,S,7142437,0,41726
805056,S,7142929,0,41662
805120,S,7143347,0,41598
805184,S,7143749,0,41534
805248,S,7144351,0,41470
805312,S,7144967,0,41406
805376,S,7145503,0,41342
805440,S,7145947,0,41278
805504,S,7146533,0,41214
805568,S,7146959,0,41150
805632,S,7147451,0,41086
805696,S,7147913,0,41022
805760,S,7148489,0,40958
805824,S,7149041,0,40894
805888,S,7149521,0,40830
805952,S,7149929,0,40766
806016,S,7150477,0,40702
806080,S,7150967,0,40638
806144,S,7151447,0,40574
806208,S,7151909,0,40510
806272,S,7152349,0,40446
806336,S,7152913,0,40382
806400,S,7153423,0,40318
806464,S,7153891,0,40254
806528,S,7154491,0,40190
806592,S,7155037,0,40126
806656,S,7155527,0,40062
806720,S,7156109,0,39998
806784,S,7156603,0,39934
806848,S,7157011,0,39870
806912,S,7157503,0,39806
806976,S,7158017,0,39742
807040,S,7158539,0,39678
807104,S,7158959,0,39614
807168,S,7159469,0,39550
807232,S,7159937,0,39486
807296,S,7160539,0,39422
807360,S,7161047,0,39358
807424,S,7161559,0,39294
807488,S,7162033,0,39230
807552,S,7162733,0,39166
807616,S,7163179,0,39102
807680,S,7163711,0,39038
807744,S,7164137,0,38974
807808,S,7164649,0,38910
807872,S,7165069,0,38846
807936,S,7165601,0,38782
808000,S,7166167,0,38718
808064,S,7166603,0,38654
808128,S,7167029,0,38590
808192,S,7167551,0,38526
808256,S,7168219,0,38462
808320,S,7168649,0,38398
808384,S,7169021,0,38334
808448,S,7169647,0,38270
808512,S,7170103,0,38206
808576,S,7170679,0,38142
808640,S,7171057,0,38078
808704,S,7171513,0,38014
808768,S,7172003,0,37950
808832,S,7172639,0,37886
808896,S,7173157,0,37822
808960,S,7173721,0,37758
809024,S,7174117,0,37694
809088,S,7174649,0,37630
809152,S,7175107,0,37566
809216,S,7175611,0,37502
809280,S,7176331,0,37438
809344,S,7177039,0,37374
809408,S,7177537,0,37310
809472,S,7178027,0,37246
809536,S,7178467,0,37182
809600,S,7178957,0,37118
809664,S,7179481,0,37054
809728,S,7179983,0,36990
809792,S,7180507,0,36926
809856,S,7180931,0,36862
809920,S,7181443,0,36798
809984,S,7181887,0,36734
810048,S,7182529,0,36670
810112,S,7183081,0,36606
810176,S,7183643,0,36542
810240,S,7184117,0,36478
810304,S,7184543,0,36414
810368,S,7185037,0,36350
810432,S,7185473,0,36286
810496,S,7186037,0,36222
810560,S,7186559,0,36158
810624,S,7187051,0,36094
810688,S,7187581,0,36030
810752,S,7188047,0,35966
810816,S,7188523,0,35902
810880,S,7189103,0,35838
810944,S,7189649,0,35774
811008,S,7190137,0,35710
811072,S,7190647,0,35646
811136,S,7191127,0,35582
811200,S,7191581,0,35518
811264,S,7192027,0,35454
811328,S,7192489,0,35390
811392,S,7193071,0,35326
811456,S,7193621,0,35262
811520,S,7194227,0,35198
811584,S,7194773,0,35134
811648,S,7195261,0,35070
811712,S,7195729,0,35006
811776,S,7196251,0,34942
811840,S,7196653,0,34878
811904,S,7197221,0,34814
811968,S,7197739,0,34750
812032,S,7198199,0,34686
812096,S,7198771,0,34622
812160,S,7199197,0,34558
812224,S,7199659,0,34494
812288,S,7200157,0,34430
812352,S,7200551,0,34366
812416,S,7201097,0,34302
812480,S,7201639,0,34238
812544,S,7202077,0,34174
812608,S,7202641,0,34110
812672,S,7203233,0,34046
812736,S,7203611,0,33982
812800,S,7204051,0,33918
812864,S,7204609,0,33854
812928,S,7205111,0,33790
812992,S,7205587,0,33726
813056,S,7206247,0,33662
813120,S,7206743,0,33598
813184,S,7207171,0,33534
813248,S,7207693,0,33470
813312,S,7208317,0,33406
813376,S,7208779,0,33342
813440,S,7209277,0,33278
813504,S,7209757,0,33214
813568,S,7210349,0,33150
813632,S,7210811,0,33086
813696,S,7211291,0,33022
813760,S,7211761,0,32958
813824,S,7212311,0,32894
813888,S,7212833,0,32830
813952,S,7213277,0,32766
814016,S,7213751,0,32702
814080,S,7214293,0,32638
814144,S,7214863,0,32574
814208,S,7215401,0,32510
814272,S,7215893,0,32446
814336,S,7216367,0,32382
814400,S,7216799,0,32318
814464,S,7217339,0,32254
814528,S,7217887,0,32190
814592,S,7218397,0,32126
814656,S,7218839,0,32062
814720,S,7219337,0,31998
814784,S,7219963,0,31934
814848,S,7220483,0,31870
814912,S,7220981,0,31806
814976,S,7221449,0,31742
815040,S,7221937,0,31678
815104,S,7222373,0,31614
815168,S,7222931,0,31550
815232,S,7223483,0,31486
815296,S,7223893,0,31422
815360,S,7224391,0,31358
815424,S,7224823,0,31294
815488,S,7225417,0,31230
815552,S,7225853,0,31166
815616,S,7226357,0,31102
815680,S,7226903,0,31038
815744,S,7227403,0,30974
815808,S,7227973,0,30910
815872,S,7228547,0,30846
815936,S,7228943,0,30782
816000,S,7229477,0,30718
816064,S,7230053,0,30654
816128,S,7230677,0,30590
816192,S,7231163,0,30526
816256,S,7231769,0,30462
816320,S,7232231,0,30398
816384,S,7232713,0,30334
816448,S,7233181,0,30270
816512,S,7233691,0,30206
816576,S,7234153,0,30142
816640,S,7234613,0,30078
816704,S,7235167,0,30014
816768,S,7235699,0,29950
816832,S,7236223,0,29886
816896,S,7236773,0,29822
816960,S,7237247,0,29758
817024,S,7237621,0,29694
817088,S,7238191,0,29630
817152,S,7238761,0,29566
817216,S,7239187,0,29502
817280,S,7239721,0,29438
817344,S,7240241,0,29374
817408,S,7240687,0,29310
817472,S,7241141,0,29246
817536,S,7241627,0,29182
817600,S,7242149,0,29118
817664,S,7242643,0,29054
817728,S,7243259,0,28990
817792,S,7243711,0,28926
817856,S,7244131,0,28862
817920,S,7244569,0,28798
817984,S,7245143,0,28734
818048,S,7245701,0,28670
818112,S,7246139,0,28606
818176,S,7246691,0,28542
818240,S,7247159,0,28478
818304,S,7247567,0,28414
818368,S,7248113,0,28350
818432,S,7248599,0,28286
818496,S,7249141,0,28222
818560,S,7249591,0,28158
818624,S,7250051,0,28094
818688,S,7250501,0,28030
818752,S,7251091,0,27966
818816,S,7251721,0,27902
818880,S,7252087,0,27838
818944,S,7252649,0,27774
819008,S,7253189,0,27710
819072,S,7253669,0,27646
819136,S,7254133,0,27582
819200,S,7254617,0,27518
819264,S,7255151,0,27454
819328,S,7255723,0,27390
819392,S,7256203,0,27326
819456,S,7256719,0,27262
819520,S,7257281,0,27198
819584,S,7257821,0,27134
819648,S,7258319,0,27070
819712,S,7258921,0,27006
819776,S,7259489,0,26942
819840,S,7259971,0,26878
819904,S,7260373,0,26814
819968,S,7260797,0,26750
820032,S,7261357,0,26686
820096,S,7261801,0,26622
820160,S,7262309,0,26558
820224,S,7262837,0,26494
820288,S,7263323,0,26430
820352,S,7263749,0,26366
820416,S,7264217,0,26302
820480,S,7264727,0,26238
820544,S,7265231,0,26174
820608,S,7265729,0,26110
820672,S,7266197,0,26046
820736,S,7266817,0,25982
820800,S,7267213,0,25918
820864,S,7267639,0,25854
820928,S,7268267,0,25790
820992,S,7268783,0,25726
821056,S,7269293,0,25662
821120,S,7269853,0,25598
821184,S,7270421,0,25534
821248,S,7270871,0,25470
821312,S,7271479,0,25406
821376,S,7271897,0,25342
821440,S,7272367,0,25278
821504,S,7272791,0,25214
821568,S,7273289,0,25150
821632,S,7273811,0,25086
821696,S,7274291,0,25022
821760,S,7274789,0,24958
821824,S,7275361,0,24894
821888,S,7275757,0,24830
821952,S,7276177,0,24766
822016,S,7276777,0,24702
822080,S,7277317,0,24638
822144,S,7277737,0,24574
822208,S,7278239,0,24510
822272,S,7278779,0,24446
822336,S,7279273,0,24382
822400,S,7279817,0,24318
822464,S,7280323,0,24254
822528,S,7280869,0,24190
822592,S,7281473,0,24126
822656,S,7282003,0,24062
822720,S,7282463,0,23998
822784,S,7282883,0,23934
822848,S,7283443,0,23870
822912,S,7283891,0,23806
822976,S,7284413,0,23742
823040,S,7285001,0,23678
823104,S,7285529,0,23614
823168,S,7285981,0,23550
823232,S,7286483,0,23486
823296,S,7287043,0,23422
823360,S,7287569,0,23358
823424,S,7288051,0,23294
823488,S,7288499,0,23230
823552,S,7288909,0,23166
823616,S,7289363,0,23102
823680,S,7289857,0,23038
823744,S,7290391,0,22974
823808,S,7290893,0,22910
823872,S,7291367,0,22846
823936,S,7291901,0,22782
824000,S,7292279,0,22718
824064,S,7292797,0,22654
824128,S,7293353,0,22590
824192,S,7293763,0,22526
824256,S,7294361,0,22462
824320,S,7294913,0,22398
824384,S,7295471,0,22334
824448,S,7295963,0,22270
824512,S,7296403,0,22206
824576,S,7296841,0,22142
824640,S,7297291,0,22078
824704,S,7297867,0,22014
824768,S,7298387,0,21950
824832,S,7298911,0,21886
824896,S,7299431,0,21822
824960,S,7300001,0,21758
825024,S,7300481,0,21694
825088,S,7301137,0,21630
825152,S,7301621,0,21566
825216,S,7302103,0,21502
825280,S,7302667,0,21438
825344,S,7303133,0,21374
825408,S,7303687,0,21310
825472,S,7304131,0,21246
825536,S,7304653,0,21182
825600,S,7305239,0,21118
825664,S,7305607,0,21054
825728,S,7306121,0,20990
825792,S,7306687,0,20926
825856,S,7307207,0,20862
825920,S,7307659,0,20798
825984,S,7308137,0,20734
826048,S,7308643,0,20670
826112,S,7309117,0,20606
826176,S,7309639,0,20542
826240,S,7310197,0,20478
826304,S,7310707,0,20414
826368,S,7311259,0,20350
826432,S,7311859,0,20286
826496,S,7312339,0,20222
826560,S,7312909,0,20158
826624,S,7313459,0,20094
826688,S,7313983,0,20030
826752,S,7314547,0,19966
826816,S,7314953,0,19902
826880,S,7315487,0,19838
826944,S,7315951,0,19774
827008,S,7316371,0,19710
827072,S,7316791,0,19646
827136,S,7317143,0,19582
827200,S,7317659,0,19518
827264,S,7318273,0,19454
827328,S,7318849,0,19390
827392,S,7319321,0,19326
827456,S,7319863,0,19262
827520,S,7320317,0,19198
827584,S,7320799,0,19134
827648,S,7321189,0,19070
827712,S,7321753,0,19006
827776,S,7322299,0,18942
827840,S,7322873,0,18878
827904,S,7323391,0,18814
827968,S,7323919,0,18750
828032,S,7324417,0,18686
828096,S,7324817,0,18622
828160,S,7325363,0,18558
828224,S,7325807,0,18494
828288,S,7326317,0,18430
828352,S,7326901,0,18366
828416,S,7327403,0,18302
828480,S,7327909,0,18238
828544,S,7328401,0,18174
828608,S,7328843,0,18110
828672,S,7329263,0,18046
828736,S,7329899,0,17982
828800,S,7330481,0,17918
828864,S,7331011,0,17854
828928,S,7331453,0,17790
828992,S,7332023,0,17726
829056,S,7332511,0,17662
829120,S,7333043,0,17598
829184,S,7333493,0,17534
829248,S,7334077,0,17470
829312,S,7334581,0,17406
829376,S,7335061,0,17342
829440,S,7335533,0,17278
829504,S,7335941,0,17214
829568,S,7336457,0,17150
829632,S,7336963,0,17086
829696,S,7337651,0,17022
829760,S,7338119,0,16958
829824,S,7338787,0,16894
829888,S,7339313,0,16830
829952,S,7339769,0,16766
830016,S,7340269,0,16702
830080,S,7340813,0,16638
830144,S,7341359,0,16574
830208,S,7341907,0,16510
830272,S,7342301,0,16446
830336,S,7342817,0,16382
830400,S,7343381,0,16318
830464,S,7343981,0,16254
830528,S,7344577,0,16190
830592,S,7345067,0,16126
830656,S,7345501,0,16062
830720,S,7346107,0,15998
830784,S,7346623,0,15934
830848,S,7347139,0,15870
830912,S,7347601,0,15806
830976,S,7348157,0,15742
831040,S,7348577,0,15678
831104,S,7348987,0,15614
831168,S,7349513,0,15550
831232,S,7350107,0,15486
831296,S,7350611,0,15422
831360,S,7351147,0,15358
831424,S,7351637,0,15294
831488,S,7352099,0,15230
831552,S,7352599,0,15166
831616,S,7353079,0,15102
831680,S,7353527,0,15038
831744,S,7354133,0,14974
831808,S,7354559,0,14910
831872,S,7355039,0,14846
831936,S,7355507,0,14782
832000,S,7356023,0,14718
832064,S,7356469,0,14654
832128,S,7356977,0,14590
832192,S,7357463,0,14526
832256,S,7357993,0,14462
832320,S,7358389,0,14398
832384,S,7358987,0,14334
832448,S,7359581,0,14270
832512,S,7360091,0,14206
832576,S,7360673,0,14142
832640,S,7361069,0,14078
832704,S,7361441,0,14014
832768,S,7361953,0,13950
832832,S,7362463,0,13886
832896,S,7363049,0,13822
832960,S,7363579,0,13758
833024,S,7364041,0,13694
833088,S,7364611,0,13630
833152,S,7365133,0,13566
833216,S,7365637,0,13502
833280,S,7366147,0,13438
833344,S,7366603,0,13374
833408,S,7367011,0,13310
833472,S,7367489,0,13246
833536,S,7368077,0,13182
833600,S,7368583,0,13118
833664,S,7369051,0,13054
833728,S,7369447,0,12990
833792,S,7370003,0,12926
833856,S,7370543,0,12862
833920,S,7371163,0,12798
833984,S,7371697,0,12734
834048,S,7372163,0,12670
834112,S,7372837,0,12606
834176,S,7373251,0,12542
834240,S,7373659,0,12478
834304,S,7374163,0,12414
834368,S,7374611,0,12350
834432,S,7375037,0,12286
834496,S,7375583,0,12222
834560,S,7376069,0,12158
834624,S,7376497,0,12094
834688,S,7377077,0,12030
834752,S,7377583,0,11966
834816,S,7378079,0,11902
834880,S,7378513,0,11838
834944,S,7378981,0,11774
835008,S,7379461,0,11710
835072,S,7380089,0,11646
835136,S,7380517,0,11582
835200,S,7380931,0,11518
835264,S,7381607,0,11454
835328,S,7382047,0,11390
835392,S,7382561,0,11326
835456,S,7383011,0,11262
835520,S,7383421,0,11198
835584,S,7383863,0,11134
835648,S,7384451,0,11070
835712,S,7385009,0,11006
835776,S,7385519,0,10942
835840,S,7386031,0,10878
835904,S,7386641,0,10814
835968,S,7387187,0,10750
836032,S,7387871,0,10686
836096,S,7388363,0,10622
836160,S,7388803,0,10558
836224,S,7389257,0,10494
836288,S,7389787,0,10430
836352,S,7390289,0,10366
836416,S,7390771,0,10302
836480,S,7391291,0,10238
836544,S,7391863,0,10174
836608,S,7392373,0,10110
836672,S,7393003,0,10046
836736,S,7393471,0,9982
836800,S,7394029,0,9918
836864,S,7394533,0,9854
836928,S,7395043,0,9790
836992,S,7395569,0,9726
837056,S,7396021,0,9662
837120,S,7396577,0,9598
837184,S,7397009,0,9534
837248,S,7397539,0,9470
837312,S,7398067,0,9406
837376,S,7398583,0,9342
837440,S,7399103,0,9278
837504,S,7399661,0,9214
837568,S,7400147,0,9150
837632,S,7400621,0,9086
837696,S,7401131,0,9022
837760,S,7401617,0,8958
837824,S,7402051,0,8894
837888,S,7402649,0,8830
837952,S,7403131,0,8766
838016,S,7403629,0,8702
838080,S,7404223,0,8638
838144,S,7404757,0,8574
838208,S,7405369,0,8510
838272,S,7405861,0,8446
838336,S,7406383,0,8382
838400,S,7406899,0,8318
838464,S,7407307,0,8254
838528,S,7407797,0,8190
838592,S,7408321,0,8126
838656,S,7408931,0,8062
838720,S,7409407,0,7998
838784,S,7409917,0,7934
838848,S,7410413,0,7870
838912,S,7410889,0,7806
838976,S,7411423,0,7742
839040,S,7412057,0,7678
839104,S,7412557,0,7614
839168,S,7413011,0,7550
839232,S,7413463,0,7486
839296,S,7413979,0,7422
839360,S,7414417,0,7358
839424,S,7414853,0,7294
839488,S,7415321,0,7230
839552,S,7415773,0,7166
839616,S,7416229,0,7102
839680,S,7416839,0,7038
839744,S,7417357,0,6974
839808,S,7417859,0,6910
839872,S,7418473,0,6846
839936,S,7418941,0,6782
840000,S,7419383,0,6718
840064,S,7419913,0,6654
840128,S,7420363,0,6590
840192,S,7420753,0,6526
840256,S,7421329,0,6462
840320,S,7421963,0,6398
840384,S,7422391,0,6334
840448,S,7422949,0,6270
840512,S,7423417,0,6206
840576,S,7423921,0,6142
840640,S,7424533,0,6078
840704,S,7425043,0,6014
840768,S,7425529,0,5950
840832,S,7425959,0,5886
840896,S,7426361,0,5822
840960,S,7426817,0,5758
841024,S,7427447,0,5694
841088,S,7427957,0,5630
841152,S,7428457,0,5566
841216,S,7428929,0,5502
841280,S,7429451,0,5438
841344,S,7430041,0,5374
841408,S,7430447,0,5310
841472,S,7430987,0,5246
841536,S,7431491,0,5182
841600,S,7431923,0,5118
841664,S,7432457,0,5054
841728,S,7432973,0,4990
841792,S,7433441,0,4926
841856,S,7433957,0,4862
841920,S,7434499,0,4798
841984,S,7435013,0,4734
842048,S,7435471,0,4670
842112,S,7435933,0,4606
842176,S,7436423,0,4542
842240,S,7437071,0,4478
842304,S,7437587,0,4414
842368,S,7438217,0,4350
842432,S,7438663,0,4286
842496,S,7439147,0,4222
842560,S,7439639,0,4158
842624,S,7440113,0,4094
842688,S,7440689,0,4030
842752,S,7441153,0,3966
842816,S,7441639,0,3902
842880,S,7442117,0,3838
842944,S,7442657,0,3774
843008,S,7443109,0,3710
843072,S,7443539,0,3646
843136,S,7444159,0,3582
843200,S,7444529,0,3518
843264,S,7444949,0,3454
843328,S,7445519,0,3390
843392,S,7445993,0,3326
843456,S,7446463,0,3262
843520,S,7447051,0,3198
843584,S,7447493,0,3134
843648,S,7447961,0,3070
843712,S,7448471,0,3006
843776,S,7448813,0,2942
843840,S,7449313,0,2878
843904,S,7449847,0,2814
843968,S,7450349,0,2750
844032,S,7450897,0,2686
844096,S,7451441,0,2622
844160,S,7451957,0,2558
844224,S,7452457,0,2494
844288,S,7452901,0,2430
844352,S,7453477,0,2366
844416,S,7454053,0,2302
844480,S,7454533,0,2238
844544,S,7455083,0,2174
844608,S,7455659,0,2110
844672,S,7456177,0,2046
844736,S,7456609,0,1982
844800,S,7457137,0,1918
844864,S,7457687,0,1854
844928,S,7458173,0,1790
844992,S,7458667,0,1726
845056,S,7459181,0,1662
845120,S,7459709,0,1598
845184,S,7460251,0,1534
845248,S,7460771,0,1470
845312,S,7461299,0,1406
845376,S,7461983,0,1342
845440,S,7462589,0,1278
845504,S,7463021,0,1214
845568,S,7463497,0,1150
845632,S,7463957,0,1086
845696,S,7464533,0,1022
845760,S,7465013,0,958
845824,S,7465511,0,894
845888,S,7466149,0,830
845952,S,7466671,0,766
846016,S,7467151,0,702
846080,S,7467793,0,638
846144,S,7468229,0,574
846208,S,7468759,0,510
846272,S,7469207,0,446
846336,S,7469789,0,382
846400,S,7470257,0,318
846464,S,7470761,0,254
846528,S,7471309,0,190
846592,S,7471913,0,126
846656,S,7472431,0,62
